"book_id","author","title","genre","publisher","published_date","description","image_url"
"1","조앤 케이 롤링","해리 포터와 마법사의 돌","판타지","문학수첩","2025-01-15","해리가 호그와트에 입학해 마법 세계와 자신의 운명을 처음 마주하는 이야기.","https://contents.kyobobook.co.kr/sih/fit-in/600x0/pdt/9791193790656.jpg"
"2","조앤 케이 롤링","해리 포터와 비밀의 방","판타지","문학수첩","2025-01-17","호그와트의 비밀의 방이 열리며 해리와 친구들이 학교를 위협하는 존재를 추적하는 이야기.","https://contents.kyobobook.co.kr/sih/fit-in/600x0/pdt/9791193790663.jpg"
"3","조앤 케이 롤링","해리 포터와 아즈카반의 죄수","판타지","문학수첩","2025-02-12","아즈카반을 탈옥한 시리우스 블랙과 해리의 과거에 얽힌 진실이 밝혀지는 이야기.","https://contents.kyobobook.co.kr/sih/fit-in/600x0/pdt/9791193790670.jpg"
"4","조앤 케이 롤링","해리 포터와 불의 잔","판타지","문학수첩","2025-10-14","트라이위저드 대회에 뜻밖에 참가한 해리가 위험한 과제와 어둠의 귀환에 맞서는 이야기.","https://contents.kyobobook.co.kr/sih/fit-in/600x0/pdt/9791193790960.jpg"
"5","조앤 케이 롤링","해리 포터와 불사조 기사단","판타지","문학수첩","2022-10-31","마법 정부의 억압 속에서 해리와 친구들이 덤블도어의 군대를 조직해 저항하는 이야기.","https://contents.kyobobook.co.kr/sih/fit-in/600x0/pdt/9788983921956.jpg"
"6","조앤 케이 롤링","해리 포터와 혼혈 왕자","판타지","포터모어","2024-11-28","덤블도어와 해리가 볼드모트의 과거와 호크룩스의 비밀을 파헤치는 이야기.","https://contents.kyobobook.co.kr/sih/fit-in/600x0/pdt/450D000235800.jpg"
"7","조앤 케이 롤링","해리 포터와 죽음의 성물","판타지","포터모어","2024-11-28","해리와 친구들이 마지막 호크룩스를 찾아 나서며 볼드모트와 최후의 전투를 벌이는 이야기.","https://contents.kyobobook.co.kr/sih/fit-in/600x0/pdt/450D000235802.jpg"
"8","앨러산드라 토레","고스트 라이터","소설","미래지향","2022-11-11","4년 전, 헬레나는 경찰과 그녀의 친구들 그리고 가족 앞에서 그녀 인생 최고의 거짓 이야기를 꾸며냈다.","https://contents.kyobobook.co.kr/sih/fit-in/600x0/pdt/9791185851211.jpg"
"9","우케쓰","이상한 그림","소설","북다","2023-07-24","◆ 일본 서점 종합 베스트셀러 1위 ◆ 현지 판매 45만 부 돌파 ◆ 아마존재팬 평점 평균 4.7(리뷰 4,000여 개) ◆ 오키나와 서점대상 단 두 권으로 일본 문학계를 뒤흔든 이상한 작가 우케쓰의 “신개념…","https://contents.kyobobook.co.kr/sih/fit-in/600x0/pdt/9791170610182.jpg"
"10","윤자명","조선의 베스트셀러, 필복전","소설","밝은미래","2022-03-30","이 책은 2021년도 아르코문학창작기금 수상작이다.","https://contents.kyobobook.co.kr/sih/fit-in/600x0/pdt/9788965465065.jpg"
"11","엘자 드베르누아","우리의 베스트셀러","소설","바람의아이들","2022-06-24","작가가 되고 싶은 십대 소녀가 있다. 작가가 되어 누릴 부와 명예, 인기를 꿈꾼다기보다는 현재의 갑갑한 일상을 견딜 수 있고 자신을 좀 더 사랑할 수 있기 때문에 글쓰기를 좋아한다.","https://contents.kyobobook.co.kr/sih/fit-in/600x0/pdt/9791162101810.jpg"
"12","최인서","한국사 이상현상 연구원(일반판)","소설","다이브","2026-08-31","국가가 ‘사적’이라는 이름으로 보존한 장소에서, 정작 역사에 남지 못한 사람들의 목소리가 들려오기 시작한다.","https://contents.kyobobook.co.kr/sih/fit-in/600x0/pdt/9791124137635.jpg"
"13","김초엽","태양 아래 올리브","소설","자이언트북스","2026-08-03","『지구 끝의 온실』과 『파견자들』에서 낯선 세계를 열고 인간과 비인간의 경계를 탐색해온 김초엽이 세 번째 장편소설 『태양 아래 올리브』로 돌아왔다.","https://contents.kyobobook.co.kr/sih/fit-in/600x0/pdt/9791191824582.jpg"
"14","박상영","지푸라기 왕관을 쓴 여자","소설","래빗홀","2026-07-22","“박상영이 칼을 뽑았다” - 김은희(드라마 작가) “이 소설의 사랑은 망해도 너무 망했다” - 심은경(배우) 소설가 박상영이 데뷔 10년 차인 2026년 장편소설 《지푸라기 왕관을 쓴 여자》를 선보인다.","https://contents.kyobobook.co.kr/sih/fit-in/600x0/pdt/9791168344044.jpg"
"15","백희성","기억의 무늬","소설","북로망스","2026-08-05","“이 책을 읽고 나면 당신 곁의 빛바랜 사물들이 완전히 새로워 보일 것이다.” 베스트셀러 『빛이 이끄는 곳으로』 이후 2년 만의 신작!","https://contents.kyobobook.co.kr/sih/fit-in/600x0/pdt/9791124038604.jpg"
"16","정지아","찌니주의보","소설","창비","2026-08-17","한국현대사의 굵은 상흔을 남도의 구수한 입말과 뜨거운 인간애로 풀어내며 40만 독자의 마음을 사로잡은 『아버지의 해방일지』(창비 2022).","https://contents.kyobobook.co.kr/sih/fit-in/600x0/pdt/9788936439996.jpg"
"17","유래혁","수족관","소설","포스터샵","2024-01-11","소설 ‘수족관’은 보육 시설에서 자라난 인물 ‘류이치’가, 먼저 보육 시설에서 도망쳐나온 인물 ‘아카리’를 만나 겪게 되는 일들을 그려낸다.","https://contents.kyobobook.co.kr/sih/fit-in/600x0/pdt/9791198547514.jpg"
"18","박솔뫼","이효석문학상 수상작품집 2026","소설","북다","2026-08-18","지금 한국문학의 근경과 원경을 동시에 펼쳐 보이는 『이효석문학상 수상작품집 2026』이 새로운 표지와 구성으로 독자들을 찾아왔다.","https://contents.kyobobook.co.kr/sih/fit-in/600x0/pdt/9791170614135.jpg"
"19","김혜영","빵충 사육 준수 사항","소설","안전가옥","2026-07-22","김혜영의 장편소설 『빵충 사육 준수 사항』이 안전가옥 오리지널로 출간되었다.","https://contents.kyobobook.co.kr/sih/fit-in/600x0/pdt/9791194891178.jpg"
"20","장강명","서성이다","소설","현대문학","2026-08-05","당대 한국 문학의 가장 현대적이면서도 첨예한 작가들을 선정, 신작 시와 소설을 수록하는 월간 『현대문학』의 특집 지면 〈현대문학 핀 시리즈〉의 쉰아홉 번째 소설선 장강명의 『서성이다』가 출간되었다.","https://contents.kyobobook.co.kr/sih/fit-in/600x0/pdt/9791167903792.jpg"
"21","이미륵","압록강은 흐른다","소설","민음사","2026-06-12","정작 우리는 몰랐던 월드클래스 민음사 세계문학전집이 출간 28년 만에 500번을 선보인다.","https://contents.kyobobook.co.kr/sih/fit-in/600x0/pdt/9788937465000.jpg"
"22","성해나","인비인","소설","한겨레출판","2026-06-19","“죄를 덮은 자리에는 꺼슬꺼슬한 흔적이 남는 법이다.” 죄의 흔적이 새겨진 벚나무 책상, 실험실에서 태어난 잿빛 덩어리, 타인의 삶을 헐값에 사고파는 경매장, 인간보다 더 인간 같은 요기 서린 기계…… 어제의…","https://contents.kyobobook.co.kr/sih/fit-in/600x0/pdt/9791172134297.jpg"
"23","청예","주와 연","소설","래빗홀","2026-06-24","한국과학문학상 대상, K-스토리 공모전 2회 연속 최우수상, 교보문고 스토리 공모전 우수상 등 2021년 활동 시작 이래 각종 공모전에서 두각을 드러내온 청예의 신작 장편소설 《주와 연》이 출간되었다.","https://contents.kyobobook.co.kr/sih/fit-in/600x0/pdt/9791168343887.jpg"
"24","김영민","인생의 단맛을 보여주마","소설","김영사","2026-07-31","‘칼럼계의 아이돌’이자 ‘문장가들의 문장가’로 불려온 서울대 김영민 교수가 첫 소설집 《인생의 단맛을 보여주마》로 소설가로서 첫발을 내디뎠다.","https://contents.kyobobook.co.kr/sih/fit-in/600x0/pdt/9791173327377.jpg"
"25","은희경","시간의 감촉","소설","문학동네","2026-06-22","성격도 외양도 너무 다른 자매 안나와 경선.","https://contents.kyobobook.co.kr/sih/fit-in/600x0/pdt/9791141617226.jpg"
"26","황보름","윗집 부부","소설","클레이하우스","2026-06-24","첫 장편소설 『어서 오세요, 휴남동 서점입니다』로 전 세계 100만 부 판매 돌파라는 경이로운 성과를 거둔 소설가 황보름의 두 번째 장편소설 『윗집 부부』가 클레이하우스에서 출간된다.","https://contents.kyobobook.co.kr/sih/fit-in/600x0/pdt/9791193235966.jpg"
"27","김화진","악마는 열심히 산다","소설","민음사","2026-06-19","“악마는…… 전능하단다.” 손바닥만큼 작은 몸, 화살표 꼬리, 길고 뾰족한 송곳니 어느 날 내 앞에 악마가 나타나 소원을 물어본다면?","https://contents.kyobobook.co.kr/sih/fit-in/600x0/pdt/9788937477478.jpg"
"28","천명관","아코디언","소설","창비","2026-06-22","10년의 기다림을 깨고, 마침내 천명관의 거대한 서사가 다시 맹렬하게 펄떡이기 시작한다.","https://contents.kyobobook.co.kr/sih/fit-in/600x0/pdt/9788936439965.jpg"
"29","장용민","귀신나방","소설","재담","2026-07-31","지난 5월부터 SNS에서 ‘지금까지 읽은 책 중 가장 도파민 터지는 미스터리 소설’로 소개한 후 화제가 된 장용민 작가의 『귀신나방』(2018년작).","https://contents.kyobobook.co.kr/sih/fit-in/600x0/pdt/9791127562632.jpg"
"30","정보라","이름 없는 것들의 밤","소설","현대문학","2026-07-15","〈부커상〉 〈로커스상〉 〈어슐러 K. 르 귄상〉 최종 후보 정보라 작가가 선보이는 디스토피아 SF!","https://contents.kyobobook.co.kr/sih/fit-in/600x0/pdt/9791167903754.jpg"
"31","이우혁","신 퇴마록 신세편 1","소설","반타","2026-06-23","무려 1,000만 부 누적 판매라는 유례없는 기록을 보유한 K-오컬트의 바이블, 『퇴마록』의 새로운 장이 열린다.","https://contents.kyobobook.co.kr/sih/fit-in/600x0/pdt/9791175773370.jpg"
"32","양귀자","모순","소설","쓰다","2013-04-01","양귀자 소설의 힘을 보여준 베스트셀러 『모순』.","https://contents.kyobobook.co.kr/sih/fit-in/600x0/pdt/9788998441012.jpg"
"33","편혜영","새들의 사회성","소설","문학동네","2026-07-31","편혜영 작가가 그간의 작품세계를 경신하는 매력적이고도 완성도 높은 새 소설집 『새들의 사회성』으로 우리를 찾아왔다.","https://contents.kyobobook.co.kr/sih/fit-in/600x0/pdt/9791141617776.jpg"
"34","정해연","내가 죽였다","소설","반타","2026-06-18","《내가 죽였다》는 7년 전 저지른 범행을 스스로 자백한 노인이 그날 밤 의문사하면서 시작되는 미스터리다.","https://contents.kyobobook.co.kr/sih/fit-in/600x0/pdt/9791175773424.jpg"
"35","이우혁","신 퇴마록 신세편 2","소설","반타","2026-06-23","무려 1,000만 부 누적 판매라는 유례없는 기록을 보유한 K-오컬트의 바이블, 『퇴마록』의 새로운 장이 열린다.","https://contents.kyobobook.co.kr/sih/fit-in/600x0/pdt/9791175773387.jpg"
"36","임선우","지상의 밤","소설","문학동네","2026-06-22","『유령의 마음으로』 『0000』 등 그간 자신만의 독특한 소설세계를 만들어내며 탄탄한 팬덤을 형성한 임선우가 문학동네에서 세번째 소설집 『지상의 밤』을 펴낸다.","https://contents.kyobobook.co.kr/sih/fit-in/600x0/pdt/9791141603359.jpg"
"37","이우혁","신 퇴마록 신세편 3","소설","반타","2026-06-23","무려 1,000만 부 누적 판매라는 유례없는 기록을 보유한 K-오컬트의 바이블, 『퇴마록』의 새로운 장이 열린다.","https://contents.kyobobook.co.kr/sih/fit-in/600x0/pdt/9791175773394.jpg"
"38","구병모","절창(화이트 에디션)","소설","문학동네","2025-09-17","출간 1년이 가까워지도록 『절창』을 향한 관심과 사랑은 처음처럼 뜨겁다.","https://contents.kyobobook.co.kr/sih/fit-in/600x0/pdt/9791141602451.jpg"
"39","진성림","그리고 다시, 우리","소설","지식과감성","2026-08-01","《그리고 다시, 우리》는 사랑이 끝난 뒤에도 끝내 사라지지 않는 마음과, 서로 다른 선택 앞에서 흔들리는 사람들의 삶을 그린 메디컬 로맨스 소설이다.","https://contents.kyobobook.co.kr/sih/fit-in/600x0/pdt/9791139233803.jpg"
"40","한로로","자몽살구클럽","소설","어센틱","2025-07-25","〈자몽살구클럽〉은 싱어송라이터 한로로가 발매할 세 번째 EP 음악 앨범과 연결된 동명의 소설이다.","https://contents.kyobobook.co.kr/sih/fit-in/600x0/pdt/9791199305304.jpg"
"41","손원평","아몬드(청소년)","소설","다즐링","2023-07-14","2017년 처음 출간된 이래 국내 종이책 기준 100만 부 판매를 기록한 베스트셀러이자 스테디 셀러 『아몬드』가 절판기간을 거쳐 재출간된다.","https://contents.kyobobook.co.kr/sih/fit-in/600x0/pdt/9791198363503.jpg"
"42","정대건","급류","소설","민음사","2022-12-22","2020년 《한경신춘문예》에 장편소설 『GV 빌런 고태경』이 당선되어 작품 활동을 시작한 소설가 정대건의 두 번째 장편소설 『급류』가 오늘의 젊은 작가 시리즈 40번으로 출간되었다.","https://contents.kyobobook.co.kr/sih/fit-in/600x0/pdt/9788937473401.jpg"
"43","김승옥","무진기행","소설","민음사","2007-08-03","근대인의 일상과 탈일상을 감각적으로 표현해 내면서 1960년대 문학에 '감수성의 혁명'을 일으킨 김승옥 대표작 모음집.","https://contents.kyobobook.co.kr/sih/fit-in/600x0/pdt/9788937461491.jpg"
"44","성해나","혼모노","소설","창비","2025-03-28","2024·2025 젊은작가상, 2024 이효석문학상 우수작품상 수상작 수록 작품마다 치밀한 취재와 정교한 구성을 바탕으로 한 개성적인 캐릭터와 강렬하고도 서늘한 서사로 평단과 독자의 주목을 고루 받으며 새로운…","https://contents.kyobobook.co.kr/sih/fit-in/600x0/pdt/9788936439743.jpg"
"45","한강","소년이 온다","소설","창비","2014-05-19","2014년 만해문학상, 2017년 이탈리아 말라파르테 문학상을 수상하고 전세계 20여개국에 번역 출간되며 세계를 사로잡은 우리 시대의 소설 『소년이 온다』.","https://contents.kyobobook.co.kr/sih/fit-in/600x0/pdt/9788936434120.jpg"
"46","정해연","홍학의 자리","소설","엘릭시르","2021-07-26","10년 가까이 스릴러 장르에 매진하며 장편 단편 할 것 없이 독자들의 눈길을 사로잡는 작품을 발표한 정해연 작가의 신작이 엘릭시르에서 출간됐다.","https://contents.kyobobook.co.kr/sih/fit-in/600x0/pdt/9788954681155.jpg"
"47","정지아","아버지의 해방일지","소설","창비","2022-09-02","김유정문학상 심훈문학대상 이효석문학상 등을 수상하며 문학성을 두루 입증받은 ‘리얼리스트’ 정지아가 무려 32년 만에 장편소설을 발표했다.","https://contents.kyobobook.co.kr/sih/fit-in/600x0/pdt/9788936438838.jpg"
"48","천선란","천 개의 파랑","소설","허블","2020-08-19","오늘날 전 세계 독자가 사랑하는 “우리의 가장 따듯한 SF” 천선란 작가는 2019년 장편소설 『무너진 다리』를 출간하며 데뷔했으며, 『천 개의 파랑』으로 제4회 한국과학문학상 장편 대상을 수상하며 본격적으로…","https://contents.kyobobook.co.kr/sih/fit-in/600x0/pdt/9791190090261.jpg"
"49","피천득","악수도 없이 헤어졌다","소설","민음사","2025-12-12","깨끗한 문장으로 작은 것들에 대한 사랑을 노래한 작가, 한국 수필에 미학적 기준을 세운 피천득 산문집 피천득 수필집 『악수도 없이 헤어졌다』가 민음사 세계문학전집으로 출간되었다.","https://contents.kyobobook.co.kr/sih/fit-in/600x0/pdt/9788937464690.jpg"
"50","유은실","순례 주택","소설","비룡소","2023-08-24","한국어린이도서상, IBBY 어너리스트 수상작가 유은실의 신작 청소년 소설『순례 주택』.","https://contents.kyobobook.co.kr/sih/fit-in/600x0/pdt/9788949123493.jpg"
"51","김초엽","우리가 빛의 속도로 갈 수 없다면","소설","허블","2019-06-24","과학도였던 김초엽 작가는 2017년 「관내분실」로 제2회 한국과학문학상 중단편 대상을, 「우리가 빛의 속도로 갈 수 없다면」으로 가작을 수상하며 작품 활동을 시작했다.","https://contents.kyobobook.co.kr/sih/fit-in/600x0/pdt/9791190090018.jpg"
"52","김호연","불편한 편의점(벚꽃 에디션)","소설","나무옆의자","2021-04-20","2013년 세계문학상 우수상 수상작 『망원동 브라더스』로 데뷔한 후 일상적 현실을 위트 있게 그린 경쾌한 작품과 인간의 내밀한 욕망을 기발한 상상력으로 풀어낸 스릴러 장르를 오가며 독자적인 작품 세계를 쌓아올린…","https://contents.kyobobook.co.kr/sih/fit-in/600x0/pdt/9791161571188.jpg"
"53","천명관","고래","소설","문학동네","2014-04-16","제10회 문학동네소설상 수상자인 천명관의 '특별한' 장편소설.","https://contents.kyobobook.co.kr/sih/fit-in/600x0/pdt/9788982819278.jpg"
"54","이꽃님","죽이고 싶은 아이","소설","우리학교","2021-06-07","십 대들의 외롭고 불안한 내면을 따뜻하게 어루만져 주는 작품으로 주목받아 온 이꽃님 작가가 결말을 예측할 수 없는, 놀랍도록 흡인력 있는 작품으로 돌아왔다.","https://contents.kyobobook.co.kr/sih/fit-in/600x0/pdt/9791190337755.jpg"
"55","한강","작별하지 않는다","소설","문학동네","2021-09-09","2016년 『채식주의자』로 인터내셔널 부커상을 수상하고 2018년 『흰』으로 같은 상 최종 후보에 오른 한강 작가의 5년 만의 신작 장편소설 『작별하지 않는다』가 출간되었다.","https://contents.kyobobook.co.kr/sih/fit-in/600x0/pdt/9788954682152.jpg"
"56","김애란","바깥은 여름","소설","문학동네","2017-06-28","김애란이 돌아왔다. 작가생활 15년간 끊임없이 자신을 경신해오며, 지금 우리가 발 딛고 서 있는 곳의 이야기를 우리의 언어로 들었을 때 느끼게 되는 친밀감과 반가움, 그 각별한 체험을 선사해온 저자가 《비행운》…","https://contents.kyobobook.co.kr/sih/fit-in/600x0/pdt/9788954646079.jpg"
"57","황영미","체리새우: 비밀글입니다","소설","문학동네","2019-01-28","문학동네청소년문학상이 9회를 맞았다. 제1회 수상작 『불량 가족 레시피』부터 지난해 『세계를 건너 너에게 갈게』에 이르기까지, 오늘날 청소년들과 호흡하는 소설을 폭넓게 발굴해 온 문학동네청소년문학상 공모전의 아홉…","https://contents.kyobobook.co.kr/sih/fit-in/600x0/pdt/9788954654753.jpg"
"58","이꽃님","세계를 건너 너에게 갈게","소설","문학동네","2021-09-24","산 자와 죽은 자 사이에 시공간을 건너뛰며 이어지는 편지 형식의 서사와 따뜻하고 아름다운 결말.","https://contents.kyobobook.co.kr/sih/fit-in/600x0/pdt/9788954650212.jpg"
"59","백은별","시한부","소설","바른북스","2024-01-23","신예 작가 백은별의 성장 소설 『시한부』는 우울과 방황의 경계에 선 사춘기 청소년을 섬세하게 그려낸다.","https://contents.kyobobook.co.kr/sih/fit-in/600x0/pdt/9791193647646.jpg"
"60","김채원","제17회 젊은작가상 수상작품집(2026)","소설","문학동네","2026-03-31","한국문학의 미래와 함께하고자 2010년 제정된 젊은작가상이 올해로 17회를 맞이했다.","https://contents.kyobobook.co.kr/sih/fit-in/600x0/pdt/9791141603250.jpg"
"61","양귀자","희망","소설","쓰다","2020-06-30","작가 양귀자가 1990년 발표한 첫 장편소설.","https://contents.kyobobook.co.kr/sih/fit-in/600x0/pdt/9788998441081.jpg"
"62","이희영","페인트","소설","창비","2023-11-17","2019년 출간된 뒤 40만 독자로부터 큰 사랑을 받은 『페인트』(창비청소년문학 89)가 교보문고 리커버:K로 독자들을 만난다.","https://contents.kyobobook.co.kr/sih/fit-in/600x0/pdt/9788936456894.jpg"
"63","정유정","내 심장을 쏴라","소설","은행나무","2026-02-06","2009년 제5회 세계문학상 수상작 《내 심장을 쏴라》가 초판 출간 17년만에 새로운 표지로 선보인다.","https://contents.kyobobook.co.kr/sih/fit-in/600x0/pdt/9791167376275.jpg"
"64","한강","채식주의자","소설","창비","2022-03-28","2016년 인터내셔널 부커상을 수상하며 한국문학의 입지를 한단계 확장시킨 한강의 장편소설 『채식주의자』를 15년 만에 새로운 장정으로 선보인다.","https://contents.kyobobook.co.kr/sih/fit-in/600x0/pdt/9788936434595.jpg"
"65","조현선","나의 완벽한 장례식","소설","북로망스","2026-01-21","보통 때라면 손님 한 명 찾기 힘든 새벽 두 시의 병원 매점.","https://contents.kyobobook.co.kr/sih/fit-in/600x0/pdt/9791124038192.jpg"
"66","김선미","비스킷","소설","위즈덤하우스","2023-09-18","100% 독자의 선택으로 최종 수상작을 결정하는 제1회 위즈덤하우스 판타지문학상 청소년 부문 대상 수상작으로 김선미 작가의 『비스킷』이 선정됐다.","https://contents.kyobobook.co.kr/sih/fit-in/600x0/pdt/9791168127630.jpg"
"67","김초엽","지구 끝의 온실","소설","자이언트북스","2021-08-18","소설집 『우리가 빛의 속도로 갈 수 없다면』을 통해 중국 SF 문학상인 은하상 최우수 작가상을 수상하며 전세계 독자의 열렬한 사랑을 받고 있음을 증명한 김초엽 작가는 첫 장편소설 『지구 끝의 온실』을 통해…","https://contents.kyobobook.co.kr/sih/fit-in/600x0/pdt/9791191824001.jpg"
"68","김선미","스티커","소설","다산책방","2025-06-18","『비스킷』으로 수많은 청소년의 마음을 사로잡은 작가 김선미가 신작 청소년 소설 『스티커』로 돌아왔다.","https://contents.kyobobook.co.kr/sih/fit-in/600x0/pdt/9791130667560.jpg"
"69","로이스 로리","기억 전달자","소설","비룡소","2024-03-25","★ 개정판 추가 원고 수록-「뉴베리상 수락 연설」 강력하고 도발적인 소설 -《뉴욕 타임스》 이것은 이야기 형식의 경고이다.","https://contents.kyobobook.co.kr/sih/fit-in/600x0/pdt/9788949123554.jpg"
"70","김애란","이중 하나는 거짓말","소설","문학동네","2024-08-27","한국문학의 결정적 순간을 만들어온 김애란의 신작 장편소설 『이중 하나는 거짓말』이 문학동네에서 출간되었다.","https://contents.kyobobook.co.kr/sih/fit-in/600x0/pdt/9791141601300.jpg"
"71","최은영","밝은 밤","소설","문학동네","2021-07-27","공감을 불러일으키는 이야기와 서정적이며 사려 깊은 문장, 그리고 그 안에 자리한 뜨거운 문제의식으로 등단 이후 줄곧 폭넓은 독자의 지지와 문학적 조명을 두루 받고 있는 작가 최은영의 첫 장편소설.","https://contents.kyobobook.co.kr/sih/fit-in/600x0/pdt/9788954681179.jpg"
"72","구병모","아가미","소설","위즈덤하우스","2018-03-30","소설가 구병모의 대표작 《아가미》가 새 옷을 갈아입었다.","https://contents.kyobobook.co.kr/sih/fit-in/600x0/pdt/9791162203392.jpg"
"73","김서해","여름은 고작 계절","소설","위즈덤하우스","2025-11-27","“모든 페이지에 인덱스를 붙였다” “밑줄 긋다 페이지 전체를 색칠해버렸다”며 독자들의 입소문을 타고 출간 즉시 베스트셀러가 되어 여름의 소설로 자리매김한 김서해 작가의 장편소설 《여름은 고작 계절》이 한정판 윈터…","https://contents.kyobobook.co.kr/sih/fit-in/600x0/pdt/9791171713929.jpg"
"74","최은영","아주 희미한 빛으로도","소설","문학동네","2023-08-07","‘함께 성장해나가는 우리 세대의 소설가’를 갖는 드문 경험을 선사하며 동료 작가와 평론가, 독자 모두에게 특별한 이름으로 자리매김한 최은영의 세번째 소설집 『아주 희미한 빛으로도』가 출간되었다.","https://contents.kyobobook.co.kr/sih/fit-in/600x0/pdt/9788954695053.jpg"
"75","구병모","파과","소설","위즈덤하우스","2018-04-16","한국 소설에 가장 강렬하게 새겨질 새로운 여성 서사를 탄생시킨 구병모 작가의 《파과》가 새 옷을 갈아입었다.","https://contents.kyobobook.co.kr/sih/fit-in/600x0/pdt/9791162203620.jpg"
"76","추정경","열다섯에 곰이라니","소설","다산책방","2022-12-20","『벙커』 『내 이름은 망고』 등으로 독자들에게 오래도록 사랑받고 있는 추정경 작가가 새 장편소설로 돌아왔다.","https://contents.kyobobook.co.kr/sih/fit-in/600x0/pdt/9791130695723.jpg"
"77","한울","벽사신궁(하): 임진왜란","소설","벽사신당","2026-06-24","40년 경력의 무당과 25년 경력의 시나리오 작가가 만났다.","https://contents.kyobobook.co.kr/sih/fit-in/600x0/pdt/9791199930612.jpg"
"78","쌈무이","수살귀","소설","책과삶","2026-08-28","밤마다 사람들은 그에게 이야기를 보내왔습니다.","https://contents.kyobobook.co.kr/sih/fit-in/600x0/pdt/9791199327894.jpg"
"79","우신영","블랙 푸들","소설","래빗홀","2026-08-19","2024년 비룡소 황금도깨비상과 혼불문학상을 연이어 수상하며 문단의 주목을 한 몸에 받았던 작가 우신영이 래빗홀 YA 시리즈로 신작 청소년 소설 《블랙 푸들》을 선보인다.","https://contents.kyobobook.co.kr/sih/fit-in/600x0/pdt/9791168344105.jpg"
"80","한울","벽사신궁(상): 임진왜란","소설","벽사신당","2026-06-24","40년 경력의 무당과 25년 경력의 시나리오 작가가 만났다.","https://contents.kyobobook.co.kr/sih/fit-in/600x0/pdt/9791199930605.jpg"
"81","구소현","환호성","소설","문학과지성사","2026-08-20","되살아나고 싶지 않은 유령, 세상을 파괴하려는 신, 믿음을 버리고픈 교주…… 무표정한 밤하늘에 균열을 내며 폭죽처럼 터져 나오는 ‘진짜’ 마음들 제20회 문학과사회 신인문학상 수상자 구소현 첫 소설집 “소설의…","https://contents.kyobobook.co.kr/sih/fit-in/600x0/pdt/9788932045696.jpg"
"82","서고운","사랑은 하루도 사랑","소설","문학동네","2026-08-26","2022년, 문학동네신인상 심사에는 오백 명이 넘는 응모자로부터 천 편이 넘는 소설이 도착했다.","https://contents.kyobobook.co.kr/sih/fit-in/600x0/pdt/9791141618018.jpg"
"83","조은오","손끝까지 숨이 차면","소설","위즈덤하우스","2026-08-19","『비스킷』 『트윈』 등 참신한 설정과 색다른 시도로 청소년 판타지 문학의 지평을 넓혀 온 위즈덤하우스가 제4회 판타지문학상 청소년 부문 대상 수상작을 출간하였다.","https://contents.kyobobook.co.kr/sih/fit-in/600x0/pdt/9791175911147.jpg"
"84","김지윤","호신술 클럽","소설","오리지널스","2026-08-19","주인공 '정도'는 아버지의 뒤를 이어 태권도장을 운영하는 청년이다.","https://contents.kyobobook.co.kr/sih/fit-in/600x0/pdt/9791169087575.jpg"
"85","김초엽","해파리 만개","소설","마음산책","2026-04-30","인간과 세계를 감각하는 방식을 집요하게 갱신해온 소설가 김초엽의 두 번째 짧은 소설집 『해파리 만개』가 마음산책에서 출간되었다.","https://contents.kyobobook.co.kr/sih/fit-in/600x0/pdt/9788960909878.jpg"
"86","박선경","미사키","소설","글마당 앤 아이디얼북스","2026-09-15","- 학내 성폭력과 조직적 은폐 카르텔, 그 부조리에 맞선 570일간의 치열한 기록.","https://contents.kyobobook.co.kr/sih/fit-in/600x0/pdt/9791193096192.jpg"
"87","설재인","셸리 숍앤센터","소설","나무옆의자","2026-08-24","데뷔 이후 장르를 가리지 않고 쉼 없이 작품 세계를 넓혀온 작가 설재인이 이번에는 기괴하고도 매혹적인 바디 호러로 돌아왔다.","https://contents.kyobobook.co.kr/sih/fit-in/600x0/pdt/9791124185230.jpg"
"88","리러하","처마 밑 도피자들","소설","팩토리나인","2026-09-23","이승에 미련이 남은 영혼이 저승사자에게 쫓길 때, ‘소도’라 부르는 임시 대피소를 만들어 마지막으로 사랑하는 존재를 볼 수 있도록 도와주는 취미를 가진 주인공 현수리.","https://contents.kyobobook.co.kr/sih/fit-in/600x0/pdt/9791124575383.jpg"
"89","정세진","곧 무너질 천국","소설","호러블가든","2026-08-28","벼랑 끝 인생에 찾아온 백억짜리 제안, 가업승계!","https://contents.kyobobook.co.kr/sih/fit-in/600x0/pdt/9791163167419.jpg"
"90","이현준","20볼트로도 충분히 짜릿한","소설","말그릇","2026-08-31","소설 분야의 한국어판 도서","https://contents.kyobobook.co.kr/sih/fit-in/600x0/pdt/9791192837291.jpg"
"91","박사랑","고요의 옷장","소설","북다","2026-08-21","2012년 문예중앙 신인상으로 작품 활동을 시작한 박사랑의 신작 장편소설 『고요의 옷장』이 출간되었다.","https://contents.kyobobook.co.kr/sih/fit-in/600x0/pdt/9791170614272.jpg"
"92","연여름","페퍼","소설","창비교육","2026-08-18","‘SF어워드’와 ‘한낙원과학소설상’을 수상하며 다채로운 상상력과 섬세한 필치로 사랑받아 온 연여름 작가가 첫 청소년 장편소설 『페퍼』를 선보인다.","https://contents.kyobobook.co.kr/sih/fit-in/600x0/pdt/9791165704513.jpg"
"93","이희영","이벤트","소설","창비","2026-08-21","환상적인 이야기와 매력적인 인물들로 독자들의 마음을 사로잡은 이희영의 신작 장편소설 『이벤트』가 출간되었다.","https://contents.kyobobook.co.kr/sih/fit-in/600x0/pdt/9788936481629.jpg"
"94","최정원","목소리가 들린다","소설","창비","2026-08-07","『허밍』으로 많은 독자의 사랑을 받은 최정원의 신작 장편소설 『목소리가 들린다』(소설Y)가 출간되었다.","https://contents.kyobobook.co.kr/sih/fit-in/600x0/pdt/9788936431761.jpg"
"95","김화진","텅 빈 마음 가진 채로","소설","문학과지성사","2026-07-03","용기가 없어 미처 이름 붙이지 않고 흘려보낸 순간들에게, 자기 자신이 되기를 늘상 머뭇거리는 사람들에게, 거짓말을 잘하지 못해 지키지 못한 비밀들에게, 〔······〕 그러니까 한시도 그런 마음과 멀리 떨어져본…","https://contents.kyobobook.co.kr/sih/fit-in/600x0/pdt/9788932045573.jpg"
"96","황모과","공전하는 자들의 나라","소설","앤드(&)","2026-09-10","학력이 곧 생존의 절대적 조건이 된 대한민국, 소설 『공전하는 자들의 나라』는 가혹한 이 시대 입시 제도의 현실을 배경으로 한다.","https://contents.kyobobook.co.kr/sih/fit-in/600x0/pdt/9791124888025.jpg"
"97","오승현","동기화되었습니다","소설","한끼","2026-08-29","‘딱히, 믿을 사람 같은 거 필요 없잖아.’ 3년째 비정규직 서하루.","https://contents.kyobobook.co.kr/sih/fit-in/600x0/pdt/9791175774322.jpg"
"98","이묵돌","그렇게 단순하지 않다","소설","사유와공감","2026-08-26","현실을 향한 날카로운 시선과 특유의 문체로 두터운 팬층을 형성해 온 작가 이묵돌이 소설집 《그렇게 단순하지 않다》로 돌아왔다.","https://contents.kyobobook.co.kr/sih/fit-in/600x0/pdt/9791194531432.jpg"
"99","청예","오렌지와 빵칼","소설","허블","2026-07-03","‘욕먹을 각오’를 하고 쓴 ‘하고 싶은 이야기’ 독자들이 응답한 자유를 꿈꾸는 도발적인 이야기 『오렌지와 빵칼』 개정판 출간!","https://contents.kyobobook.co.kr/sih/fit-in/600x0/pdt/9791193078983.jpg"
"100","홍진희","야수의 산","소설","클레이하우스","2026-07-29","1,400편의 응모작을 뚫고 ‘제13회 브런치북 출판 프로젝트’ 소설 부문 대상작으로 선정된 홍진희 작가의 첫 장편소설.","https://contents.kyobobook.co.kr/sih/fit-in/600x0/pdt/9791124684023.jpg"
"101","박보미","그루잠","소설","오픈도어북스","2026-07-22","따뜻한 마음을 지닌 윤설의 삶은 언제나 이유를 알 수 없는 사건들로 가득하다.","https://contents.kyobobook.co.kr/sih/fit-in/600x0/pdt/9791173744655.jpg"
"102","김미조","오프사이드","소설","안전가옥","2026-06-30","2002년 여름, 성주여자교도소의 무기수 박판금에게 15년 만의 외출이 허락된다.","https://contents.kyobobook.co.kr/sih/fit-in/600x0/pdt/9791194891154.jpg"
"103","이경진","리치먼드힐의 이층 버스","소설","북플레저","2026-06-10","캐나다의 조용한 마을 리치먼드힐. 이 작고 조용한 도시에 한국인 부부 민정과 철수, 아들 타미가 살고 있다.","https://contents.kyobobook.co.kr/sih/fit-in/600x0/pdt/9791124038499.jpg"
"104","이상","날개","소설","위즈덤하우스","2026-06-30","위즈덤하우스의 단편소설 시리즈 ‘위픽’이 고전 문학 시리즈 ‘위픽 클래식’을 론칭하고, 첫 출간작으로 《인간 실격》, 《첫사랑》, 《날개》를 선보인다.","https://contents.kyobobook.co.kr/sih/fit-in/600x0/pdt/9791175910935.jpg"
"105","이상우","이상우의 임꺽정 1963~1965","소설","지식공작소","2026-08-15","63년 전 〈대구일보〉에 연재되었던 소설이다.","https://contents.kyobobook.co.kr/sih/fit-in/600x0/pdt/9791143030085.jpg"
"106","최윤석","파우사","소설","팩토리나인","2026-07-15","돈도 명예도 없는 평범한 싱글 대디 명관.","https://contents.kyobobook.co.kr/sih/fit-in/600x0/pdt/9791124575055.jpg"
"107","김승옥","무진기행 필사북","소설","스타북스","2026-08-05","작가들 사이에서는 “소설을 쓰려면 한 번쯤은 《무진기행》을 필사해야 한다.”라는 격언 같은 말이 전해진다.","https://contents.kyobobook.co.kr/sih/fit-in/600x0/pdt/9791157958030.jpg"
"108","전경린","천 개의 웃음과 눈물의 낙원","소설","김영사","2026-07-13","한국문학의 근간을 호명하는 소설선 올-타임 그 첫 번째, 전경린 4년 만의 신작 소설 소설가 강화길 추천!","https://contents.kyobobook.co.kr/sih/fit-in/600x0/pdt/9791173327254.jpg"
"109","전건우","어두운 집","소설","앤드(&)","2026-08-12","한국 공포소설의 대가 전건우 작가가 『어두운 물』, 『어두운 숲』에 이어, 마침내 ‘어둠 3부작’의 대미를 장식할 마지막 신작 『어두운 집』으로 돌아왔다.","https://contents.kyobobook.co.kr/sih/fit-in/600x0/pdt/9791124028438.jpg"
"110","나이주","지뢰밭은 나의 안식처","소설","소명출판","2026-08-30","이름 없이 사라진 사람들의 삶을 문학으로 복원하다 북파공작원 출신 나이주 작가가 북파공작원들의 삶을 소설로 썼다.","https://contents.kyobobook.co.kr/sih/fit-in/600x0/pdt/9791175490901.jpg"
"111","신재민","생가","소설","북다","2026-07-07","‘제13회 교보문고 스토리대상’의 대상 수상작인 신재민 작가의 『생가』가 북다에서 출간된다.","https://contents.kyobobook.co.kr/sih/fit-in/600x0/pdt/9791170614067.jpg"
"112","청예","라스트 젤리 샷","소설","허블","2026-07-03","청예의 장편소설 『라스트 젤리 샷』이 개정판으로 돌아왔다.","https://contents.kyobobook.co.kr/sih/fit-in/600x0/pdt/9791193078969.jpg"
"113","이승형","아르고스","소설","한겨레출판","2026-08-30","“보이지 않는 손이 잠을 빼앗아간다” 누군가의 잠을 동력 삼아 결코 멈추지 않는 컨베이어 벨트…… 이 시대 가장 긴급한 질문을 던지는 두렵고도 통렬한 문제작 1996년 한국문학의 발전과 미래를 위해 제정된…","https://contents.kyobobook.co.kr/sih/fit-in/600x0/pdt/9791172134617.jpg"
"114","김선미","우리는 진다이아를 사랑해","소설","우리학교","2026-07-27","청소년 문학의 다음 세대를 이끄는 야심 찬 이야기꾼 김선미 작가가 신작 『우리는 진다이아를 사랑해』로 돌아왔다.","https://contents.kyobobook.co.kr/sih/fit-in/600x0/pdt/9791167556004.jpg"
"115","박에스더","칠보","소설","안전가옥","2026-08-12","『칠보』는 나라를 잃은 이들이 추격과 첩보, 순애를 넘나들며 스스로의 운명을 되찾아가는 이야기다.","https://contents.kyobobook.co.kr/sih/fit-in/600x0/pdt/9791194891185.jpg"
"116","편혜영","서쪽 숲에 갔다","소설","문학과지성사","2026-08-03","인간 내면의 어두운 미로를 돌며 포위망을 좁혀가는 편혜영식 서스펜스의 결정체 “작가에게 언제고 쓸 수밖에 없는 이야기가 하나씩 있기 마련이라면, 내게는 이 소설이 그러하다” 14년 만에 새롭게 태어난 편혜영의…","https://contents.kyobobook.co.kr/sih/fit-in/600x0/pdt/9788932045634.jpg"
"117","전앤","문학특성화중학교","소설","뜨인돌출판사","2026-08-20","AI 로봇 태리가 또다시 백일장 대상을 거머쥔 날, 인간의 창작은 비효율적이며 이제부터 모든 창작을 AI가 대신한다는 ‘창작금지령’이 울려 퍼진다.","https://contents.kyobobook.co.kr/sih/fit-in/600x0/pdt/9791175990180.jpg"
"118","유은정","불행소원","소설","반타","2026-07-21","“이 일편단심의 공포 세계를 마주한 순간, 헤어 나오지 못할 것이다.","https://contents.kyobobook.co.kr/sih/fit-in/600x0/pdt/9791175773493.jpg"
"119","김명철","저주받은 고양이 펠리스","소설","다산책방","2026-08-08","고양이가 사람이 된다면? 그것은 저주일까, 축복일까.","https://contents.kyobobook.co.kr/sih/fit-in/600x0/pdt/9791130682280.jpg"
"120","강지영","프린츠하우스","소설","북다","2026-08-06","강지영이란 대체 불가능한 서사 오컬트 호러라는 장르적 프리즘을 통과해 드러나는 탐욕의 민낯 일상 속에서 체감하는 유채색의 공포를 다채로운 스펙트럼으로 그려내는 ‘ANGST(앙스트)’ 시리즈 세 번째 작품으로…","https://contents.kyobobook.co.kr/sih/fit-in/600x0/pdt/9791170614128.jpg"
"121","천선란","선 끝에","소설","허블","2026-07-15","SF 전문 출판사 허블에서 새로운 형태의 SF를 선보인다.","https://contents.kyobobook.co.kr/sih/fit-in/600x0/pdt/9791124668016.jpg"
"122","전건우","믹스테이프","소설","앤드(&)","2026-07-20","K-호러 장인, 공포소설의 대가, 전건우 작가의 정통 호러 소설이 앤드에서 출간되었다.","https://contents.kyobobook.co.kr/sih/fit-in/600x0/pdt/9791124028667.jpg"
"123","박지숙","폭염 대피소","소설","다산책방","2026-07-01","기후 위기 시대! 폭염이 일상이 된 오늘 우리가 가장 먼저 읽어야 할 청소년소설!","https://contents.kyobobook.co.kr/sih/fit-in/600x0/pdt/9791130681870.jpg"
"124","은미희","조선의 왕자, 이우","소설","잉걸북스","2026-08-17","은미희의 장편소설 『히로시마의 불꽃이 된 조선의 왕자, 이우』는 대한제국 황족 이우의 삶을 통해 일제강점기 조선 황실의 비극과 한 인간의 내면의 저항을 밀도 있게 그려낸 역사소설이다.","https://contents.kyobobook.co.kr/sih/fit-in/600x0/pdt/9791122034417.jpg"
"125","우설리","이 감정, 삭제 불가입니다","소설","서해문집","2026-08-05","다섯 작가가 ‘로맨스’를 주제로 쓴 SF 청소년소설을 모았다.","https://contents.kyobobook.co.kr/sih/fit-in/600x0/pdt/9791124638088.jpg"
"126","일월명","단편들, 한국 공포 문학의 셋째 밤","소설","황금가지","2026-08-25","한국 공포 문학 단편을 소개해 온 ‘한국 공포 문학의 밤’ 시리즈의 신간 단편선 『단편들, 한국 공포 문학의 셋째 밤』이 황금가지에서 출간되었다.","https://contents.kyobobook.co.kr/sih/fit-in/600x0/pdt/9791170528234.jpg"
"127","김미형","덕질 연대기","소설","바람의아이들","2026-08-25","일본에서 만화와 애니메이션, 게임 같은 서브컬처 광팬들을 일컫던 용어 '오타쿠'.","https://contents.kyobobook.co.kr/sih/fit-in/600x0/pdt/9791162102688.jpg"
"128","구선아","가상 인간 이서","소설","책폴","2026-08-10","가상 인간이 인간보다 더 인간적인 시대, AI 기술이 익숙한 일상이 된 가까운 미래를 배경으로 세계적인 인기 스타 가상 인간 ‘이서’가 스스로의 존재를 질문하며 시작되는 SF 소설.","https://contents.kyobobook.co.kr/sih/fit-in/600x0/pdt/9791193162682.jpg"
"129","정해연","내가 죽이지 않았다","소설","반타","2026-06-18","《내가 죽이지 않았다》는 전작 《내가 죽였다》의 서사를 잇는 후속작이다.","https://contents.kyobobook.co.kr/sih/fit-in/600x0/pdt/9791175773431.jpg"
"130","김성일","시간의 끝","소설","한겨레출판","2026-06-30","과거도 현재도 미래도 뫼비우스의 띠처럼 반복되는 세계에서 운명이 얽혀버린 형사와 수학자, 그리고 사이비 교주의 이야기 사교도 주술이 무엇을 할 수 있는지, 세상은 아직 완전히 모른다.","https://contents.kyobobook.co.kr/sih/fit-in/600x0/pdt/9791172134389.jpg"
"131","국승용","밖꽃메 양수장 집","소설","바른북스","2026-08-25","세상이 정해놓은 기준에 미치지 못하면 ‘실패한 인생’이라고 쉽게 말하는 요즘입니다.","https://contents.kyobobook.co.kr/sih/fit-in/600x0/pdt/9791176214469.jpg"
"132","권혜영","얼지 마, 죽지 마, 사랑하게 될 거야","소설","은행나무","2026-06-22","고전과 서브컬처를 망라하는 다양한 레퍼런스를 쥐락펴락하며, 작가만의 독특한 시선으로 독자를 ‘순애’의 세계로 이끄는 권혜영의 첫 번째 장편소설이 은행나무출판사 시리즈N을 통해 출판되었다.","https://contents.kyobobook.co.kr/sih/fit-in/600x0/pdt/9791167376688.jpg"
"133","박소영","로열 블러디 헬 1: 리그의 시작","소설","문학동네","2026-06-30","『헝거 게임』 『포스 윙』을 잇는 대작 로맨스 판타지 『로열 블러디 헬』 그 첫 권이 문학동네 플레이 시리즈의 ‘판타지’ 라인으로 출간되었다.","https://contents.kyobobook.co.kr/sih/fit-in/600x0/pdt/9791141617332.jpg"
"134","앨저넌 블랙우드","빈집, 보이지 않는 것들","소설","돋을새김","2026-09-05","20세기 영미 환상, 괴담문학을 대표하는 작가, 앨저넌 블랙우드의 《빈집, 보이지 않는 것들⟫(The Empty House And Other Ghost Stories)은 우리가 익숙하게 알고 있는 세계와 그…","https://contents.kyobobook.co.kr/sih/fit-in/600x0/pdt/9788961673822.jpg"
"135","조시현","아나타","소설","열림원","2026-07-24","“지금 이 방에서도 숨죽인 채 작용하고 있는 아나타의 의지.","https://contents.kyobobook.co.kr/sih/fit-in/600x0/pdt/9791170404040.jpg"
"136","유영광","완벽한 불량품","소설","알키미스트","2026-06-24","힐링 판타지 소설 『비가 오면 열리는 상점』으로 전 세계 독자들의 사랑을 받은 유영광 작가가 3년 만에 신작을 선보인다.","https://contents.kyobobook.co.kr/sih/fit-in/600x0/pdt/9791199037663.jpg"
"137","박형서","죽도록 맞으며 살아왔다","소설","문학과지성사","2026-07-15","폭력의 굴레 속 인간 삶을 비추는 처연한 농담 근현대 한국의 환부를 누비는 희비극적 해학소설 한계를 돌파하는 상상력, 현실을 묘파하는 핍진성 시대와 국경을 넘나드는 집념의 이야기꾼 13년 만에 만나는 박형서 신작…","https://contents.kyobobook.co.kr/sih/fit-in/600x0/pdt/9788932045566.jpg"
"138","김현아","먼 곳으로부터","소설","먼곳프레스","2026-07-10","혁명과 전쟁과 대이주, 꿈과 시련과 희망이 범람하던 어떤 백년이 있었다.","https://contents.kyobobook.co.kr/sih/fit-in/600x0/pdt/9791199649040.jpg"
"139","김성민","자력 구제 금지","소설","황금가지","2026-07-16","“그냥 그런 사람이 우연히 죽었다는 게 믿기지 않아요.","https://contents.kyobobook.co.kr/sih/fit-in/600x0/pdt/9791170526568.jpg"
"140","박영해","우리, 다음 생에 만날까요?","소설","산지니","2026-08-20","▶ 늑골에 새긴 말, 45년의 침묵을 깨다 박영해 소설가의 장편소설 『우리, 다음 생에 만날까요?』는 돌연 곁을 떠난 첫사랑에게 45년 5개월 만에 문자를 보내면서 시작한다.","https://contents.kyobobook.co.kr/sih/fit-in/600x0/pdt/9791168617421.jpg"
"141","나시린","마지막 장","소설","세창문화사","2026-08-15","어느 아침, 서른두 살 도서관 사서가 재심 전문 변호사의 사무실을 찾아와 그렇게 말한다.","https://contents.kyobobook.co.kr/sih/fit-in/600x0/pdt/9791199859791.jpg"
"142","짐리원","펫페페페","소설","아작","2026-08-08","기후 위기와 비인간 생명, 변형되는 몸을 낯설고 다정하게 그려 온 작가 짐리원의 첫 소설집.","https://contents.kyobobook.co.kr/sih/fit-in/600x0/pdt/9791166688881.jpg"
"143","배명은","측백나무성의 라푼젤","소설","고블","2026-08-25","배명은 작가의 첫 호러 단편소설집 『측백나무성의 라푼젤』이 출간되었다.","https://contents.kyobobook.co.kr/sih/fit-in/600x0/pdt/9791176101059.jpg"
"144","차재이","범, 고래","소설","차콜","2026-08-21","베스트셀러 에세이스트이자 배우 차재이가 첫 소설집 《범, 고래》를 출간한다.","https://contents.kyobobook.co.kr/sih/fit-in/600x0/pdt/9791198791238.jpg"
"145","전건우","채록: 기이한 이야기","소설","네오픽션","2026-08-28","‘무서운 이야기’의 원초적 오싹함을 선사할 전건우 작가의 『채록: 기이한 이야기』가 다채로운 장르소설의 즐거움을 선사하는 네오픽션에서 출간되었다.","https://contents.kyobobook.co.kr/sih/fit-in/600x0/pdt/9791157404995.jpg"
"146","조우리","도도클럽 2: 구설수의 봄 소풍","소설","창비","2026-07-28","세상 어디에도 없던 K-판타지 학원물 시리즈, ‘도도클럽’의 두 번째 이야기 『도도클럽 2: 구설수의 봄 소풍』이 1권과 함께 출간되었다.","https://contents.kyobobook.co.kr/sih/fit-in/600x0/pdt/9788936431785.jpg"
"147","이서현","시대의 아이콘","소설","비룡소","2026-07-14","본연의 나로 살고 있는가? 평가가 미덕이 된 듯한 세상에서, 변명하거나 설득할 필요 없이 나 자신으로 살아가는 것은 불가능한 일처럼 느껴진다.","https://contents.kyobobook.co.kr/sih/fit-in/600x0/pdt/9788949123585.jpg"
"148","수잔 콜린스","헝거 게임: 50번째 추첨의 날","판타지","북폴리오","2026-07-31","전 세계에서 1억 부 이상 판매되며 최장수 베스트셀러로 사랑받고 있는 디스토피아 판타지 소설 《헝거 게임》 시리즈의 다섯 번째 이야기가 북폴리오에서 출간되었다.","https://contents.kyobobook.co.kr/sih/fit-in/600x0/pdt/9791175488649.jpg"
"149","최진영","단 한 사람","판타지","한겨레출판","2023-09-30","2023년 이상문학상 수상 작가는 최진영이었다.","https://contents.kyobobook.co.kr/sih/fit-in/600x0/pdt/9791160405750.jpg"
"150","매들린 밀러","키르케","판타지","이봄","2020-05-28","고전학자 김헌, 〈씨네21〉기자 이다혜 강력추천!","https://contents.kyobobook.co.kr/sih/fit-in/600x0/pdt/9791190582308.jpg"
"151","하지은","얼음나무 숲","판타지","황금가지","2020-03-20","""나는 직감적으로 알았다. 이 사람은, 이 사람의 음악은 영원할 것이란 걸."" 다시 돌아온 명작, 『얼음나무 숲』 완전판 출간 유려한 문장과 매혹적인 분위기로 독자들을 휘어잡는 환상 소설의 대가, 하지은 작가의…","https://contents.kyobobook.co.kr/sih/fit-in/600x0/pdt/9791158886356.jpg"
"152","김혜정","오백 년째 열다섯 1: 구슬 전쟁","판타지","위즈덤하우스","2023-07-28","위즈덤하우스의 청소년 문학 시리즈 ‘텍스트 T’의 첫 권으로 김혜정 작가의 신작 장편소설 『오백 년째 열다섯』이 출간되었다.","https://contents.kyobobook.co.kr/sih/fit-in/600x0/pdt/9791168121065.jpg"
"153","무라세 다케시","세상의 마지막 우체국","판타지","모모","2025-11-26","열차 탈선 사고로 사랑하는 사람을 한순간에 잃고 상실감에 젖은 사람들의 이야기를 섬세하게 그려내며 독자들에게 커다란 위로와 감동을 선사한 베스트셀러 《세상의 마지막 기차역》.","https://contents.kyobobook.co.kr/sih/fit-in/600x0/pdt/9791175770348.jpg"
"154","켄 리우","종이 동물원","판타지","황금가지","2018-11-29","SF에서부터 환상문학, 하드보일드, 대체 역사, 전기 소설에 이르기까지 켄 리우의 작품 세계를 한 눈에 볼 수 있는 작품집 『종이 동물원』.","https://contents.kyobobook.co.kr/sih/fit-in/600x0/pdt/9791158884680.jpg"
"155","이영도","드래곤 라자 1: 태양을 향해 달리는 말","판타지","황금가지","2008-11-26","이영도 판타지 장편소설『드래곤 라자』제1권 ""태양을 향해 달리는 말"" 편.","https://contents.kyobobook.co.kr/sih/fit-in/600x0/pdt/9788960172586.jpg"
"156","김동식","악마대학교","판타지","현대문학","2025-03-25","“그런 예감이 드네요. 저의 작가 인생 내내 ‘악마’란 존재를 주구장창 써먹을 것 같은 예감이요.","https://contents.kyobobook.co.kr/sih/fit-in/600x0/pdt/9791167903013.jpg"
"157","이우혁","퇴마록 국내편 1","판타지","반타","2025-04-02","2025년 2월 21일 개봉한 애니메이션 영화 〈퇴마록〉의 상승세에 힘입어, 영화의 원작 스토리가 된 《퇴마록 국내편》전 2권이 오는 4월 오팬하우스에서 선 출간된다.","https://contents.kyobobook.co.kr/sih/fit-in/600x0/pdt/9791194654469.jpg"
"158","타케무라 유키","마음이 들리는 동물병원","판타지","북플라자","2024-11-15","할아버지의 뒤를 이어 동물병원을 물려받은 수의사 아키.","https://contents.kyobobook.co.kr/sih/fit-in/600x0/pdt/9791193324295.jpg"
"159","이우혁","퇴마록 외전3","판타지","반타","2025-06-05","누적 판매량 1,000만 부를 돌파, 역대 한국 장르소설 베스트셀러 1위, 온오프라인 서점 스테디셀러 등 누구도 뛰어넘을 수 없는 압도적인 기록을 보유한 한국 오컬트 판타지의 시초 《퇴마록》.","https://contents.kyobobook.co.kr/sih/fit-in/600x0/pdt/9791194654797.jpg"
"160","수잔 콜린스","캣칭 파이어","판타지","북폴리오","2010-09-01","미래의 독재 국가 판엠에서 벌어지는 죽음과 생존의 ‘헝거 게임’.","https://contents.kyobobook.co.kr/sih/fit-in/600x0/pdt/9791168416765.jpg"
"161","가토 겐","로터스 택시에는 특별한 손님이 탑니다","판타지","필름(Feelm)","2023-10-11","몽글한 감동과 따뜻한 이야기로 꾸준히 사랑받고 있는 베스트셀러 《여기는 커스터드, 특별한 도시락을 팝니다》의 작가 가토 겐이 전작의 세계관을 잇는 동시에 색다른 재미를 선사하는 특별한 신작을 선보인다.","https://contents.kyobobook.co.kr/sih/fit-in/600x0/pdt/9791193262047.jpg"
"162","최윤석","달의 아이","판타지","포레스트북스","2023-09-15","우리는 내일도 오늘과 같은 일들이 펼쳐지고, 소중한 존재는 언제나 그 자리에 있을 것으로 생각한다.","https://contents.kyobobook.co.kr/sih/fit-in/600x0/pdt/9791192625652.jpg"
"163","이우혁","퇴마록 외전2","판타지","반타","2025-06-05","누적 판매량 1,000만 부를 돌파, 역대 한국 장르소설 베스트셀러 1위, 온오프라인 서점 스테디셀러 등 누구도 뛰어넘을 수 없는 압도적인 기록을 보유한 한국 오컬트 판타지의 시초 《퇴마록》.","https://contents.kyobobook.co.kr/sih/fit-in/600x0/pdt/9791194654803.jpg"
"164","레베카 야로스","포스 윙","판타지","북폴리오","2024-06-24","새로운 대형 팬덤의 시작을 알린 치명적이고 매력적인 세계 위대한 드래곤의 선택을 받은 자만이 살아남는 곳, 바스지아스 군사학교.","https://contents.kyobobook.co.kr/sih/fit-in/600x0/pdt/9791168418455.jpg"
"165","이우혁","퇴마록 국내편 2","판타지","반타","2025-04-02","2025년 2월 21일 개봉한 애니메이션 영화 〈퇴마록〉의 상승세에 힘입어, 영화의 원작 스토리가 된 《퇴마록 국내편》전 2권이 오는 4월 오팬하우스에서 선 출간된다.","https://contents.kyobobook.co.kr/sih/fit-in/600x0/pdt/9791194654476.jpg"
"166","수잔 콜린스","노래하는 새와 뱀의 발라드","판타지","북폴리오","2020-09-08","헝거 게임 트릴로지 세계관의 완성 『노래하는 새와 뱀의 발라드』.","https://contents.kyobobook.co.kr/sih/fit-in/600x0/pdt/9791164135981.jpg"
"167","가토 겐","여기는 커스터드, 특별한 도시락을 팝니다","판타지","필름(Feelm)","2022-07-15","어긋난 관계로 생긴 자책감에서 벗어나지 못하고 공허한 나날을 보내던 세 사람 앞에 나타난 도시락 가게의 주인 히나타.","https://contents.kyobobook.co.kr/sih/fit-in/600x0/pdt/9791192403076.jpg"
"168","다카하시 유타","고양이 식당, 사랑을 요리합니다","판타지","빈페이지","2025-04-20","2023년 선보인 후 꾸준히 사랑받아 온 『고양이 식당』 시리즈의 그 세 번째 이야기가 출간되었다.","https://contents.kyobobook.co.kr/sih/fit-in/600x0/pdt/9791193873076.jpg"
"169","배예람","사단법인 한국괴물관리협회","판타지","안전가옥","2024-11-07","《사단법인 한국괴물관리협회》는 장르 소설 독자들 사이에서 많은 사랑과 기대를 받아 온 배예람 작가의 두 번째 장편소설이다.","https://contents.kyobobook.co.kr/sih/fit-in/600x0/pdt/9791193024867.jpg"
"170","이우혁","퇴마록 세계편3","판타지","반타","2025-06-05","누적 판매량 1,000만 부를 돌파, 역대 한국 장르소설 베스트셀러 1위, 온오프라인 서점 스테디셀러 등 누구도 뛰어넘을 수 없는 압도적인 기록을 보유한 한국 오컬트 판타지의 시초 《퇴마록》.","https://contents.kyobobook.co.kr/sih/fit-in/600x0/pdt/9791194654919.jpg"
"171","범유진","도깨비불 게스트하우스","판타지","모모","2026-03-19","판타지, 호러, 청소년 등 장르를 넘나들며 독자의 마음을 사로잡아온 범유진 작가가 요괴들이 머무는 게스트하우스라는 독특한 설정의 소설 《도깨비불 게스트하우스》로 돌아왔다.","https://contents.kyobobook.co.kr/sih/fit-in/600x0/pdt/9791175771840.jpg"
"172","다카하시 유타","고양이 식당, 추억을 요리합니다","판타지","빈페이지","2023-05-20","『고양이 식당, 행복을 요리합니다』는 일본 내에서 이미 시리즈 6권까지 출간된 화제의 힐링 판타지 시리즈 소설의 바로 2권이다.","https://contents.kyobobook.co.kr/sih/fit-in/600x0/pdt/9791198288202.jpg"
"173","이우혁","퇴마록 세계편1","판타지","반타","2025-06-05","누적 판매량 1,000만 부를 돌파, 역대 한국 장르소설 베스트셀러 1위, 온오프라인 서점 스테디셀러 등 누구도 뛰어넘을 수 없는 압도적인 기록을 보유한 한국 오컬트 판타지의 시초 《퇴마록》.","https://contents.kyobobook.co.kr/sih/fit-in/600x0/pdt/9791194654933.jpg"
"174","수잔 콜린스","모킹제이","판타지","북폴리오","2011-04-01","미래의 독재 국가 판엠에서 벌어지는 죽음과 생존의 ‘헝거 게임’.","https://contents.kyobobook.co.kr/sih/fit-in/600x0/pdt/9791168416772.jpg"
"175","모옌","모옌 기담집","판타지","글항아리","2026-04-24","모옌은 현실과 상상을 매끄럽게 융합하는 독특한 문체로 명성을 얻었다.","https://contents.kyobobook.co.kr/sih/fit-in/600x0/pdt/9791169095525.jpg"
"176","정명섭","암행","판타지","텍스티(TXTY)","2025-02-10","『암행』은 팩션, 호러, SF, 미스테리, 스릴러, 청소년 등 분야를 가리지 않고 200여 편 이상의 소설을 선보여 온 정명섭 작가의 야심작이다.","https://contents.kyobobook.co.kr/sih/fit-in/600x0/pdt/9791193190296.jpg"
"177","이우혁","퇴마록 외전1","판타지","반타","2025-06-05","누적 판매량 1,000만 부를 돌파, 역대 한국 장르소설 베스트셀러 1위, 온오프라인 서점 스테디셀러 등 누구도 뛰어넘을 수 없는 압도적인 기록을 보유한 한국 오컬트 판타지의 시초 《퇴마록》.","https://contents.kyobobook.co.kr/sih/fit-in/600x0/pdt/9791194654810.jpg"
"178","김연진","악의 회고록","판타지","네오픽션","2024-02-20","‘악’이라는 것이 존재하지 않는 세상을 생각해본 적이 있는가.","https://contents.kyobobook.co.kr/sih/fit-in/600x0/pdt/9791157404001.jpg"
"179","이영도","어스탐 경의 임사전언","판타지","황금가지","2025-11-07","한국 단행본 출판 수출 역사를 뒤바꾸며 전 세계 17개 언어권 30여 개 나라에서 인기리에 출간되고 있는 『눈물을 마시는 새』의 저자, 이영도 작가의 신작 장편소설 『어스탐 경의 임사전언』이 황금가지에서 출간되었다.","https://contents.kyobobook.co.kr/sih/fit-in/600x0/pdt/9791170526643.jpg"
"180","이우혁","퇴마록 혼세편1","판타지","반타","2025-06-05","누적 판매량 1,000만 부를 돌파, 역대 한국 장르소설 베스트셀러 1위, 온오프라인 서점 스테디셀러 등 누구도 뛰어넘을 수 없는 압도적인 기록을 보유한 한국 오컬트 판타지의 시초 《퇴마록》.","https://contents.kyobobook.co.kr/sih/fit-in/600x0/pdt/9791194654902.jpg"
"181","수잔 콜린스","헝거게임","판타지","북폴리오","2009-10-31","“손에서 놓을 수 없는 강한 중독성! 비범한 소설이다.” _스티븐 킹 “매력이 넘친다!","https://contents.kyobobook.co.kr/sih/fit-in/600x0/pdt/9791168416758.jpg"
"182","사라 제이 마스","유리왕좌(신번역판)","판타지","아테나","2025-08-30","‘공보경’에 의해 새롭게 태어난 사라 제이 마스의 판타지 세계!","https://contents.kyobobook.co.kr/sih/fit-in/600x0/pdt/9791186316368.jpg"
"183","어슐러 르 귄","어스시의 마법사","판타지","황금가지","2006-07-24","《반지의 제왕》, 《나니아 연대기》와 더불어 세계 3대 판타지 문학으로 손꼽히는 『어스시』전집 제1권 ""어스시의 마법사""편.","https://contents.kyobobook.co.kr/sih/fit-in/600x0/pdt/9788982731914.jpg"
"184","이우혁","퇴마록 말세편 4","판타지","반타","2025-06-05","누적 판매량 1,000만 부를 돌파, 역대 한국 장르소설 베스트셀러 1위, 온오프라인 서점 스테디셀러 등 누구도 뛰어넘을 수 없는 압도적인 기록을 보유한 한국 오컬트 판타지의 시초 《퇴마록》.","https://contents.kyobobook.co.kr/sih/fit-in/600x0/pdt/9791194654834.jpg"
"185","이우혁","퇴마록 말세편 5","판타지","반타","2025-06-05","누적 판매량 1,000만 부를 돌파, 역대 한국 장르소설 베스트셀러 1위, 온오프라인 서점 스테디셀러 등 누구도 뛰어넘을 수 없는 압도적인 기록을 보유한 한국 오컬트 판타지의 시초 《퇴마록》.","https://contents.kyobobook.co.kr/sih/fit-in/600x0/pdt/9791194654827.jpg"
"186","이우혁","퇴마록 말세편 2","판타지","반타","2025-06-05","누적 판매량 1,000만 부를 돌파, 역대 한국 장르소설 베스트셀러 1위, 온오프라인 서점 스테디셀러 등 누구도 뛰어넘을 수 없는 압도적인 기록을 보유한 한국 오컬트 판타지의 시초 《퇴마록》.","https://contents.kyobobook.co.kr/sih/fit-in/600x0/pdt/9791194654858.jpg"
"187","이우혁","퇴마록 세계편2","판타지","반타","2025-05-30","누적 판매량 1,000만 부를 돌파, 역대 한국 장르소설 베스트셀러 1위, 온오프라인 서점 스테디셀러 등 누구도 뛰어넘을 수 없는 압도적인 기록을 보유한 한국 오컬트 판타지의 시초 《퇴마록》.","https://contents.kyobobook.co.kr/sih/fit-in/600x0/pdt/9791194654926.jpg"
"188","이우혁","퇴마록 말세편 1","판타지","반타","2025-06-05","누적 판매량 1,000만 부를 돌파, 역대 한국 장르소설 베스트셀러 1위, 온오프라인 서점 스테디셀러 등 누구도 뛰어넘을 수 없는 압도적인 기록을 보유한 한국 오컬트 판타지의 시초 《퇴마록》.","https://contents.kyobobook.co.kr/sih/fit-in/600x0/pdt/9791194654865.jpg"
"189","이영도","피를 마시는 새 1: 황제 사냥꾼","판타지","황금가지","2005-07-09","판타지 분야의 한국어판 도서","https://contents.kyobobook.co.kr/sih/fit-in/600x0/pdt/9788982739323.jpg"
"190","김보원","실마릴리온","판타지","아르테(arte)","2022-04-20","J.R.R. 톨킨의 대표작으로 『호빗』과 『반지의 제왕』이 가장 널리 알려져 있지만, 사실 이들은 톨킨의 ‘가운데땅 신화’ 중 일부에 불과하다.","https://contents.kyobobook.co.kr/sih/fit-in/600x0/pdt/9788950999926.jpg"
"191","히로시마 레이코","어떤 은수를","판타지","위즈덤하우스","2022-07-15","『이상한 과자 가게 전천당』 『십 년 가게』 등 판타지로 한국과 일본의 아이들의 마음을 사로잡은 히로시마 레이코의 소설집 『어떤 은수를』이 위즈덤하우스 청소년 문학 ‘텍스트 T’의 세 번째 권으로 출간되었다.","https://contents.kyobobook.co.kr/sih/fit-in/600x0/pdt/9791168123205.jpg"
"192","후지마루","너는 기억 못하겠지만","판타지","아르테(arte)","2019-01-16","《내일 나는 죽고 너는 되살아난다》 시리즈의 저자 후지마루의 소설 『너는 기억 못하겠지만』.","https://contents.kyobobook.co.kr/sih/fit-in/600x0/pdt/9788950978976.jpg"
"193","이우혁","퇴마록 말세편 3","판타지","반타","2025-06-05","누적 판매량 1,000만 부를 돌파, 역대 한국 장르소설 베스트셀러 1위, 온오프라인 서점 스테디셀러 등 누구도 뛰어넘을 수 없는 압도적인 기록을 보유한 한국 오컬트 판타지의 시초 《퇴마록》.","https://contents.kyobobook.co.kr/sih/fit-in/600x0/pdt/9791194654841.jpg"
"194","정채연","그림자 마법사들 2: 마르세유의 비밀 조직","판타지","문학수첩","2025-04-07","크라우드펀딩을 통해 독자들에게 첫선을 보인 이후 정식으로 출간돼 많은 독자에게 커다란 반향을 일으켰던 판타지 추리 소설 《그림자 마법사들: 사라진 그림자의 비밀》.","https://contents.kyobobook.co.kr/sih/fit-in/600x0/pdt/9791173830006.jpg"
"195","이우혁","퇴마록 혼세편 4","판타지","반타","2025-06-05","누적 판매량 1,000만 부를 돌파, 역대 한국 장르소설 베스트셀러 1위, 온오프라인 서점 스테디셀러 등 누구도 뛰어넘을 수 없는 압도적인 기록을 보유한 한국 오컬트 판타지의 시초 《퇴마록》.","https://contents.kyobobook.co.kr/sih/fit-in/600x0/pdt/9791194654872.jpg"
"196","기욤 뮈소","종이 여자","판타지","밝은세상","2023-06-01","로스앤젤레스의 빈민가 맥아더파크에서 나고 자란 톰 보이드는 어린 시절 겪은 강렬하고 순탄치 않았던 경험을 살려 집필한 소설 《천사 3부작》으로 일약 베스트셀러 작가가 된다.","https://contents.kyobobook.co.kr/sih/fit-in/600x0/pdt/9788984374614.jpg"
"197","다카하시 유타","고양이 식당, 행복을 요리합니다","판타지","빈페이지","2023-05-20","『고양이 식당, 행복을 요리합니다』는 일본 내에서 이미 시리즈 6권까지 출간된 화제의 힐링 판타지 시리즈 소설의 바로 2권이다.","https://contents.kyobobook.co.kr/sih/fit-in/600x0/pdt/9791198288219.jpg"
"198","곤도 마리에","수다스러운 방","판타지","크래커","2023-07-14","★★★★★ 일본 서점 직원들이 쏟아낸 찬사 ★★★★★ ㆍ ‘정리’는 인생을 바꿀 ‘기회’다!","https://contents.kyobobook.co.kr/sih/fit-in/600x0/pdt/9791192579764.jpg"
"199","미야베 미유키","청과 부동명왕","판타지","북스피어","2024-09-13","아이를 갖지 못해 쫓겨난 여자. 자식을 잃은 죄를 뒤집어쓰고 이혼당한 여자.","https://contents.kyobobook.co.kr/sih/fit-in/600x0/pdt/9791192313573.jpg"
"200","나오미 노빅","테메레르 1 : 왕의 용","판타지","노블마인","2007-07-02","나폴레옹 전쟁이 한창이던 19세기 초, 용과 비행사로 구성된 각국의 공군들이 전쟁에 참전하면서 일어나는 사건들을 다룬 판타지 장편소설.","https://contents.kyobobook.co.kr/sih/fit-in/600x0/pdt/9788901068381.jpg"
"201","루키우스 아풀레이우스","황금 당나귀","판타지","현대지성","2018-08-01","‘나는 경솔하고 호기심 많은 당나귀라는 본성을 숨기지 못하고, 도대체 왜 그런지 알아보기 위해 다락방 창문으로 목을 약간 빼어 몰래 밖을 내다보았다.’ 당나귀의 눈으로 본 인간은 어떤 존재일까?","https://contents.kyobobook.co.kr/sih/fit-in/600x0/pdt/9791187142522.jpg"
"202","테리 프랫쳇","멋진 징조들","판타지","시공사","2019-02-11","최후 심판의 날, ‘퀸’의 노래가 울려 퍼지는 가운데, 티베트인과 외계인, 미국인, 아틀란티스인, 다른 희귀하고 괴상한 생물 일동의 코러스를 배경에 깔고, 멋진 검은색 벤틀리 한 대가 제한 속도를 무시하고 달려간다.","https://contents.kyobobook.co.kr/sih/fit-in/600x0/pdt/9788952795649.jpg"
"203","김민정(빅노아)","로맨스 판타지 작법서","판타지","디지털북스","2023-07-05","꾸준히 뜨겁게 사랑받고 있는 로맨스 판타지 장르의 문턱으로 향하기 위해 어떻게 어디서부터 시작해야 할까.","https://contents.kyobobook.co.kr/sih/fit-in/600x0/pdt/9788997466887.jpg"
"204","쓰네카와 고타로","열어보지 말 것","판타지","그늘","2025-06-30","《열어보지 말 것》은 현실과 환상이 맞닿는 문턱에서 시작된다.","https://contents.kyobobook.co.kr/sih/fit-in/600x0/pdt/9791173183980.jpg"
"205","전건우","사이킥 걸","판타지","아프로스미디어","2026-05-13","고등학생 최윤하는 두 개의 정체를 가진다.","https://contents.kyobobook.co.kr/sih/fit-in/600x0/pdt/9791189770730.jpg"
"206","이우혁","퇴마록 혼세편 2","판타지","반타","2025-06-05","누적 판매량 1,000만 부를 돌파, 역대 한국 장르소설 베스트셀러 1위, 온오프라인 서점 스테디셀러 등 누구도 뛰어넘을 수 없는 압도적인 기록을 보유한 한국 오컬트 판타지의 시초 《퇴마록》.","https://contents.kyobobook.co.kr/sih/fit-in/600x0/pdt/9791194654896.jpg"
"207","해도연","위그드라실의 여신들","판타지","안전가옥","2023-09-13","SF 독자는 과학에 대한 갈증을 품고 있다.","https://contents.kyobobook.co.kr/sih/fit-in/600x0/pdt/9791193024287.jpg"
"208","박혜연","기기묘묘 방랑길","판타지","다산책방","2025-04-23","한국형 미스터리 판타지의 가능성을 새롭게 보여주는 신예 작가 박혜연의 장편소설 『기기묘묘 방랑길』이 출간되었다.","https://contents.kyobobook.co.kr/sih/fit-in/600x0/pdt/9791130665429.jpg"
"209","시미즈 하루키","작별의 건너편 3(완결)","판타지","모모","2024-04-15","2023년 우리의 눈시울을 뜨겁게 적신 최고의 감동 힐링 판타지 《작별의 건너편》 시리즈.","https://contents.kyobobook.co.kr/sih/fit-in/600x0/pdt/9791193358801.jpg"
"210","이우혁","퇴마록 혼세편 3","판타지","반타","2025-06-05","한국에서 가장 많이 팔린 장르소설 ‘퇴마록’ 시리즈 이 시리즈의 진정한 클라이맥스 《퇴마록_혼세편》 전 4권","https://contents.kyobobook.co.kr/sih/fit-in/600x0/pdt/9791194654889.jpg"
"211","서귤","삼국평화고등학교 테러 사건","판타지","위즈덤하우스","2023-06-21","676년, 신라가 고구려와 백제를 멸망시키지 못했다면 어떻게 됐을까?","https://contents.kyobobook.co.kr/sih/fit-in/600x0/pdt/9791168126572.jpg"
"212","조 메노스키","킹 세종 더 그레이트","판타지","핏북","2020-10-09","세계적으로 성공한 미국 드라마 ‘스타트렉’의 작가인 조 메노스키는 5년 전 처음으로 ‘한글’을 접하며 세종대왕과 만났다.","https://contents.kyobobook.co.kr/sih/fit-in/600x0/pdt/9791197163302.jpg"
"213","시아란","대멸종","판타지","안전가옥","2021-03-31","한 세계의 끝을 향해 달리는 다섯 편의 이야기 2018 겨울 안전가옥 스토리 공모전 수상 작품집 이승과 저승, 지구와 그 바깥, 지금 여기의 세계와 상상할 수 없던 새로운 세계의 ‘대멸종’ 독특한 주제를 바탕으로…","https://contents.kyobobook.co.kr/sih/fit-in/600x0/pdt/9791196347031.jpg"
"214","티모시 잔","스타크래프트: 진화","판타지","제우미디어","2017-07-25","십여 년에 걸친 잔혹한 전쟁이 마침내 끝났다.","https://contents.kyobobook.co.kr/sih/fit-in/600x0/pdt/9788959525713.jpg"
"215","어슐러 르 귄","머나먼 바닷가","판타지","황금가지","2015-06-09","판타지 분야의 한국어판 도서","https://contents.kyobobook.co.kr/sih/fit-in/600x0/pdt/9788982731938.jpg"
"216","스티븐 킹","다크 타워 1: 최후의 총잡이","판타지","황금가지","2009-05-10","스티븐 킹이 33년이라는 긴 시간 동안 집필한 일생의 역작『다크 타워』시리즈.","https://contents.kyobobook.co.kr/sih/fit-in/600x0/pdt/9788960172111.jpg"
"217","나오미 노빅","테메레르 9: 용들의 연합(완결)","판타지","노블마인","2018-06-20","나폴레옹 전쟁사를 새롭게 그려낸 판타지 장편소설 『테메레르』 제9권 《용들의 연합》 편.","https://contents.kyobobook.co.kr/sih/fit-in/600x0/pdt/9788901220680.jpg"
"218","신카이 마코토","별을 쫓는 아이","판타지","대원씨아이","2018-07-30","『너의 이름은.』 신카이 마코토 감독이 작풍 변신을 기획했던 애니메이션, 『별을 쫓는 아이』!","https://contents.kyobobook.co.kr/sih/fit-in/600x0/pdt/9791133486816.jpg"
"219","짐 케이","몬스터 콜스","판타지","웅진주니어","2019-05-17","[몬스터콜스], 9월 14일 영화 '몬스터콜'로 전격 개봉!","https://contents.kyobobook.co.kr/sih/fit-in/600x0/pdt/9788901140605.jpg"
"220","기예르모 델 토로","셰이프 오브 워터","판타지","온다","2018-03-30","제90회 아카데미 감독상, 작품상 등 4관왕에 오른 영화 《셰이프 오브 워터》의 원작소설이다.","https://contents.kyobobook.co.kr/sih/fit-in/600x0/pdt/9788934993766.jpg"
"221","추공","나 혼자만 레벨업 4(소장판)","판타지","파피루스","2019-08-19","점차 드러나는 일본 헌터협회의 마각, 그리고 개미의 왕!","https://contents.kyobobook.co.kr/sih/fit-in/600x0/pdt/9791136401243.jpg"
"222","레베카 야로스","포스 윙(소프트커버 에디션)","판타지","북폴리오","2025-11-28","2024년 첫 출간 후 여성 독자들을 설렘과 충격으로 잠 못 들게 한 로맨스판타지 소설 《포스 윙》이 소프트커버 에디션으로 재탄생했다.","https://contents.kyobobook.co.kr/sih/fit-in/600x0/pdt/9791175483224.jpg"
"223","전민희","룬의 아이들 블러디드 8","판타지","엘릭시르","2025-05-08","샤를로트와 막시민은 각자의 자리에서 아이언페이스와 세상의 종말, 오래된 약속의 비밀에 다가간다.","https://contents.kyobobook.co.kr/sih/fit-in/600x0/pdt/9791141600082.jpg"
"224","정이담","열세 번째 계절의 소녀들","판타지","한겨레출판","2025-06-30","“심장이 박동했다. 모든 저항의 시작인 소녀가 눈앞에 있었다” 감정이 금지된 겨울의 학교를 녹이는 돌연변이 소녀들의 봄빛 연대와 여름빛 사랑","https://contents.kyobobook.co.kr/sih/fit-in/600x0/pdt/9791172132736.jpg"
"225","가와구치 도시카즈","커피가 식기 전에","판타지","비빔북스","2019-07-22","★일본 개봉 화제작 〈커피가 식기 전에〉 원작 소설!","https://contents.kyobobook.co.kr/sih/fit-in/600x0/pdt/9791189692032.jpg"
"226","미나리마","미나리마의 마법","판타지","문학수첩","2023-04-24","호그와트 입학 통지서부터 온갖 마법 교과서, 《예언자일보》 등 마법사 신문뿐만 아니라 ‘뼈가쑥쑥’ 마법약 병, 도둑 지도, 허니듀크스에서 파는 과자 포장까지 〈해리 포터〉 마법 세계를 만드는 데 한몫을 담담한…","https://contents.kyobobook.co.kr/sih/fit-in/600x0/pdt/9788983922335.jpg"
"227","여원","저승 서점","판타지","담다","2025-09-20","삶이 끝난 자, 삶을 포기한 자, 그리고 아직 떠나지 못한 영혼들.","https://contents.kyobobook.co.kr/sih/fit-in/600x0/pdt/9791189784560.jpg"
"228","제임스 매슈 배리","피터팬과 웬디(미니북)","판타지","자화상","2025-01-27","울음소리에 잠에서 깬 웬디가 침대에서 몸을 일으켰다.","https://contents.kyobobook.co.kr/sih/fit-in/600x0/pdt/9791194440031.jpg"
"229","곽혜린","사랑합니다, 고객님 시간생명보험사입니다","판타지","제이알매니지먼트","2026-05-06","열심히 살았던 당신에게 어느 날 시한부 선고가 떨어진다면?","https://contents.kyobobook.co.kr/sih/fit-in/600x0/pdt/9791194274360.jpg"
"230","케이트 디카밀로","에드워드 툴레인의 신기한 여행","판타지","비룡소","2024-05-15","‘살아감’의 철학을 바탕으로 자신만의 따듯하고 고유한 세계를 펼쳐가는 작가 케이트 디카밀로의 『에드워드 툴레인의 신기한 여행』.","https://contents.kyobobook.co.kr/sih/fit-in/600x0/pdt/9788949171197.jpg"
"231","허버트 조지 웰스","담장에 난 문","판타지","니케북스","2026-03-05","‘타임머신’이란 단어를 가장 처음 쓴 사람이 누구인지 아는가?","https://contents.kyobobook.co.kr/sih/fit-in/600x0/pdt/9791194706304.jpg"
"232","니레 이츠키","뱀파이어 레스토랑","판타지","열림원","2026-02-20","일본 문단에 신선한 충격을 안긴 화제작이 2025 제11회 신초 미스터리 대상 수상을 통해 모습을 드러냈다.","https://contents.kyobobook.co.kr/sih/fit-in/600x0/pdt/9791170403722.jpg"
"233","조남현","김구, 만들어진 신화","판타지","미래사","2026-03-25","이 책은 제목에서 시사하듯 ‘김구 신화’가 허상임을 폭로한다. 흔히 대중은 김구가 나라의 독립과 민족 통일에 평생을 바친 지도자로 기억한다. 하지만 김구는 결코 순백의 영혼이 아니었음을 이 책은 고발한다.","https://contents.kyobobook.co.kr/sih/fit-in/600x0/pdt/9788970871707.jpg"
"234","이애숙","다케토리 이야기","판타지","지식의날개","2023-02-15","10세기경 창작된 것으로 알려진 일본 최초의 소설.","https://contents.kyobobook.co.kr/sih/fit-in/600x0/pdt/9788920045462.jpg"
"235","고토게 코요하루","귀멸의 칼날 무한열차편 노벨라이즈","판타지","학산문화사","2024-06-10","인기 만화 귀멸의 칼날! 만화의 감동을 소설로 옮긴 대망의 노벨라이즈 무한열차편!","https://contents.kyobobook.co.kr/sih/fit-in/600x0/pdt/9791141123710.jpg"
"236","가와카미 히로미","큰 새에게 사로잡히지 않도록","SF","디플롯","2026-07-10","아쿠타가와상 수상 작가이자 심사위원, 독보적 감각의 마술적 사실주의로 일본 문학을 이끄는 가와카미 히로미의 대표작 진화한 인류들과 인공지능이 끝내 맞이한 소멸의 시간, 마지막 인류가 묻는다 우리는 무엇이었고…","https://contents.kyobobook.co.kr/sih/fit-in/600x0/pdt/9791193591536.jpg"
"237","올더스 헉슬리","멋진 신세계","SF","소담출판사","2015-06-12","과학이 최고도로 발달해 사회의 모든 면을 관리, 지배하고 인간의 추생과 자유까지 통제하는 미래 문명 세계를 그린 올더스 헉슬리의 『멋진 신세계』.","https://contents.kyobobook.co.kr/sih/fit-in/600x0/pdt/9788973814725.jpg"
"238","이유리","외계 생물의 잠","SF","허블","2026-07-15","SF 전문 출판사 허블에서 새로운 형태의 SF를 선보인다.","https://contents.kyobobook.co.kr/sih/fit-in/600x0/pdt/9791124668023.jpg"
"239","앤디 위어","프로젝트 헤일메리","SF","알에이치코리아","2026-02-19","전 세계 SF 팬들을 사로잡은 화제의 소설 《프로젝트 헤일메리》가 마침내 스크린으로 향한다.","https://contents.kyobobook.co.kr/sih/fit-in/600x0/pdt/9788925588735.jpg"
"240","예소연","출력되는 마음","SF","허블","2026-07-15","SF 전문 출판사 허블에서 새로운 형태의 SF를 선보인다.","https://contents.kyobobook.co.kr/sih/fit-in/600x0/pdt/9791124668047.jpg"
"241","이토 게이카쿠","학살기관","SF","문학수첩","2026-06-10","21세기 가장 비범한 데뷔작이자, 일본뿐만 아니라 전 세계 SF 문학에 큰 충격과 영향을 준 걸작 SF 장편소설 《학살기관(虐殺器官)》이 문학수첩에서 다시 출간된다.","https://contents.kyobobook.co.kr/sih/fit-in/600x0/pdt/9791173830471.jpg"
"242","알렉산더 와인스타인","신세계의 아이들","SF","에이유앤씨","2026-08-13","≪신세계의 아이들≫은 영화 〈애프터 양〉([파친코]의 코고나다 연출, A24 제작)의 원작이 수록된 알렉산더 와인스타인의 데뷔 단편집이다.","https://contents.kyobobook.co.kr/sih/fit-in/600x0/pdt/9791199064416.jpg"
"243","문목하","돌이킬 수 있는","SF","아작","2025-07-25","촉망받는 신입 수사관 윤서리, 하지만 부패경찰을 도와 일하게 된 그녀는 건드리지 말아야 할 범죄조직을 건드리고, 비공식 명령을 받아 어느 암살 작전에 투입된다.","https://contents.kyobobook.co.kr/sih/fit-in/600x0/pdt/9791166688768.jpg"
"244","앨프리드 베스터","파괴된 남자","SF","다산책방","2026-08-26","아이작 아시모프·스티븐 킹·윌리엄 깁슨·그렉 베어 등 수많은 SF 거장의 찬사를 받은 ‘거장들의 거장’ 앨프리드 베스터의 제1회 휴고상 수상작 『파괴된 남자』가 23년 만에 복간되어 찾아왔다.","https://contents.kyobobook.co.kr/sih/fit-in/600x0/pdt/9791130682433.jpg"
"245","박지선","루미너스","SF","황금가지","2026-06-12","《가디언》 올해의 도서에 선정된 재미 한인 작가 박지선의 SF 화제작 『루미너스』가 황금가지에서 출간되었다.","https://contents.kyobobook.co.kr/sih/fit-in/600x0/pdt/9791170527527.jpg"
"246","단요","존재의 대연쇄","SF","사계절","2026-06-23","2022년부터 2026년 6월까지 4년 동안 14권의 책을 출간하며 이제는 믿고 읽는 작가로 자리매김한 단요 작가의 SF 소설집 『존재의 대연쇄』가 출간되었다.","https://contents.kyobobook.co.kr/sih/fit-in/600x0/pdt/9791169814454.jpg"
"247","앨프리드 베스터","타이거! 타이거!","SF","다산책방","2026-08-25","아이작 아시모프·윌리엄 깁슨·칼 세이건·스티븐 킹 등 수많은 SF 거장에게 영감을 준 ‘거장들의 거장’ 앨프리드 베스터의 대표작 『타이거!","https://contents.kyobobook.co.kr/sih/fit-in/600x0/pdt/9791130682440.jpg"
"248","이주원","빛의 파편","SF","프로방스","2026-07-30","“과거로부터 혹은 미래로부터 온 편지를 받을 언젠가의 당신에게.” 로테르가 7번지의 오래된 벽돌집.","https://contents.kyobobook.co.kr/sih/fit-in/600x0/pdt/9791164804214.jpg"
"249","김보영","당신을 기다리고 있어","SF","래빗홀","2026-05-30","한국 SF를 대표하는 작가 중 한 명이자 세계 문학계의 주목을 받고 있는 소설가 김보영의 ‘스텔라 오디세이 트릴로지’가 2026년 여름 래빗홀에서 개정합본판 《당신을 기다리고 있어》로 한데 모여 독자를 만난다.","https://contents.kyobobook.co.kr/sih/fit-in/600x0/pdt/9791168343870.jpg"
"250","최정원","허밍","SF","창비","2025-01-10","『폭풍이 쫓아오는 밤』으로 창비×카카오페이지 영어덜트소설상을 수상하고 『저희는 이 행성을 떠납니다』로 비룡소 틴스토리킹상을 수상하며 평단과 독자의 너른 사랑을 받은 최정원의 신작 장편소설 『허밍』(소설Y)이…","https://contents.kyobobook.co.kr/sih/fit-in/600x0/pdt/9788936431525.jpg"
"251","테드 창","당신 인생의 이야기","SF","엘리","2016-10-19","과학소설 작가 테드 창의 SF 소설집 『당신 인생의 이야기』.","https://contents.kyobobook.co.kr/sih/fit-in/600x0/pdt/9788956057842.jpg"
"252","류츠신","삼체 1: 삼체문제","SF","자음과모음","2022-02-15","◆ 2024년 3월 21일, 넷플릭스 8부작 방영!","https://contents.kyobobook.co.kr/sih/fit-in/600x0/pdt/9788954442695.jpg"
"253","다카노 가즈아키","제노사이드","SF","황금가지","2022-08-10","의 작가 다카노 가즈아키가 선보이는 지적인 소설 『제노사이드』.","https://contents.kyobobook.co.kr/sih/fit-in/600x0/pdt/9788960174191.jpg"
"254","류츠신","삼체 2: 암흑의 숲","SF","자음과모음","2022-02-15","◆ 2024년 3월 21일, 넷플릭스 8부작 방영!","https://contents.kyobobook.co.kr/sih/fit-in/600x0/pdt/9788954442701.jpg"
"255","메리 셸리","프랑켄슈타인(무삭제 완역본)","SF","현대지성","2021-05-21","“우리 장르는 200년 전, 메리 셸리라는 19세 천재 소녀의 발명품이다.” 어떤 SF 작가의 고백처럼, 남성의 전유물로 여겨지던 과학을 소재로 한 SF 장르는 놀랍게도 이 책으로부터 출발한다.","https://contents.kyobobook.co.kr/sih/fit-in/600x0/pdt/9791166815386.jpg"
"256","류츠신","삼체 3: 사신의 영생","SF","자음과모음","2022-02-15","◆ 2024년 3월 21일, 넷플릭스 8부작 방영!","https://contents.kyobobook.co.kr/sih/fit-in/600x0/pdt/9788954442718.jpg"
"257","김보영","종의 기원담","SF","아작","2023-06-14","다시 꺼내 보는 말, 2010년 김보영의 소설집 《멀리 가는 이야기》와 《진화신화》가 처음 나왔을 때, 소설가 박민규는 다음과 같이 썼다.","https://contents.kyobobook.co.kr/sih/fit-in/600x0/pdt/9791166687204.jpg"
"258","김초엽","파견자들","SF","퍼블리온","2023-10-13","인간에게 광증을 퍼뜨리는 아포(芽胞)로 가득찬 지상 세계.","https://contents.kyobobook.co.kr/sih/fit-in/600x0/pdt/9791191587524.jpg"
"259","문목하","유령해마(소장판)","SF","아작","2026-03-10","한국 SF와 장르 문학의 지평을 넓혔다는 평가를 받는 문목하 작가의 화제작, 《유령해마》가 출간 7년 만에 새로운 모습의 소장판(양장본)으로 독자들을 찾아온다.","https://contents.kyobobook.co.kr/sih/fit-in/600x0/pdt/9791166688867.jpg"
"260","캘리앤 브래들리","시간관리국","SF","비채","2026-03-06","〈뉴욕타임스〉 〈선데이타임스〉 〈LA타임스〉 베스트셀러, BBC커커스 등 32개 매체 선정 가장 기대되는 책, 〈굿모닝 아메리카 북클럽〉 〈아마존〉 이달의 책, 〈옵저버〉 선정 올해 최고의 데뷔작, 휴고상 최종…","https://contents.kyobobook.co.kr/sih/fit-in/600x0/pdt/9791173325441.jpg"
"261","김초엽","방금 떠나온 세계","SF","한겨레출판","2021-10-20","지금까지의 김초엽이 SF를 말할 때 가장 먼저 소개되는 작가였다면, 지금의 김초엽은 한국 문학을 말할 때 가장 먼저 소환되어야 하는 작가가 되었다.","https://contents.kyobobook.co.kr/sih/fit-in/600x0/pdt/9791160406504.jpg"
"262","마리-헐린 버티노","외계인 자서전","SF","은행나무","2025-07-21","우연히 지구에서 태어난 외계인의 외롭고 찬란한 일생을 그린 소설, 마리-헐린 버티노의 《외계인 자서전》이 은행나무출판사에서 출간되었다.","https://contents.kyobobook.co.kr/sih/fit-in/600x0/pdt/9791167375735.jpg"
"263","황모과","그린 레터","SF","다산책방","2024-07-17","역사를 화소로 삼아 말과 국가를 잃은 이들의 이야기에 꾸준히 천착해온 황모과 작가가 다산책방에서 새로운 디아스포라 SF 소설 『그린 레터』를 선보인다.","https://contents.kyobobook.co.kr/sih/fit-in/600x0/pdt/9791130653495.jpg"
"264","류츠신","삼체 0: 구상섬전","SF","다산책방","2025-08-28","아시아 작가 최초로 ‘SF의 노벨상’이라 불리는 휴고상을 수상하며 전 세계에 ‘삼체 신드롬’을 일으킨 SF 거장 류츠신.","https://contents.kyobobook.co.kr/sih/fit-in/600x0/pdt/9791130669458.jpg"
"265","김소연","일인용 캡슐","SF","라임","2021-07-12","기후 재앙 카운트다운은 이미 시작됐다!","https://contents.kyobobook.co.kr/sih/fit-in/600x0/pdt/9791189208813.jpg"
"266","테드 창","숨","SF","엘리","2019-05-20","4번의 휴고상, 4번의 네뷸러상, 4번의 로커스상 등 최고의 SF에 수여되는 모든 상을 석권한 테드 창의 두 번째 작품집 『숨』.","https://contents.kyobobook.co.kr/sih/fit-in/600x0/pdt/9791164050277.jpg"
"267","전삼혜","궤도의 밖에서, 나의 룸메이트에게","SF","문학동네","2021-04-30","너는 나의 세계였으니, 나도 너에게 세계를 줄 거야.","https://contents.kyobobook.co.kr/sih/fit-in/600x0/pdt/9788954679527.jpg"
"268","아이작 아시모프","파운데이션","SF","황금가지","2013-10-04","아이작 아시모프가 1942년부터 집필하여 사망에 이른 1992년까지 약 50년간 집필한 「파운데이션」시리즈 제 1권 『파운데이션』.","https://contents.kyobobook.co.kr/sih/fit-in/600x0/pdt/9788960177567.jpg"
"269","클레어 노스","해리 오거스트의 열다섯 번째 삶","SF","반타","2025-10-28","방대한 분량과 거대한 서사적 스케일, ‘제2차 세계대전 전후 유럽’이라는 배경에서 오는 심리적 거리감에도 “진짜 미친 책”, “결말을 보기 위해 새벽까지 달렸다”, “반드시 이름을 기억해놓아야 할 작가” 등의…","https://contents.kyobobook.co.kr/sih/fit-in/600x0/pdt/9791194979821.jpg"
"270","조예은","스노볼 드라이브","SF","민음사","2021-02-15","“또다시 그 위에 눈이 쌓이더라도, 오직 내달리는 사람의 열기만이 이 세계를 조금씩 녹인다는 것을 이제는 어쩐지 알 것 같다.” -김초엽(소설가)┃추천의 말에서 조예은 신작 장편소설 『스노볼 드라이브』가 민음사…","https://contents.kyobobook.co.kr/sih/fit-in/600x0/pdt/9788937473319.jpg"
"271","그렉 이건","쿼런틴","SF","허블","2022-12-21","작품 제목인 ‘쿼런틴(Quarantine)’은 ‘격리’, ‘검역’, ‘차단’이란 뜻을 가지고 있다.","https://contents.kyobobook.co.kr/sih/fit-in/600x0/pdt/9791190090780.jpg"
"272","정보라","너의 유토피아","SF","래빗홀","2025-01-15","부커상과 전미도서상 최종 후보로 선정되었던 정보라의 두 번째 소설집 《너의 유토피아》가 2025년 1월 래빗홀에서 다시 출간되었다.","https://contents.kyobobook.co.kr/sih/fit-in/600x0/pdt/9791168342569.jpg"
"273","김초엽","토막 난 우주를 안고서","SF","허블","2025-06-18","“지금 가장 쓰고 싶은 이야기를 써볼까요?” 이에 대한 다섯 작가의 공통된 응답, “죽음 너머, 그리고 사랑” SF 전문 출판사 허블에서 한국과학문학상 10주년을 기념하여 수상 작가 다섯 명과 함께 SF 앤솔러지…","https://contents.kyobobook.co.kr/sih/fit-in/600x0/pdt/9791193078563.jpg"
"274","이경희","테세우스 패러독스","SF","안전가옥","2025-10-15","독자들은 소설 『테세우스 패러독스』를 위와 같이 표현했다.","https://contents.kyobobook.co.kr/sih/fit-in/600x0/pdt/9791194891055.jpg"
"275","로버트 란자","옵서버","SF","리프","2025-12-03","오빠의 장례식 날 부모와 절연하고 미혼모 동생과 장애가 있는 조카를 홀로 책임지고 살아가는 캐로.","https://contents.kyobobook.co.kr/sih/fit-in/600x0/pdt/9791194530763.jpg"
"276","이하진","마지막 증명","SF","안전가옥","2024-01-30","이하진 작가의 《마지막 증명》이 안전가옥 쇼-트 스물여섯 번째 책으로 출간되었다.","https://contents.kyobobook.co.kr/sih/fit-in/600x0/pdt/9791193024485.jpg"
"277","히가시노 게이고","아들 도키오","SF","비채","2020-04-30","세대 불문, 성별 불문 한국인이 가장 사랑하는 일본 작가 히가시노 게이고.","https://contents.kyobobook.co.kr/sih/fit-in/600x0/pdt/9788934977056.jpg"
"278","김나현","휴먼의 근사치","SF","다산책방","2022-06-21","근미래, 이상기후로 생명체가 살아가기 어려워진 지구에서 인간과 AI가 조건 없는 우정으로 서로를 지켜내는 과정을 통해 인간과 비인간의 경계에 질문을 던지는 『휴먼의 근사치』는 떠오르는 신예 김나현 작가의 첫…","https://contents.kyobobook.co.kr/sih/fit-in/600x0/pdt/9791130691053.jpg"
"279","하오징팡","고독 깊은 곳","SF","글항아리","2018-12-28","가능성의 세계가 보여주는 탄생과 소외의 감각 섬세한 감성과 냉철한 이성의 교집합 『고독 깊은 곳』은 하오징팡이 2010년에서 2016년까지 발표한 중단편소설이 묶어낸 소설집으로, 휴고상 수상작 「접는…","https://contents.kyobobook.co.kr/sih/fit-in/600x0/pdt/9788967355821.jpg"
"280","김보영","얼마나 닮았는가","SF","아작","2020-10-31","과작(寡作)으로 소문난 김보영 작가가 10년간 쓴 중단편 모음집『얼마나 닮았는가』.","https://contents.kyobobook.co.kr/sih/fit-in/600x0/pdt/9791165508845.jpg"
"281","정보라","붉은 칼","SF","래빗홀","2026-03-08","내가 아는 영웅은 끝이 보이지 않는 싸움에 뛰어들어 옆 사람의 잡은 손을 절대로 놓지 않는 그냥 보통의 평범하고 용감한 사람들이다.","https://contents.kyobobook.co.kr/sih/fit-in/600x0/pdt/9791168343641.jpg"
"282","에이드리언 차이콥스키","휴먼, 어디에 있나요?","SF","엘리","2026-04-27","현대 SF의 거장 에이드리언 차이콥스키의 신작 『휴먼, 어디에 있나요?』가 엘리에서 출간되었다.","https://contents.kyobobook.co.kr/sih/fit-in/600x0/pdt/9791191247725.jpg"
"283","이희영","테스터","SF","허블","2022-11-28","독자의 상상력을 자극하고 확장시켜 줄 허블 청소년 시리즈의 첫 책은 30만 명의 독자들이 사랑한 베스트셀러 『페인트』를 쓴 이희영 작가의 장편소설 『테스터』이다.","https://contents.kyobobook.co.kr/sih/fit-in/600x0/pdt/9791190090766.jpg"
"284","아이라 레빈","이 완벽한 날","SF","허블","2026-04-29","『1984』 『멋진 신세계』와 함께 '프로메테우스 명예의 전당'에 헌액된 ‘서스펜스의 대가’ 아이라 레빈의 유일한 디스토피아 SF 허블에서 아이라 레빈의 장편소설 『이 완벽한 날』이 출간되었다.","https://contents.kyobobook.co.kr/sih/fit-in/600x0/pdt/9791193078907.jpg"
"285","연여름","빛의 조각들","SF","오리지널스","2025-11-07","원한다면 누구든 우주를 유영할 수 있는 어느 미래, 인간은 신체의 원하는 부위를 자유롭게 기계로 강화한 ‘인핸서’와 타고난 신체를 그대로 가지고 살아가는 ‘오가닉’으로 나뉜다.","https://contents.kyobobook.co.kr/sih/fit-in/600x0/pdt/9791169085366.jpg"
"286","장강명","종말까지 다섯 걸음","SF","문학동네","2025-08-26","장르를 넘나드는 감각과 동시대 사회를 바라보는 치열한 시선으로 독보적인 자리를 일구어온 작가, 장강명의 첫 짧은 소설집 『종말까지 다섯 걸음』이 출간되었다.","https://contents.kyobobook.co.kr/sih/fit-in/600x0/pdt/9791141602499.jpg"
"287","김보영","고래눈이 내리다","SF","래빗홀","2025-05-19","“김보영의 책은 레이 브래드버리와 어슐러 르 귄, 무라카미 하루키 책장 옆에 놓일 것이다” (《퍼블리셔스 위클리》) 한국 SF를 대표하는 작가 중 한 명이자 세계 독자에게 각별한 사랑을 받아온 소설가 김보영이…","https://contents.kyobobook.co.kr/sih/fit-in/600x0/pdt/9791168342880.jpg"
"288","닐 셔스터먼","언디바이디드: 온전한 존재","SF","열린책들","2025-07-10","미 도서상 수상 작가이자 전작 〈수확자〉 시리즈로 한국 독자의 큰 사랑을 받은 닐 셔스터먼의 대표적 SF 〈언와인드 디스톨로지〉 시리즈가 강동혁 번역가의 번역으로 열린책들에서 출간되었다.","https://contents.kyobobook.co.kr/sih/fit-in/600x0/pdt/9788932925257.jpg"
"289","허버트 조지 웰스","모로 박사의 섬","SF","문예출판사","2025-03-30","남태평양에서 조난당한 에드워드 프렌딕은 우여곡절 끝에 지나가던 배에 구조돼 한 섬에 도착한다.","https://contents.kyobobook.co.kr/sih/fit-in/600x0/pdt/9788931024814.jpg"
"290","임야비","악의 유전학","SF","쌤앤파커스","2023-09-20","1809년, 라마르크는 《동물 철학》에서 환경에 따라 필요한 부분은 발달, 불필요한 부분은 퇴화되어 유전된다는 ‘용불용설’ 이론을 내세우면서, 환경에 의해 ‘획득’한 ‘형질’은 이후 세대에게 물려줄 수 있다는…","https://contents.kyobobook.co.kr/sih/fit-in/600x0/pdt/9791165348144.jpg"
"291","윌리엄 깁슨","뉴로맨서","SF","황금가지","2005-06-14","사이버스페이스를 오가며 정보를 해킹하는 주인공을 등장시켜 SF의 새로운 장을 연 윌리엄 깁슨의 고전.","https://contents.kyobobook.co.kr/sih/fit-in/600x0/pdt/9788982738852.jpg"
"292","닐 셔스터먼","언솔드: 흩어진 조각들","SF","열린책들","2025-07-10","전미 도서상 수상 작가이자 전작 〈수확자〉 시리즈로 한국 독자의 큰 사랑을 받은 닐 셔스터먼의 대표적 SF 〈언와인드 디스톨로지〉 시리즈가 강동혁 번역가의 번역으로 열린책들에서 출간되었다.","https://contents.kyobobook.co.kr/sih/fit-in/600x0/pdt/9788932925240.jpg"
"293","옥타비아 버틀러","새벽","SF","허블","2026-01-14","허블에서 옥타비아 버틀러의 '제노제네시스(Xenogenesis) 3부작'의 첫 작품인 『새벽』이 출간되었다.","https://contents.kyobobook.co.kr/sih/fit-in/600x0/pdt/9791193078785.jpg"
"294","레이 브래드버리","민들레 와인","SF","황금가지","2009-02-06","환상 문학의 거장 레이 브래드버리의 서정적 판타지『민들레 와인』.","https://contents.kyobobook.co.kr/sih/fit-in/600x0/pdt/9788960170612.jpg"
"295","메리 도리아 러셀","스패로","SF","황금가지","2022-05-31","인류학자 출신 여성 작가 메리 도리아 러셀의 전설적인 SF 『스패로』가 새로운 모습으로 돌아왔다.","https://contents.kyobobook.co.kr/sih/fit-in/600x0/pdt/9791170521679.jpg"
"296","그렉 이건","내가 행복한 이유","SF","허블","2022-08-16","“그렉 이건의 작품들은 실로 경탄스럽다.” - 테드 창(소설가) “장담컨대, 일단 펼쳐 들면 끝까지 놓지 못할 것이다.” - 김초엽(소설가) 동시대 SF 작가에게 영향을 끼친 마스터피스 ‘작가들의 작가’ 그렉…","https://contents.kyobobook.co.kr/sih/fit-in/600x0/pdt/9791190090674.jpg"
"297","곽재식","지상 최대의 내기","SF","아작","2019-07-01","한국 최고의 블랙 코미디 작가 곽재식의 귀환!","https://contents.kyobobook.co.kr/sih/fit-in/600x0/pdt/9791189015671.jpg"
"298","이서현","노 이모션","SF","해피북스투유","2026-01-27","감정을 제거할 수 있다면 감정 제거를 선택할 것인가?","https://contents.kyobobook.co.kr/sih/fit-in/600x0/pdt/9791170965718.jpg"
"299","레이 네일러","터스크","SF","위즈덤하우스","2026-02-26","데뷔작 《바닷속의 산》으로 로커스 최우수 신인 소설상을 수상하고, 밀도 높은 서사와 정교한 묘사로 “떠오르는 거장”이라는 찬사를 받았던 작가 레이 네일러의 두 번째 소설 《터스크》가 위즈덤하우스에서 출간되었다.","https://contents.kyobobook.co.kr/sih/fit-in/600x0/pdt/9791175910355.jpg"
"300","그렉 이건","잠과 영혼","SF","허블","2026-03-11","“내가 근래 집필한 중단편 중에서도 특히 애착을 느끼는 작품들이 실려 있다.” 엄선된 최신작으로 집대성한 21세기 그렉 이건의 결정판 뇌 속 '나'의 탐구를 넘어, 광활한 우주로 '나'를 확장하다 허블에서 그렉…","https://contents.kyobobook.co.kr/sih/fit-in/600x0/pdt/9791193078808.jpg"
"301","율리 체","어떤 소송","SF","민음사","2024-09-06","신체에 대한 염려가 모든 지적 가치를 대체하는 미래. 건강 독재 사회에 대한 율리 체의 신랄한 공상 과학 소설","https://contents.kyobobook.co.kr/sih/fit-in/600x0/pdt/9788937454745.jpg"
"302","그렉 베어","탄젠트","SF","허블","2025-11-10","과학기술의 미래를 통찰력 있게 전망하고, 그것이 당시의 이데올로기와 충돌할 때 벌어질 사건사고를 설득력 있게 예측했다는 평가를 받는 작가, 그렉 베어의 소설 『탄젠트』가 워프 시리즈 9번째 도서로 허블에서 출간됐다.","https://contents.kyobobook.co.kr/sih/fit-in/600x0/pdt/9791193078686.jpg"
"303","이언 매큐언","나 같은 기계들","SF","문학동네","2023-08-16","『나 같은 기계들』은 현대 영문학을 대표하는 작가 이언 매큐언의 열다섯번째 장편소설이자 그의 유일무이한 SF 소설로, 과학기술이 획기적으로 발전한 가상의 과거를 배경으로 인류 최초의 인조인간을 손에 넣은 청년의…","https://contents.kyobobook.co.kr/sih/fit-in/600x0/pdt/9788954694063.jpg"
"304","베르나르 베르베르","신 1: 우리는 신","SF","열린책들","2024-01-30","계획부터 집필에 걸린 시간만 9년에 달하는 베르베르 생애 최고의 대작 『신』이 새로운 판형과 표지를 갖추고 독자들을 찾아왔다.","https://contents.kyobobook.co.kr/sih/fit-in/600x0/pdt/9788932924052.jpg"
"305","닐 셔스터먼","언와인드: 하비스트 캠프의 도망자","SF","열린책들","2025-07-01","전미 도서상 수상 작가이자 전작 〈수확자〉 시리즈로 한국 독자의 큰 사랑을 받은 닐 셔스터먼의 대표적 SF 〈언와인드 디스톨로지〉 시리즈가 강동혁 번역가의 번역으로 열린책들에서 출간되었다.","https://contents.kyobobook.co.kr/sih/fit-in/600x0/pdt/9788932925226.jpg"
"306","정보라","태초에 외계인이 지구를 평평하게 창조하였으니","SF","안온북스","2023-09-06","SF 소설 앤솔러지 《태초에 외계인이 지구를 평평하게 창조하였으니》가 안온북스에서 출간되었다.","https://contents.kyobobook.co.kr/sih/fit-in/600x0/pdt/9791192638195.jpg"
"307","김이환","소심한 사람들만 남았다","SF","북다","2023-06-30","『절망의 구』, 『초인은 지금』 등 꾸준히 특색 있는 SF소설을 써온 김이환 작가가 7년 만에 장편소설 『소심한 사람들만 남았다』를 발표했다.","https://contents.kyobobook.co.kr/sih/fit-in/600x0/pdt/9791170610120.jpg"
"308","단요","개의 설계사","SF","아작","2023-06-26","작가가 요약한 시놉시스를 토대로 작품을 소개하자면, 슈퍼스타 소녀가 기르는 로봇 개가 있고, 그 로봇 개의 인공지능을 슈퍼스타에 맞춰 설계한 설계사가 있다.","https://contents.kyobobook.co.kr/sih/fit-in/600x0/pdt/9791166687372.jpg"
"309","옥타비아 버틀러","은총을 받은 사람의 우화","SF","비채","2023-05-24","흑인 여성 SF 작가로서 선구자적 활동을 펼친 ‘그랜드 데임’ 옥타비아 버틀러의 디스토피아 소설.","https://contents.kyobobook.co.kr/sih/fit-in/600x0/pdt/9788934961987.jpg"
"310","김초엽","다시, 몸으로","SF","래빗홀","2025-06-11","한국과 중국의 여성 SF 소설가 여섯 명이 ‘신체성’이라는 주제에 각자의 개성을 담아낸 단편소설을 선보이는 《다시, 몸으로》가 출간되었다.","https://contents.kyobobook.co.kr/sih/fit-in/600x0/pdt/9791168342958.jpg"
"311","우케쓰","이상한 지도","추리","리드비","2026-08-27","발매 한 달 만에 70만 부를 돌파하고, 전 세계 30개국 이상 번역 출간된 《이상한 지도》.","https://contents.kyobobook.co.kr/sih/fit-in/600x0/pdt/9791192738888.jpg"
"312","히가시노 게이고","투명한 나선","추리","북다","2026-07-13","유카와의 비밀이 처음 밝혀지는 갈릴레오 시리즈 최신작 ◆ 이름이 곧 장르인 작가 히가시노 게이고 대표 시리즈 ‘오늘의 일본을 대표하는 작가’, ‘동아시아에서 가장 사랑받는 미스터리 작가’, ‘한국인이 제일…","https://contents.kyobobook.co.kr/sih/fit-in/600x0/pdt/9791170614043.jpg"
"313","히가시노 게이고","가공범","추리","북다","2025-07-21","히가시노 게이고 작가 데뷔 40주년! 진실을 찾는 눈, 진심을 향한 걸음 고다이 쓰토무가 시작하는 새로운 시리즈 “이 소재를 작품으로 쓸 날은 오지 않을 거라고 생각했습니다.” - 히가시노 게이고 ‘오늘의 일본을…","https://contents.kyobobook.co.kr/sih/fit-in/600x0/pdt/9791170612759.jpg"
"314","히가시노 게이고","악의","추리","현대문학","2019-07-25","냉철한 머리, 뜨거운 심장, 빈틈없이 날카로운 눈매로 범인을 쫓지만 어떤 상황에서도 인간에 대한 따뜻한 배려를 잃지 않는 불세출의 형사 가가 교이치로.","https://contents.kyobobook.co.kr/sih/fit-in/600x0/pdt/9788972750031.jpg"
"315","히가시노 게이고","매스커레이드 라이프","추리","현대문학","2026-07-01","일본에서 가장 사랑받는 미스터리 작가, 대표작 『나미야 잡화점의 기적』으로 미스터리 팬을 넘어 전 세계 독자들에게 ‘작은 선의의 선택들이 모였을 때, 우리의 삶이 어떤 기적으로 이어질 수 있는가’를 선보인…","https://contents.kyobobook.co.kr/sih/fit-in/600x0/pdt/9791167903662.jpg"
"316","우사미 마코토","어리석은 자의 독","추리","블루홀식스(블루홀6)","2026-08-19","제70회 일본추리작가협회상 장편 및 연작단편집 부문을 수상한 우사미 마코토의 대표작 『어리석은 자의 독』이 블루홀식스에서 2020년 12월에 처음 출간되었다.","https://contents.kyobobook.co.kr/sih/fit-in/600x0/pdt/9791193149768.jpg"
"317","아사네 주지","천 년의 후더닛","추리","내친구의서재","2026-08-20","인류 최초의 냉동수면 실험에 참여한 일곱 명.","https://contents.kyobobook.co.kr/sih/fit-in/600x0/pdt/9791191803648.jpg"
"318","나카야마 시치리","히포크라테스 회한","추리","블루홀식스(블루홀6)","2026-08-10","나카야마 시치리의 『히포크라테스 회한』이 블루홀식스에서 출간되었다.","https://contents.kyobobook.co.kr/sih/fit-in/600x0/pdt/9791193149799.jpg"
"319","하라다 마하","리볼버","추리","북스피어","2026-08-31","“방아쇠를 당긴 것은 정말 고흐 자신이었을까?” 미술사 최대의 비극인 ‘빈센트 반 고흐의 죽음’을 파헤친 아트 미스터리.","https://contents.kyobobook.co.kr/sih/fit-in/600x0/pdt/9791192313917.jpg"
"320","오야마 세이이치로","죽음의 인연","추리","리드비","2026-06-30","본격 미스터리의 거장 오야마 세이이치로의 ‘붉은 박물관 시리즈’ 그 세 번째 이야기이자 오야마 세이이치로의 최신작 《죽음의 인연》이 드디어 국내에 출간된다.","https://contents.kyobobook.co.kr/sih/fit-in/600x0/pdt/9791192738819.jpg"
"321","이사카 고타로","굿바이, 재버워크","추리","인플루엔셜","2026-06-29","폭력 남편을 우발적으로 살해하고 절망에 빠진 료코.","https://contents.kyobobook.co.kr/sih/fit-in/600x0/pdt/9791168343955.jpg"
"322","장강명","굿 게임 굿 럭","추리","오리지널스","2026-08-05","공정한 승부의 세계를 뒤흔든 다섯 개의 사건 경쟁과 욕망 뒤에 감춰진 충격적인 진실이 드러나는 순간 스포츠의 세계는 공정해야만 한다.","https://contents.kyobobook.co.kr/sih/fit-in/600x0/pdt/9791169087476.jpg"
"323","오야마 세이이치로","알파벳 퍼즐러즈","추리","톰캣","2026-08-05","데뷔작부터 일본 본격 미스터리계의 대표 연간 랭킹 〈본격 미스터리 베스트 10〉에 오르며 강렬한 인상을 남긴 오야마 세이이치로.","https://contents.kyobobook.co.kr/sih/fit-in/600x0/pdt/9791199721838.jpg"
"324","혜림","제9회 엘릭시르 미스터리 대상 수상작품집","추리","엘릭시르","2026-06-19","추리 분야의 한국어판 도서","https://contents.kyobobook.co.kr/sih/fit-in/600x0/pdt/9791141617202.jpg"
"325","마야 유타카","안녕 신","추리","내친구의서재","2026-06-18","초등학교 5학년 교실, ‘소년탐정단’ 아이들의 시선으로 이야기가 시작된다.","https://contents.kyobobook.co.kr/sih/fit-in/600x0/pdt/9791191803617.jpg"
"326","요네자와 호노부","책과 열쇠의 계절","추리","엘릭시르","2026-06-16","방문객이 드문 도서실을 지키는 도서위원, 호리카와 지로와 마쓰쿠라 시몬은 같은 고등학교 2학년이다.","https://contents.kyobobook.co.kr/sih/fit-in/600x0/pdt/9791141603328.jpg"
"327","히가시노 게이고","탐정 갈릴레오","추리","재인","2008-06-16","오늘의 일본을 대표하는 작가 히가시노 게이고의 추리 소설『탐정 갈릴레오』.","https://contents.kyobobook.co.kr/sih/fit-in/600x0/pdt/9788990982278.jpg"
"328","미나토 가나에","고백","추리","비채","2026-07-02","비채 독자들에게 꾸준히 사랑받아온 일본문학 세 작품을 새로운 디자인의 라이트에디션으로 선보인다.","https://contents.kyobobook.co.kr/sih/fit-in/600x0/pdt/9791173326745.jpg"
"329","박상민","닥터루팡","추리","서랍의날씨","2026-06-26","한국추리문학상 신예상, 황금펜상 우수상을 수상한 박상민은 현직 내과 의사로 1100만 유튜버 원작 《소맥거핀의 인체친구들》 시리즈를 감수하는 등 다방면으로 활동하고 있다.","https://contents.kyobobook.co.kr/sih/fit-in/600x0/pdt/9791161694023.jpg"
"330","요네자와 호노부","책갈피와 거짓말의 계절","추리","엘릭시르","2026-06-16","도서위원인 호리카와와 마쓰쿠라는 반납 도서 속에서 압화를 넣어 만든 책갈피를 발견한다.","https://contents.kyobobook.co.kr/sih/fit-in/600x0/pdt/9791141603045.jpg"
"331","샤센도 유키","폐놀이공원의 살인","추리","더블샷","2026-07-20","“20년 전의 비명은 아직 그곳에 남아 있다” 시간이 멈춘 폐허 속에서 마주하는 잔혹한 진실의 실체 20년 전 가오픈 첫날, 무차별 총기 난사 사건으로 인해 단 3시간여 만에 문을 닫은 비운의 놀이공원 ‘일루전…","https://contents.kyobobook.co.kr/sih/fit-in/600x0/pdt/9791199956001.jpg"
"332","히가시노 게이고","장미와 나이프","추리","반타","2025-06-16","1985년 《방과 후》로 제31회 에도가와 란포상을 수상하며 작가로서 화려하게 데뷔한 히가시노 게이고.","https://contents.kyobobook.co.kr/sih/fit-in/600x0/pdt/9791194930136.jpg"
"333","김선영","시간을 파는 상점","추리","자음과모음","2012-04-10","제1회 자음과모음 청소년문학상을 수상한 김선영의 작품 『시간을 파는 상점』.","https://contents.kyobobook.co.kr/sih/fit-in/600x0/pdt/9788954427173.jpg"
"334","히가시노 게이고","가면산장 살인사건","추리","재인","2014-09-26","히가시노 게이고의 소설 『가면산장 살인사건』.","https://contents.kyobobook.co.kr/sih/fit-in/600x0/pdt/9788990982575.jpg"
"335","히가시노 게이고","매스커레이드 호텔","추리","현대문학","2012-07-31","『매스커레이드 호텔』은 히가시노 게이고의 작가 생활 25주년을 기념하는 특별한 작품이다.","https://contents.kyobobook.co.kr/sih/fit-in/600x0/pdt/9788972756125.jpg"
"336","김내성","타원형의 거울","추리","니케북스","2026-07-10","“외국에서는 그리도 유행하는 추리소설, 독자의 마음을 꽉 붙잡고 최후까지 놓아줄 줄을 모르는 가장 흥미 있고 가장 대중적인 추리소설이 어째 우리 조선에는 아직 싹도 돋아나지를 못하였는고?” (본문 중) ‘비명과…","https://contents.kyobobook.co.kr/sih/fit-in/600x0/pdt/9791194706434.jpg"
"337","히가시노 게이고","성녀의 구제","추리","재인","2009-12-28","히가시노 게이고의 나오키상 수상작인 이 속한 갈릴레오 시리즈 제4탄 『성녀의 구제』.","https://contents.kyobobook.co.kr/sih/fit-in/600x0/pdt/9788990982360.jpg"
"338","박하익","사랑에는 돈이 들어","추리","나비클럽","2026-08-05","“내가 사랑한 네가 진짜 너일까?” 사랑을 해킹당한 시대의 잔혹동화 미스터리.","https://contents.kyobobook.co.kr/sih/fit-in/600x0/pdt/9791194127475.jpg"
"339","히가시노 게이고","침묵의 퍼레이드","추리","재인","2025-03-07","법이 지키지 못하는 정의를 지키기 위해 침묵하는 사람들 그들의 거대한 속임수와 뜻밖에 드러나는 진실 복선과 반전, 인간 드라마가 겹겹이 쌓인 미스터리의 밀푀유!","https://contents.kyobobook.co.kr/sih/fit-in/600x0/pdt/9791192483238.jpg"
"340","히가시노 게이고","방과 후","추리","소미미디어","2019-07-10","한국인이 가장 사랑하는 작가 히가시노 게이고.","https://contents.kyobobook.co.kr/sih/fit-in/600x0/pdt/9791163898078.jpg"
"341","히가시노 게이고","예지몽","추리","재인","2009-03-31","히가시노 게이고의 미스터리 소설「용의자 X의 헌신」시리즈 두 번째『예지몽』.","https://contents.kyobobook.co.kr/sih/fit-in/600x0/pdt/9788990982315.jpg"
"342","정보라","저주토끼","추리","래빗홀","2025-09-10","표제작 〈저주토끼〉의 최초 창작 버전 복원 문장과 표현 등 작품 전반에 걸쳐 수정 보완 작업 2022년 한국 소설장에서 최고의 화제작 중 하나였던 소설가 정보라의 호러/SF/판타지 소설집 《저주토끼》가 래빗홀에서…","https://contents.kyobobook.co.kr/sih/fit-in/600x0/pdt/9791168340947.jpg"
"343","히가시노 게이고","졸업: 설월화 살인 게임","추리","현대문학","2019-07-25","냉철한 머리, 뜨거운 심장, 빈틈없이 날카로운 눈매로 범인을 쫓지만 어떤 상황에서도 인간에 대한 따뜻한 배려를 잃지 않는 불세출의 형사 가가 교이치로.","https://contents.kyobobook.co.kr/sih/fit-in/600x0/pdt/9788972750086.jpg"
"344","조예은","만조를 기다리며","추리","위즈덤하우스","2023-05-17","《칵테일, 러브, 좀비》부터 《트로피컬 나이트》까지 섬뜩하고 경쾌한 호러 스릴러에 해피 엔딩 한 스푼을 곁들인 ‘조예은 월드’로 독자들을 초대해온 작가, 조예은의 신작 소설이 위즈덤하우스의 단편소설 시리즈…","https://contents.kyobobook.co.kr/sih/fit-in/600x0/pdt/9791168127128.jpg"
"345","히가시노 게이고","녹나무의 여신","추리","소미미디어","2024-05-23","전편에서는 불우한 가정환경에서 자라 절도범이 된 레이토가 녹나무 파수꾼으로 일하며 녹나무의 신비한 기념 의식에 관해 알게 되고 개과천선하는 과정을 다뤘다면, 《녹나무의 여신》은 레이토가 여러 사람과 만나…","https://contents.kyobobook.co.kr/sih/fit-in/600x0/pdt/9791138483049.jpg"
"346","히가시노 게이고","당신이 누군가를 죽였다","추리","북다","2024-07-23","일본 최고의 작가 히가시노 게이고의 본격 미스터리 장편소설 『당신이 누군가를 죽였다』가 독자들의 뜨거운 호응을 얻어 출간 10개월 만에 10만 부 판매를 기록했다.","https://contents.kyobobook.co.kr/sih/fit-in/600x0/pdt/9791170611561.jpg"
"347","우케쓰","이상한 집","추리","리드비","2022-10-27","ㆍ일본 현지 30만 부 돌파! ㆍ영화화 확정!","https://contents.kyobobook.co.kr/sih/fit-in/600x0/pdt/9791197708572.jpg"
"348","히가시노 게이고","붉은 손가락","추리","현대문학","2019-07-25","냉철한 머리, 뜨거운 심장, 빈틈없이 날카로운 눈매로 범인을 쫓지만 어떤 상황에서도 인간에 대한 따뜻한 배려를 잃지 않는 불세출의 형사 가가 교이치로.","https://contents.kyobobook.co.kr/sih/fit-in/600x0/pdt/9788972750093.jpg"
"349","히가시노 게이고","매스커레이드 이브","추리","현대문학","2015-08-21","시리즈를 좀처럼 내지 않는 히가시노 게이고.","https://contents.kyobobook.co.kr/sih/fit-in/600x0/pdt/9788972757467.jpg"
"350","김홍","말뚝들","추리","한겨레출판","2025-08-30","1996년 한국문학의 발전과 미래를 위해 제정된 한겨레문학상이 2025년 30주년을 맞이했다.","https://contents.kyobobook.co.kr/sih/fit-in/600x0/pdt/9791172133061.jpg"
"351","김영탁","곰탕 2(10만 부 판매 기념 에디션)","추리","아르테(arte)","2025-09-17","한국 SF 문학의 새로운 지평을 연 김영탁 감독의 첫 장편소설 『곰탕』의 10만 부 판매를 기념하여 아르테에서 특별 에디션을 새롭게 선보인다.","https://contents.kyobobook.co.kr/sih/fit-in/600x0/pdt/9791173575044.jpg"
"352","김영탁","곰탕 1(10만 부 판매 기념 에디션)","추리","아르테(arte)","2025-09-17","한국 SF 문학의 새로운 지평을 연 김영탁 감독의 첫 장편소설 『곰탕』의 10만 부 판매를 기념하여 아르테에서 특별 에디션을 새롭게 선보인다.","https://contents.kyobobook.co.kr/sih/fit-in/600x0/pdt/9791173575037.jpg"
"353","히가시노 게이고","매스커레이드 나이트","추리","현대문학","2018-08-30","시리즈를 좀처럼 내지 않는 히가시노 게이고.","https://contents.kyobobook.co.kr/sih/fit-in/600x0/pdt/9788972758990.jpg"
"354","히가시노 게이고","매스커레이드 게임","추리","현대문학","2023-06-23","누적 판매 부수 1억 권, 출간작 100권을 자랑하는 스타 작가 히가시노 게이고의 대표작 《매스커레이드 시리즈》.","https://contents.kyobobook.co.kr/sih/fit-in/600x0/pdt/9791167901996.jpg"
"355","히가시노 게이고","둘 중 누군가 그녀를 죽였다","추리","현대문학","2019-07-25","냉철한 머리, 뜨거운 심장, 빈틈없이 날카로운 눈매로 범인을 쫓지만 어떤 상황에서도 인간에 대한 따뜻한 배려를 잃지 않는 불세출의 형사 가가 교이치로.","https://contents.kyobobook.co.kr/sih/fit-in/600x0/pdt/9788972750048.jpg"
"356","다니엘 콜","봉제인형 살인사건","추리","북플라자","2017-10-20","2016년 4월 런던 도서전에서 가장 큰 주목을 받은 다니엘 콜의 데뷔작 『봉제인형 살인사건』.","https://contents.kyobobook.co.kr/sih/fit-in/600x0/pdt/9788998274931.jpg"
"357","히가시노 게이고","잠자는 숲","추리","현대문학","2019-07-25","냉철한 머리, 뜨거운 심장, 빈틈없이 날카로운 눈매로 범인을 쫓지만 어떤 상황에서도 인간에 대한 따뜻한 배려를 잃지 않는 불세출의 형사 가가 교이치로.","https://contents.kyobobook.co.kr/sih/fit-in/600x0/pdt/9788972750024.jpg"
"358","조예은","테디베어는 죽지 않아","추리","안전가옥","2023-09-04","“그 구원, 제가 살게요. 얼마예요?” 《테디베어는 죽지 않아》는 《칵테일, 러브, 좀비》, 《뉴서울파크 젤리장수 대학살》 등 섬뜩하고도 경쾌한 호러 스릴러의 세계 ‘조예은 월드’를 구축해 온 조예은 작가의 세…","https://contents.kyobobook.co.kr/sih/fit-in/600x0/pdt/9791193024225.jpg"
"359","히가시노 게이고","백조와 박쥐","추리","현대문학","2021-08-16","“앞으로의 목표는 이 작품을 뛰어넘는 것입니다.” 히가시노 게이고 “다른 어떤 작품보다 번역의 보람을 진하게 느꼈다.","https://contents.kyobobook.co.kr/sih/fit-in/600x0/pdt/9791190885928.jpg"
"360","김진영","괴물, 용혜","추리","안전가옥","2025-04-04","금기를 넘는 충격을 받아들이게 하는 이야기의 힘 부모가 여덟 살 딸아이의 유괴를 방조하려 하는 충격적인 장면으로 시작되는 『괴물, 용혜』는, 반듯해 보이는 경찰 용혜의 온몸을 뒤덮고 있는 붉은 반점과 그의 기이한…","https://contents.kyobobook.co.kr/sih/fit-in/600x0/pdt/9791193024959.jpg"
"361","히가시노 게이고","내가 그를 죽였다","추리","현대문학","2019-07-25","냉철한 머리, 뜨거운 심장, 빈틈없이 날카로운 눈매로 범인을 쫓지만 어떤 상황에서도 인간에 대한 따뜻한 배려를 잃지 않는 불세출의 형사 가가 교이치로.","https://contents.kyobobook.co.kr/sih/fit-in/600x0/pdt/9788972750055.jpg"
"362","정해연","매듭의 끝","추리","현대문학","2025-05-28","선보이는 작품마다 ‘뒤틀린 욕망이 사람을 어디까지 추락시킬 수 있는가’를 철저하게 파헤쳐온 정통파 추리·미스터리 스릴러 작가 정해연이 장편 신작 《매듭의 끝》으로 돌아왔다.","https://contents.kyobobook.co.kr/sih/fit-in/600x0/pdt/9791167903068.jpg"
"363","히가시노 게이고","공허한 십자가","추리","자음과모음","2025-10-24","히가시노 게이고의 『공허한 십자가』가 새로운 모습으로 독자들을 찾아왔다.","https://contents.kyobobook.co.kr/sih/fit-in/600x0/pdt/9788954473163.jpg"
"364","이동원","얼굴들","추리","라곰","2025-11-24","『얼굴들』은 세계문학상 수상작가 이동원이 ‘선악(善惡)의 경계’에 오래 천착하여 그려낸 장편소설이다.","https://contents.kyobobook.co.kr/sih/fit-in/600x0/pdt/9791193939390.jpg"
"365","유키 하루오","방주","추리","블루홀식스(블루홀6)","2023-02-20","블루홀식스는 창립 이래 매년 미스터리, 추리소설 출판 종수가 압도적 1위인 출판사이다.","https://contents.kyobobook.co.kr/sih/fit-in/600x0/pdt/9791189571894.jpg"
"366","정해연","불빛 없는 밤의 도시","추리","엘릭시르","2026-03-18","지난날의 추억이 담긴 앨범을 톺아보듯 즐겁게 고른 단편들이다.","https://contents.kyobobook.co.kr/sih/fit-in/600x0/pdt/9791141602758.jpg"
"367","히가시노 게이고","마녀와의 7일","추리","현대문학","2024-06-25","“지명수배자를 귀신 같이 찾아내는 전직 형사가 살해되었다!” 경찰 미스터리×SF×소년 모험×성장 소설의 정수를 담은 걸작 전직 형사가 살해되었다.","https://contents.kyobobook.co.kr/sih/fit-in/600x0/pdt/9791167902573.jpg"
"368","정세랑","설자은, 금성으로 돌아오다","추리","문학동네","2023-10-30","언제나 우리에게 놀라운 재미와 따뜻한 감동을 동시에 전해주는 작가, 정세랑이 『시선으로부터,』 이후 3년 만의 신작 장편소설 『설자은, 금성으로 돌아오다』로 돌아왔다.","https://contents.kyobobook.co.kr/sih/fit-in/600x0/pdt/9788954695978.jpg"
"369","표창원","카스트라토: 거세당한 자","추리","&(앤드)","2024-09-15","★ 대한민국 대표 프로파일러 표창원의 첫 범죄소설!","https://contents.kyobobook.co.kr/sih/fit-in/600x0/pdt/9791166839320.jpg"
"370","표창원","쓰레기섬: 훼손당한 자","추리","&(앤드)","2026-05-15","_대한민국 대표 프로파일러 표창원의 두 번째 장편소설!","https://contents.kyobobook.co.kr/sih/fit-in/600x0/pdt/9791124028681.jpg"
"371","미나토 가나에","인간 표본","추리","북다","2025-10-30","미스터리의 여왕, 새로운 각성으로 선보이는 궁극의 자신작 “작가로 살아온 15년 동안 가장 재미있는 작품을 써냈습니다.” _미나토 가나에 2008년 『고백』으로 혜성처럼 데뷔해 주간문춘 미스터리 베스트 1위에…","https://contents.kyobobook.co.kr/sih/fit-in/600x0/pdt/9791170613237.jpg"
"372","히가시노 게이고","인어가 잠든 집","추리","재인","2019-02-28","‘인간이란 무엇이며 삶과 죽음, 사랑의 정의는 무엇인가’라는 난제에 도전한 히가시노 게이고의 휴먼 미스터리 『인어가 잠든 집』.","https://contents.kyobobook.co.kr/sih/fit-in/600x0/pdt/9788990982773.jpg"
"373","아오사키 유고","지뢰 글리코","추리","리드비","2025-06-19","일주일 만에 3개 문학상 수상, 4대 미스터리 랭킹 완전 제패.","https://contents.kyobobook.co.kr/sih/fit-in/600x0/pdt/9791192738529.jpg"
"374","유키 신이치로","어려운 문제가 가득한 레스토랑","추리","북다","2026-03-10","◆ “선배 작가들이 절대 쓸 수 없는 트릭”을 쓰는 작가 - 〈아사히 신문〉 ‘오늘의 미스터리’를 그려 내는 유키 신이치로 지금 일본에서 가장 주목받는 미스터리 작가 유키 신이치로가 『어려운 문제가 가득한…","https://contents.kyobobook.co.kr/sih/fit-in/600x0/pdt/9791170613633.jpg"
"375","무경","1939년 명성아파트","추리","래빗홀","2026-02-11","2023년 《계간 미스터리》 신인상, 2024년 제18회 한국추리문학상 황금펜상을 수상하며 화려하게 이름을 알린 무경의 신작 장편소설 《1939년 명성아파트》가 출간되었다.","https://contents.kyobobook.co.kr/sih/fit-in/600x0/pdt/9791168343559.jpg"
"376","정해연","누굴 죽였을까","추리","북다","2024-02-28","동명 드라마 원작소설 《유괴의 날》 베스트셀러 《홍학의 자리》 정해연의 장편 미스터리 2019년 출간, 2023년 동명 드라마로 제작 ㆍ 방영된 《유괴의 날》과 한국 미스터리 사상 손꼽히는 반전으로 인정받으며…","https://contents.kyobobook.co.kr/sih/fit-in/600x0/pdt/9791170611028.jpg"
"377","정해연","더블","추리","해피북스투유","2023-01-10","K-스릴러 대표작가 정해연의 데뷔작이자, 중국과 대만 등에서 번역 출간된 《더블: 두 구의 시체, 두 명의 살인자》가 서슬 퍼런 광기의 현장 속으로 독자들을 안내한다.","https://contents.kyobobook.co.kr/sih/fit-in/600x0/pdt/9791164798728.jpg"
"378","강지영","살인자의 쇼핑몰 1","추리","자음과모음","2020-02-14","“슬퍼하면 안 돼. 검은 개는 그걸 원하니까. 대신 조용히 준비해야지. 놈이 가장 아끼는 걸 빼앗을 준비.” 한국 장르문학의 압도적인 퍼포먼스 강지영 작가의 오감 짜릿한 스릴러","https://contents.kyobobook.co.kr/sih/fit-in/600x0/pdt/9788954442145.jpg"
"379","강지영","거의 황홀한 순간","추리","나무옆의자","2025-02-07","미스터리 스릴러에서 판타지, 코미디, 로맨스까지 어떤 장르의 옷을 입든 압도적이고 파워풀한 서사로 독자를 사로잡아온 강지영 작가의 신작 장편소설.","https://contents.kyobobook.co.kr/sih/fit-in/600x0/pdt/9791161572109.jpg"
"380","최이도","메스를 든 사냥꾼","추리","해피북스투유","2023-11-13","《메스를 든 사냥꾼》은 소시오패스 법의관 세현이 연쇄 살인범이 남긴 사체로 그를 뒤쫓는 이야기를 담은 미스터리 추격 스릴러 소설이다.","https://contents.kyobobook.co.kr/sih/fit-in/600x0/pdt/9791170960706.jpg"
"381","치넨 미키토","이웃집 너스에이드","추리","소담","2025-07-25","세이료 대학 부속병원의 신입 간호조무사 사쿠라바 미오.","https://contents.kyobobook.co.kr/sih/fit-in/600x0/pdt/9791160274912.jpg"
"382","정세랑","설자은, 불꽃을 쫓다","추리","문학동네","2025-01-20","언제나 우리에게 놀라운 재미와 따뜻한 감동을 동시에 전해주는 작가, 정세랑이 선보이는 본격 명랑 미스터리 ‘설자은 시리즈’의 2권 『설자은, 불꽃을 쫓다』가 출간되었다.","https://contents.kyobobook.co.kr/sih/fit-in/600x0/pdt/9791141601638.jpg"
"383","권여선","레몬","추리","창비","2019-04-30","삶의 불가해함을 서늘한 문장으로 날카롭게 그려내며 특유의 비극적 기품을 보여주었던 제47회 동인문학상 수상작가 권여선이 3년 만에 펴낸 네 번째 장편소설 『레몬』.","https://contents.kyobobook.co.kr/sih/fit-in/600x0/pdt/9788936434366.jpg"
"384","찬호께이","고독한 용의자","추리","위즈덤하우스","2025-04-15","‘중화권 추리소설의 출발점’으로 불리며 전 세계의 사랑을 받은 사회파 추리소설 《13·67》 《망내인》의 작가 찬호께이의 신작 장편소설 《고독한 용의자》가 위즈덤하우스에서 출간되었다.","https://contents.kyobobook.co.kr/sih/fit-in/600x0/pdt/9791171713608.jpg"
"385","히가시노 게이고","동급생","추리","소미미디어","2019-11-15","히가시노 게이고의 데뷔작 《방과 후》에 이은 두 번째 학원 미스터리물 『동급생』.","https://contents.kyobobook.co.kr/sih/fit-in/600x0/pdt/9791165071011.jpg"
"386","나카야마 시치리","마녀는 되살아난다","추리","블루홀식스(블루홀6)","2026-01-28","나카야마 시치리의 『마녀는 되살아난다』가 블루홀식스에서 출간되었다.","https://contents.kyobobook.co.kr/sih/fit-in/600x0/pdt/9791193149676.jpg"
"387","히가시노 게이고","마력의 태동","추리","현대문학","2019-01-30","히가시노 게이고 작가 데뷔 30주년 기념작 《라플라스의 마녀》의 프리퀄 『마력의 태동』.","https://contents.kyobobook.co.kr/sih/fit-in/600x0/pdt/9788972759546.jpg"
"388","히가시노 게이고","블랙 쇼맨과 환상의 여자","추리","알에이치코리아","2023-04-25","미스터리의 제왕이 돌아왔다. 이번 신간은 한층 속도감을 더한 소설집으로, 전작 《블랙 쇼맨과 이름 없는 마을의 살인》을 통해 새롭게 선보인 히어로 블랙 쇼맨 그리고 사건이 해결되는 공간 ‘트랩 핸드’가 또다시…","https://contents.kyobobook.co.kr/sih/fit-in/600x0/pdt/9788925576633.jpg"
"389","마야 유타카","신 게임","추리","내친구의서재","2025-12-01","""본격미스터리대상’을 두 차례 수상하고 〈본격미스터리 베스트10〉 1위에 네 차례나 오르며 미스터리계의 정점에 선 작가 마야 유타카.","https://contents.kyobobook.co.kr/sih/fit-in/600x0/pdt/9791191803525.jpg"
"390","미쓰다 신조","쾌: 젓가락 괴담 경연","추리","비채","2021-11-24","일본의 미쓰다 신조, 홍콩의 찬호께이·예터우쯔, 타이완의 쉐시쓰·샤오샹선 등 화려한 수상 경력을 자랑하는 장르문학 대표 작가들이 모였다.","https://contents.kyobobook.co.kr/sih/fit-in/600x0/pdt/9788934980292.jpg"
"391","히가시노 게이고","신참자","추리","재인","2012-03-16","현대 일본을 대표하는 작가 히가시노 게이고의 소설 『신참자』.","https://contents.kyobobook.co.kr/sih/fit-in/600x0/pdt/9788990982469.jpg"
"392","히가시노 게이고","기린의 날개","추리","재인","2017-02-06","「가가 형사 시리즈」의 아홉 번째 작품인 『기린의 날개』.","https://contents.kyobobook.co.kr/sih/fit-in/600x0/pdt/9788990982674.jpg"
"393","히가시노 게이고","살인 현장은 구름 위","추리","재인","2019-06-28","미스터리의 제왕 히가시노 게이고가 이번에는 비행기 탑승객들을 둘러싸고 벌어지는 기상천외한 사건들과 거기에 도전하는 스튜어디스 명탐정 콤비의 좌충우돌 활약상을 그린 코믹 미스터리에 도전한다.","https://contents.kyobobook.co.kr/sih/fit-in/600x0/pdt/9788990982810.jpg"
"394","강지영","살인자의 쇼핑몰 3","추리","자음과모음","2025-09-01","스타일리시한 미스터리 액션의 대표작 『살인자의 쇼핑몰』이 드디어 완결편으로 돌아왔다.","https://contents.kyobobook.co.kr/sih/fit-in/600x0/pdt/9788954473026.jpg"
"395","정해연","유괴의 날","추리","시공사","2019-07-17","“세상이 잘못한 사람에게만 불행을 주는 것 같아?” 딸의 수술비를 위해 유괴를 결심한 명준은 범행 중에 실수로 교통사고를 낸다.","https://contents.kyobobook.co.kr/sih/fit-in/600x0/pdt/9788952736253.jpg"
"396","히가시노 게이고","아름다운 흉기","추리","알에이치코리아","2018-03-22","히가시노 게이고의 초기 대표 스릴러 『아름다운 흉기』.","https://contents.kyobobook.co.kr/sih/fit-in/600x0/pdt/9788925563206.jpg"
"397","히가시노 게이고","라플라스의 마녀","추리","현대문학","2016-01-11","히가시노 게이고 작가 데뷔 30주년 기념작 『라플라스의 마녀』.","https://contents.kyobobook.co.kr/sih/fit-in/600x0/pdt/9788972757573.jpg"
"398","애거서 크리스티","나일 강의 죽음","추리","황금가지","2013-12-31","편집자가 엄선한 애거서 크리스티 에디터스 초이스 『나일 강의 죽음』.","https://contents.kyobobook.co.kr/sih/fit-in/600x0/pdt/9788960177819.jpg"
"399","루스 렌들","활자잔혹극","추리","북스피어","2024-06-18","『활자잔혹극』은 추리소설 역사상 가장 도발적인 첫 문장으로 시작한다.","https://contents.kyobobook.co.kr/sih/fit-in/600x0/pdt/9791192313559.jpg"
"400","피터 스완슨","살인 재능","추리","푸른숲","2024-08-27","《죽여 마땅한 사람들》로 국내외 스릴러 독자들로부터 단숨에 명성을 거머쥔 작가 피터 스완슨의 신작 스릴러 《살인 재능》이 도서출판 푸른숲에서 출간되었다.","https://contents.kyobobook.co.kr/sih/fit-in/600x0/pdt/9791172540173.jpg"
"401","박하익","선암여고 탐정단: 방과 후의 미스터리","추리","황금가지","2013-01-25","한국 추리 소설계에서 주목받고 있는 작가 박하익이 선보이는 한국형 학원 미스터리 소설 『선암여고 탐정단: 방과 후의 미스터리』.","https://contents.kyobobook.co.kr/sih/fit-in/600x0/pdt/9788960175037.jpg"
"402","마사키 도시카","레드클로버","추리","허밍북스","2024-02-07","작은 마을, 한 가정에서 일가족 살인사건이 발생했다.","https://contents.kyobobook.co.kr/sih/fit-in/600x0/pdt/9791198183071.jpg"
"403","강지영","살인자의 쇼핑몰 2","추리","자음과모음","2023-07-28","미스터리, 모험, 판타지, 스릴러, 로맨스 등 다양한 스펙트럼을 선보인 강지영 작가의 신작 장편소설 『살인자의 쇼핑몰 2』가 자음과모음 새소설 13권으로 출간되었다.","https://contents.kyobobook.co.kr/sih/fit-in/600x0/pdt/9788954449298.jpg"
"404","히가시노 게이고","기도의 막이 내릴 때(저자 사인 인쇄본)","추리","재인","2019-08-06","집필 기간 33년의 히가시노 게이고 필생의 역작 「가가 형사 시리즈」 열 번째 이야기이자 마지막 이야기 『기도의 막이 내릴 때』.","https://contents.kyobobook.co.kr/sih/fit-in/600x0/pdt/9788990982780.jpg"
"405","정해연","모델","추리","위즈덤하우스","2023-07-12","한국 미스터리소설의 대표 작가 정해연의 신작 《모델》이 위즈덤하우스 단편소설 시리즈 위픽으로 출간되었다.","https://contents.kyobobook.co.kr/sih/fit-in/600x0/pdt/9791168127197.jpg"
"406","프리다 맥파든","비밀 하나 알려줄까","스릴러","북플라자","2026-06-25","그래, 난 예쁜 편이다. 남편은 로펌에 다니고 일곱 살 아들은 사랑스럽다.","https://contents.kyobobook.co.kr/sih/fit-in/600x0/pdt/9791193324998.jpg"
"407","김영하","살인자의 기억법","스릴러","복복서가","2020-08-28","김영하 등단 25주년을 맞이해 새롭게 선보이는 ‘복복서가_김영하_소설’의 네번째 작품이자 작가의 일곱번째 장편소설인 『살인자의 기억법』은 2013년 문학동네에서 초판이 출간된 이래로 지금까지 56쇄를 중쇄하며…","https://contents.kyobobook.co.kr/sih/fit-in/600x0/pdt/9791197021688.jpg"
"408","베라 쿠리안","나를 우습게 봤겠지만","스릴러","문학동네","2026-07-23","베라 쿠리안의 첫 장편소설 『나를 우습게 봤겠지만』은 에드거상 최우수 데뷔 장편 부문 후보에 오르고 〈뉴욕 타임스〉 스릴러 베스트, 아마존 에디터스 픽에 선정되며 문단과 대중의 사랑을 받았다.","https://contents.kyobobook.co.kr/sih/fit-in/600x0/pdt/9791141617509.jpg"
"409","알렉스 노스","위스퍼맨","스릴러","다산책방","2026-08-18","2018년 초여름, 할리우드에 출판사 로고도 인쇄되지 않은 원고 하나가 떠돌았다.","https://contents.kyobobook.co.kr/sih/fit-in/600x0/pdt/9791130682884.jpg"
"410","프리다 맥파든","더 크래쉬","스릴러","북플라자","2026-07-27","스물세 살 테건은 임신 8개월이다. 바에서 만난 남자와 원나잇으로 생긴 아이였다.","https://contents.kyobobook.co.kr/sih/fit-in/600x0/pdt/9791124712023.jpg"
"411","앤디 위어","아르테미스(스페셜 에디션)","스릴러","알에이치코리아","2021-05-04","천재 작가 앤디 위어가 이번에는 지구의 위성 달을 무대로 새 작품을 선보인다.","https://contents.kyobobook.co.kr/sih/fit-in/600x0/pdt/9788925588711.jpg"
"412","윤혜성","혐오도 복제가 되나요","스릴러","안전가옥","2026-03-18","“너도 너 같은 새끼랑 살아봐” 나보다 더 나 같은 놈이 배달되었다 죽은 아내가 보낸 가장 완벽하고도 잔인한 예약 배송 드라마 〈서울 자가에 대기업 다니는 김 부장 이야기〉의 공동 각본 윤혜성 작가가 첫 소설…","https://contents.kyobobook.co.kr/sih/fit-in/600x0/pdt/9791194891116.jpg"
"413","정유정","7년의 밤","스릴러","은행나무","2016-05-30","7년의 밤 동안 아버지와 아들에게 일어난 이야기 『7년의 밤』.","https://contents.kyobobook.co.kr/sih/fit-in/600x0/pdt/9788956604992.jpg"
"414","김영탁","곰탕 1: 미래에서 온 살인자","스릴러","아르테(arte)","2021-05-13","가장 돌아가고 싶은 그때로의 여행이 시작되었다!","https://contents.kyobobook.co.kr/sih/fit-in/600x0/pdt/9788950995454.jpg"
"415","프리다 맥파든","하우스메이드","스릴러","북플라자","2023-04-01","출소 후 몇 주째 차 뒷좌석에서 먹고 자며 생활하던 나에게 드디어 마지막 기회가 찾아왔다.","https://contents.kyobobook.co.kr/sih/fit-in/600x0/pdt/9791190157551.jpg"
"416","델리아 오언스","가재가 노래하는 곳","스릴러","살림","2019-06-21","평생 야생동물을 연구해온 생태학자 델리아 오언스가 일흔이 가까운 나이에 펴낸 첫 소설 『가재가 노래하는 곳』.","https://contents.kyobobook.co.kr/sih/fit-in/600x0/pdt/9788952240569.jpg"
"417","콜린 후버","베러티","스릴러","미래지향","2022-06-20","오랜 어머니의 병간호로 재정 위기에 처한 무명 작가 로웬 애슐레이에게 어느 날 거절할 수 없는 제안이 전해진다.","https://contents.kyobobook.co.kr/sih/fit-in/600x0/pdt/9791185851204.jpg"
"418","요 네스뵈","스노우맨","스릴러","비채","2012-02-20","노르웨이의 국민 작가 요 네스뵈가 전하는 북유럽의 서늘한 공포 『스노우맨』.","https://contents.kyobobook.co.kr/sih/fit-in/600x0/pdt/9788994343587.jpg"
"419","로이드 데버로 리처즈","스톤 메이든스","스릴러","다산책방","2026-06-08","아마존 종합 베스트셀러 1위, 5천만 뷰를 기록하며 '틱톡의 기적'으로 불린 스릴러 소설 『스톤 메이든스』가 한국에서 출간되었다.","https://contents.kyobobook.co.kr/sih/fit-in/600x0/pdt/9791130677255.jpg"
"420","존 더글러스","마인드헌터","스릴러","비채","2017-11-03","원작 mind hunter 1995 넷플릭스 마인드헌터 원작 〈마음의 사냥꾼〉 개정판 데이비드 핀처 감독의 넷플릭스 드라마 《마인드헌터》의 원작소설 『마인드헌터』 전면개정판.","https://contents.kyobobook.co.kr/sih/fit-in/600x0/pdt/9788934979357.jpg"
"421","질리언 매캘리스터","잘못된 장소 잘못된 시간","스릴러","반타","2023-07-27","“예측할 수 없는 독창적인 플롯”, “고도의 예술적 기교를 보여주는 소설 쓰기”, “획기적인 페이지터너”, “이건 그냥 천재다” 같은 화려한 찬사를 받으며 출간 즉시 베스트셀러에 오름과 동시에 그해 최고의 스릴러…","https://contents.kyobobook.co.kr/sih/fit-in/600x0/pdt/9791192579818.jpg"
"422","라이오넬 슈라이버","마니아, 평등에 미친 시대","스릴러","자음과모음","2025-12-30","『케빈에 대하여』 이후 다시 한번, 라이오넬 슈라이버가 시대의 가장 위험한 진실을 찌르는 블랙코미디로 돌아왔다.","https://contents.kyobobook.co.kr/sih/fit-in/600x0/pdt/9788954473361.jpg"
"423","피터 스완슨","죽여 마땅한 사람들","스릴러","푸른숲","2016-07-22","낯선 공간에서 우연히 만난 두 남녀가 서로 내밀한 사생활을 털어놓으며 이야기가 시작되는 소설 『죽여 마땅한 사람들』.","https://contents.kyobobook.co.kr/sih/fit-in/600x0/pdt/9791156756552.jpg"
"424","히가시노 게이고","사소한 변화","스릴러","비채","2019-06-12","데뷔 35년을 맞이한 지금도 굳건한 필력으로 인기를 구가하는 히가시노 게이고가 데뷔 6주년을 맞이한 1991년에 선보인 소설 『사소한 변화』.","https://contents.kyobobook.co.kr/sih/fit-in/600x0/pdt/9788934984566.jpg"
"425","프리다 맥파든","대리모","스릴러","북플라자","2026-02-25","애비는 모든 걸 가졌다. 잘나가는 직업, 능력 있고 잘생긴 남편.","https://contents.kyobobook.co.kr/sih/fit-in/600x0/pdt/9791193324868.jpg"
"426","줄리아 히벌린","꽃과뼈","스릴러","소담","2025-08-01","노란 꽃이 만발한 텍사스의 어느 들판에서 산 채로 묻힌 채 발견된 16살 소녀 테사 카트라이트.","https://contents.kyobobook.co.kr/sih/fit-in/600x0/pdt/9791160274929.jpg"
"427","정해연","2인조","스릴러","엘릭시르","2024-07-26","의정부교도소에서 같은 감방에 배정된 것을 계기로 서로와 친해진 범죄자, 김형래와 나형조.","https://contents.kyobobook.co.kr/sih/fit-in/600x0/pdt/9788954658164.jpg"
"428","김영탁","곰탕 2: 열두 명이 사라진 밤","스릴러","아르테(arte)","2021-05-13","가장 돌아가고 싶은 그때로의 여행이 시작되었다!","https://contents.kyobobook.co.kr/sih/fit-in/600x0/pdt/9788950995461.jpg"
"429","나카야마 시치리","비웃는 숙녀","스릴러","블루홀식스(블루홀6)","2020-03-30","2009년 제8회 ‘이 미스터리가 대단해!’ 대상 수상작 『안녕, 드뷔시』의 작가 나카야마 시치리의 『비웃는 숙녀』가 블루홀식스에서 출간되었다.","https://contents.kyobobook.co.kr/sih/fit-in/600x0/pdt/9791189571184.jpg"
"430","정해연","용의자들","스릴러","위즈덤하우스","2024-05-16","한국 미스터리 소설 사상 가장 강렬한 반전으로 독자들의 큰 호응을 얻은 ‘스릴러 장인’ 정해연의 장편소설 《용의자들》이 위즈덤하우스에서 출간되었다.","https://contents.kyobobook.co.kr/sih/fit-in/600x0/pdt/9791171711987.jpg"
"431","프리다 맥파든","남자 친구","스릴러","북플라자","2026-04-15","뉴욕에 사는 수많은 여성들처럼 연애 운이라곤 없던 시드니는 마침내 완벽한 남자 톰을 만나며 모든 것이 달라졌다고 믿었다.","https://contents.kyobobook.co.kr/sih/fit-in/600x0/pdt/9791193324905.jpg"
"432","애거서 크리스티","그리고 아무도 없었다","스릴러","해문출판사","2002-05-25","추리소설의 여왕 애거서 크리스티 장편소설.","https://contents.kyobobook.co.kr/sih/fit-in/600x0/pdt/9788938201010.jpg"
"433","스콧 스미스","심플 플랜","스릴러","비채","2026-04-15","십여 년의 작가 생활 동안 《심플 플랜》과 《폐허》 단 두 권의 소설만을 발표하고, 두 작품 모두를 밀리언셀러로 만든 스콧 스미스.","https://contents.kyobobook.co.kr/sih/fit-in/600x0/pdt/9791173325748.jpg"
"434","다니엘 콜","꼭두각시 살인사건","스릴러","북플라자","2021-02-01","에밀리 백스터 경감은 봉제인형 살인사건과 그녀의 친구 윌리엄 ‘울프’ 폭스가 실종된 충격으로부터 벗어나지 못하고 있었다.","https://contents.kyobobook.co.kr/sih/fit-in/600x0/pdt/9791190157278.jpg"
"435","히가시노 게이고","브루투스의 심장","스릴러","알에이치코리아","2018-11-16","히가시노 게이고 작품 세계를 결정짓는 히가시노 미스터리의 원형으로, 1989년에 발표한 초기작 중에서도 수작으로 꼽히는 작품 『브루투스의 심장』.","https://contents.kyobobook.co.kr/sih/fit-in/600x0/pdt/9788925564746.jpg"
"436","히가시노 게이고","범인 없는 살인의 밤","스릴러","알에이치코리아","2021-03-23","미스터리 거장은 단편마저 읽는 맛이 특별하다.","https://contents.kyobobook.co.kr/sih/fit-in/600x0/pdt/9788925588957.jpg"
"437","프리다 맥파든","친애하는 데비에게","스릴러","북플라자","2026-03-23","데비는 수년간 〈디어 데비〉라는 칼럼을 통해 뉴잉글랜드 지역의 여성들에게 공감 어린 조언을 건네왔다.","https://contents.kyobobook.co.kr/sih/fit-in/600x0/pdt/9791193324882.jpg"
"438","프리다 맥파든","잠겨진 문","스릴러","북플라자","2025-10-29","미국 오리건주의 한 주택에서 애런 니어링이라는 남자가 살인 용의자로 체포된다.","https://contents.kyobobook.co.kr/sih/fit-in/600x0/pdt/9791193324707.jpg"
"439","재스퍼 드윗","그 환자","스릴러","시월이일","2020-08-12","“내가 엄청난 비밀을 알고 있는 건지 아니면 나 자신이 미쳐버린 건지 현재로서는 확신이 서지 않아 이 글을 쓴다” - 본문 중에서 엘리트 정신과 의사, 파커는 여러 모로 열악한 환경의 주립 정신병원에서 자신의…","https://contents.kyobobook.co.kr/sih/fit-in/600x0/pdt/9791196756949.jpg"
"440","다니엘 콜","갈까마귀 살인사건","스릴러","북플라자","2023-12-20","이른 아침, 유명한 인플루언서의 SNS에 두 장의 끔찍한 사진이 업로드 된다.","https://contents.kyobobook.co.kr/sih/fit-in/600x0/pdt/9791193324066.jpg"
"441","할런 코벤","아무에게도 말하지 마","스릴러","비채","2022-09-05","‘세계 3대 미스터리 문학상’인 에드거상, 앤서니상, 셰이머스상을 석권한 최초의 작가.","https://contents.kyobobook.co.kr/sih/fit-in/600x0/pdt/9788934942696.jpg"
"442","리처드 매드슨","나는 전설이다","스릴러","황금가지","2013-07-31","세계 공포 소설과 영화에 커다란 영향을 끼친 전설적인 흡혈귀 소설, 리처드 매드슨의 『나는 전설이다』.","https://contents.kyobobook.co.kr/sih/fit-in/600x0/pdt/9788982738562.jpg"
"443","요 네스뵈","킹덤","스릴러","비채","2021-10-11","조용한 시골 마을 오스. ‘로위’와 ‘칼’은 세상에 둘도 없는 형제다.","https://contents.kyobobook.co.kr/sih/fit-in/600x0/pdt/9788934980216.jpg"
"444","김진영","나의 낯선 동행자","스릴러","현대문학","2026-04-05","당대 한국문학의 가장 현대적이면서도 첨예한 시선을 가진 작가들과 함께하는 〈현대문학 핀 시리즈〉 열한 번째 장르선, 김진영 작가의 『나의 낯선 동행자』가 출간되었다.","https://contents.kyobobook.co.kr/sih/fit-in/600x0/pdt/9791167903549.jpg"
"445","다니엘 콜","조각상 살인사건","스릴러","북플라자","2022-01-03","1989년 2월, 런던의 한 공원에서 로댕의 〈생각하는 사람〉 조각상과 똑같은 자세로 시퍼렇게 얼어붙은 한 남자의 시체가 발견된다.","https://contents.kyobobook.co.kr/sih/fit-in/600x0/pdt/9791190157452.jpg"
"446","데니스 루헤인","살인자들의 섬","스릴러","황금가지","2004-07-22","『미스틱 리버』의 작가 데니스 루헤인의 최신작 범죄 스릴러.","https://contents.kyobobook.co.kr/sih/fit-in/600x0/pdt/9788982738326.jpg"
"447","애거서 크리스티","0시를 향하여","스릴러","황금가지","2013-12-31","《애거서 크리스티 에디터스 초이스》는 《가디언》에서 선정한 애거서 크리스티 베스트 10 목록 및 전 세계적인 애거서 크리스티의 판매고와 애거서 크리스티 본인이 직접 뽑은 자신이 가장 좋아하는 작품 목록 등을…","https://contents.kyobobook.co.kr/sih/fit-in/600x0/pdt/9788960177772.jpg"
"448","히가시노 게이고","11문자 살인사건","스릴러","알에이치코리아","2018-07-13","히가시노 게이고의 초기 대표작 『11문자 살인사건』.","https://contents.kyobobook.co.kr/sih/fit-in/600x0/pdt/9788925563770.jpg"
"449","기욤 뮈소","센트럴파크","스릴러","밝은세상","2025-05-29","2014년에 《센트럴파크》의 초판이 나왔으니 어느새 10년의 시간이 흘렀다.","https://contents.kyobobook.co.kr/sih/fit-in/600x0/pdt/9788984375031.jpg"
"450","프리다 맥파든","차일드 호더","스릴러","밝은세상","2025-12-09","새벽이 올 때까지 오두막 여인과 아이가 펼쳐 보이는 팽팽한 심리전과 반전의 파노라마!","https://contents.kyobobook.co.kr/sih/fit-in/600x0/pdt/9788984375154.jpg"
"451","도진기","애니","스릴러","위즈덤하우스","2023-05-17","현직 변호사이자 소설가로 정교한 법정 소설과 치밀한 추리소설 시리즈를 써온 도진기 작가의 신작 《애니》가 위즈덤하우스 단편소설 시리즈 위픽으로 출간된다.","https://contents.kyobobook.co.kr/sih/fit-in/600x0/pdt/9791168127135.jpg"
"452","강지영","하품은 맛있다","스릴러","네오북스","2025-02-14","고단한 삶 속에서 펼쳐지는 인간 군상의 다양한 모습들을 포착하며 새로운 시선을 제시하는 강지영 작가의 장편소설 『하품은 맛있다』가 ON 시리즈 서른두 번째 이야기로 출간되었다.","https://contents.kyobobook.co.kr/sih/fit-in/600x0/pdt/9791157404544.jpg"
"453","프리다 맥파든","더 코워커","스릴러","해피북스투유","2025-05-14","출간하는 책마다 아마존 베스트셀러에 오르는 경이로운 기록을 써나가고 있는 프리다 맥파든의 신작 《더 코워커》가 출간되었다.","https://contents.kyobobook.co.kr/sih/fit-in/600x0/pdt/9791170964469.jpg"
"454","서귤","디 아이돌","스릴러","위즈덤하우스","2022-06-15","국민 아이돌 오디션 프로그램 〈디 아이돌〉.","https://contents.kyobobook.co.kr/sih/fit-in/600x0/pdt/9791168123151.jpg"
"455","정해연","패키지","스릴러","황금가지","2020-11-25","『내가 죽였다』, 『유괴의 날』 등으로 한국 스릴러의 대표 작가로 자리매김한 정해연의 최신 장편소설 『패키지』가 황금가지에서 출간되었다.","https://contents.kyobobook.co.kr/sih/fit-in/600x0/pdt/9791158888251.jpg"
"456","이나래","대리운전","스릴러","안전가옥","2023-03-29","‘장르 전문 스토리 프로덕션’ 안전가옥이 선보이는 새로운 라인업 ‘노크’의 첫 번째 작품.","https://contents.kyobobook.co.kr/sih/fit-in/600x0/pdt/9791191193947.jpg"
"457","김효인","메리 크리스하우스","스릴러","안전가옥","2021-12-24","“이 사건을 너와 내가 해결하자” 서울에서 온 전직 호텔리어구이준과 추리 마니아이자 대박 소설가 지망생 이제인은 어쩌다 제주 삼해리 연쇄 살마마 사건을 쫓게 되었을까?","https://contents.kyobobook.co.kr/sih/fit-in/600x0/pdt/9791191193336.jpg"
"458","비엣 타인 응우옌","헌신자","스릴러","민음사","2023-06-15","『헌신자』는 관념으로 무장한 뜨거운 스릴러인 동시에 속죄와 파멸의 이야기이기도 하며 신념과 신념을 갈망하는 욕구에 대한 냉철한 탐구이기도 하다.","https://contents.kyobobook.co.kr/sih/fit-in/600x0/pdt/9788937427886.jpg"
"459","정해연","못 먹는 남자","스릴러","엘릭시르","2023-08-11","제영은 어느 날부터 타인의 죽음을 보게 된다.","https://contents.kyobobook.co.kr/sih/fit-in/600x0/pdt/9788954699235.jpg"
"460","할런 코벤","네가 사라진 날","스릴러","비채","2023-08-31","3대 미스터리 문학상 최초 석권, 전세계 45개 언어 번역, 8000만 부 이상의 판매고.","https://contents.kyobobook.co.kr/sih/fit-in/600x0/pdt/9788934944287.jpg"
"461","아서 코난 도일","셜록 홈스 베스트 단편선","스릴러","느낌이있는책","2020-06-25","무슨 설명이 더 필요할까? 시대와 세대를 막론하고, 남녀와 노소 불문하며 100여 년이 지나도록 한결같이 열렬한 갈채와 격렬한 사랑을 받아온 추리소설의 대명사, 셜록 홈스.","https://contents.kyobobook.co.kr/sih/fit-in/600x0/pdt/9791161951065.jpg"
"462","매트 쿼리","이웃 사냥","스릴러","다산책방","2023-07-17","출간되기 전부터 북미를 강타한 호러! 미국 최대 커뮤니티 ‘레딧’의 괴담 게시판 화제의 소설 2019년 어느 날 미국 최대 온라인 커뮤니티 레딧(Reddit)의 괴담 게시판 노슬립(no sleep)에 독특한 글이…","https://contents.kyobobook.co.kr/sih/fit-in/600x0/pdt/9791130644691.jpg"
"463","리처드 오스먼","목요일 살인 클럽","스릴러","살림","2021-12-24","어느 평화로운 고급 실버타운에 전혀 어울릴 것 같지 않은 4명의 친구가 매주 한번 퍼즐 룸에서 만나 미제 사건에 대해 토론을 합니다.","https://contents.kyobobook.co.kr/sih/fit-in/600x0/pdt/9788952243393.jpg"
"464","프리다 맥파든","이혼","스릴러","북플라자","2026-05-26","내가 돈 많은 연하 남편과 결혼할 수 있었던 건 단지 아이가 생겼기 때문이었다.","https://contents.kyobobook.co.kr/sih/fit-in/600x0/pdt/9791193324967.jpg"
"465","알렉스 마이클리디스","사일런트 페이션트","스릴러","해냄출판사","2019-05-22","사람의 마음에 생겨나는 어두운 감정을 심리 스릴러라는 장르를 통해 탁월하게 그려낸 『사일런트 페이션트』.","https://contents.kyobobook.co.kr/sih/fit-in/600x0/pdt/9788965746898.jpg"
"466","김달리","머큐리 테일","스릴러","팩토리나인","2025-01-22","제1회 K스릴러 작가 공모전에서 최우수상을 받으며 장르소설의 새로운 상상력을 보여준 작가 김달리가 새로운 이야기 《머큐리 테일》을 들고 찾아왔다.","https://contents.kyobobook.co.kr/sih/fit-in/600x0/pdt/9791194246633.jpg"
"467","정해연","지금 죽으러 갑니다","스릴러","황금가지","2018-04-19","『더블』, 『악의』에 이은 또 하나의 섬뜩한 스릴러 “우리는 지금, 죽으러 갑니다…….” ‘놀라운 페이지터너(page turner)’라는 평을 받으며 한국 추리계의 유망주로 부상한 정해연 작가의 신작 스릴러…","https://contents.kyobobook.co.kr/sih/fit-in/600x0/pdt/9791158883812.jpg"
"468","앨리스 피니","데이지 다커","스릴러","밝은세상","2026-03-04","- ‘트위스트의 여왕’ 앨리스 피니의 반전 스릴러 《데이지 다커》를 쓴 앨리스 피니는 작가이자 저널리스트로 15년간 BBC에서 기자, 리포터, 뉴스 에디터, 예술 오락 프로듀서, 1시 뉴스 담당 프로듀서로 일했다.","https://contents.kyobobook.co.kr/sih/fit-in/600x0/pdt/9788984375178.jpg"
"469","스테이시 윌링햄","깜빡이는 소녀들","스릴러","세계사","2023-11-15","단 한 편의 작품으로 세계적인 심리 스릴러 작가로 떠오른 스테이시 윌링햄의 충격적인 데뷔작, 《깜빡이는 소녀들》 한국어판이 드디어 출간되었다.","https://contents.kyobobook.co.kr/sih/fit-in/600x0/pdt/9788933872345.jpg"
"470","전건우","듀얼","스릴러","래빗홀","2023-08-18","“내가 진짜 재미있는 이야기 해줄까?”라는 말이 이보다 더 무섭게 나오는 소설을 나는 알지 못한다.","https://contents.kyobobook.co.kr/sih/fit-in/600x0/pdt/9791168341227.jpg"
"471","존 그리샴","카미노 아일랜드","스릴러","하빌리스","2022-09-30","도난당하고 행방이 묘연해진 5편의 피츠제럴드 자필 원고, 300억 원대 가치를 지닌 ‘개츠비’는 누구의 손안에?","https://contents.kyobobook.co.kr/sih/fit-in/600x0/pdt/9791192612591.jpg"
"472","기욤 뮈소","파리의 아파트","스릴러","밝은세상","2017-12-05","기욤 뮈소의 본격 스릴러 『파리의 아파트』.","https://contents.kyobobook.co.kr/sih/fit-in/600x0/pdt/9788984373358.jpg"
"473","에이미 몰로이","퍼펙트 마더","스릴러","다산책방","2019-07-22","정식 출간 전, 공개되자마자 곧바로 영화 판권이 계약되고 주연 배우가 확정되며 화제를 모았고, 쟁쟁한 출판사들이 출판권을 두고 여섯 차례에 걸쳐 경쟁을 벌였던 에이미 몰로이의 스릴러 소설 『퍼펙트 마더』.","https://contents.kyobobook.co.kr/sih/fit-in/600x0/pdt/9791130623177.jpg"
"474","요 네스뵈","박쥐","스릴러","비채","2014-02-27","요 네스뵈의 데뷔작이자 「형사 해리 홀레 시리즈」의 첫 번째 작품인 『박쥐』.","https://contents.kyobobook.co.kr/sih/fit-in/600x0/pdt/9791185014449.jpg"
"475","콜슨 화이트헤드","할렘 셔플","스릴러","은행나무","2021-10-08","미국의 가장 권위 있는 문학상인 퓰리처상을 두 번 수상하는 기념비적인 기록을 세운 콜슨 화이트헤드의 신작 《할렘 셔플》이 출간되었다.","https://contents.kyobobook.co.kr/sih/fit-in/600x0/pdt/9791167370853.jpg"
"476","레이 브래드버리","화씨 451","디스토피아","황금가지","2009-03-04","환상 문학의 거장 레이 브래드버리의 대표작『화씨 451』.","https://contents.kyobobook.co.kr/sih/fit-in/600x0/pdt/9788982739088.jpg"
"477","마거릿 애트우드","오릭스와 크레이크","디스토피아","민음사","2019-10-10","부커 상 수상 작가 마거릿 애트우드의 장편소설 『오릭스와 크레이크』.","https://contents.kyobobook.co.kr/sih/fit-in/600x0/pdt/9788937454547.jpg"
"478","조지 오웰","1984년","디스토피아","을유문화사","2012-01-20","조지 오웰의 대표작이자 생애 마지막 소설 『1984년』.","https://contents.kyobobook.co.kr/sih/fit-in/600x0/pdt/9788932403786.jpg"
"479","김청귤","해저도시 타코야키","디스토피아","래빗홀","2023-03-27","김청귤의 인물들은 그렇게 발 디딜 곳 없는 곳에서 끝까지 서 있는 법을 보여준다._천선란(소설가) 재작년 《재와 물거품》으로 한국 환상소설장에 신선한 충격을 불어넣었던 김청귤이, 이번에는 기후 변화로 인해 육지가…","https://contents.kyobobook.co.kr/sih/fit-in/600x0/pdt/9791168340930.jpg"
"480","김지현","너라는 이름의 숲","디스토피아","허블","2023-08-15","‘꽃이 핀 줄 알고 꺾으려 들었다가 심연까지 뻗은 뿌리와 하늘을 가릴 줄기에 오히려 달려 갈 것이다.’ (SF 편집자 최지혜), ‘무덤에서 돋아난 싹이 자라나 꽃을 피우고 열매를 맺고 번식하는 것처럼 확장될…","https://contents.kyobobook.co.kr/sih/fit-in/600x0/pdt/9791193078044.jpg"
"481","마거릿 애트우드","홍수의 해","디스토피아","민음사","2019-10-10","부커 상 수상 작가 마거릿 애트우드의 장편소설 『홍수의 해』.","https://contents.kyobobook.co.kr/sih/fit-in/600x0/pdt/9788937454554.jpg"
"482","김아인","스파이라","디스토피아","허블","2024-09-11","“흩뿌려진 슬픔들을 원사 삼아 거미줄처럼 방사형으로 정교하게 직조해 낸 동아시아 SF.” 「스파이라」가 올해 제7회 한국과학문학상 장편 대상작으로 허블에서 출간되었다.","https://contents.kyobobook.co.kr/sih/fit-in/600x0/pdt/9791193078273.jpg"
"483","장강명","당신이 보고 싶어하는 세상","디스토피아","문학동네","2023-07-11","『표백』 『한국이 싫어서』 『그믐, 또는 당신이 세계를 기억하는 방식』 『재수사』 등의 소설과 르포집 『당선, 합격, 계급』 등을 펴내며 우리 사회에 날카로운 화두를 던지고 동시대 독자들과 부지런히 호흡해온 작가…","https://contents.kyobobook.co.kr/sih/fit-in/600x0/pdt/9788954694148.jpg"
"484","싱클레어 루이스","있을 수 없는 일이야","디스토피아","현대지성","2018-01-02","이 소설의 주인공은 ‘버즈’란 별명으로 알려진 미국 상원의원 버질리어스 윈드립이다.","https://contents.kyobobook.co.kr/sih/fit-in/600x0/pdt/9791187142294.jpg"
"485","장은진","디어 마이 버디","디스토피아","자음과모음","2023-08-25","자음과모음 청소년문학 107권이 출간되었다.","https://contents.kyobobook.co.kr/sih/fit-in/600x0/pdt/9788954449441.jpg"
"486","마거릿 애트우드","증언들","디스토피아","황금가지","2020-01-03","2019 부커상 수상작 『증언들』. 1985년 출간 이후 디스토피아 소설의 교본으로 꼽히는 마거릿 애트우드의 소설 《시녀 이야기》의 후속작으로, 《시녀 이야기》로부터 15년 뒤의 이야기를 그리고 있다.","https://contents.kyobobook.co.kr/sih/fit-in/600x0/pdt/9791158886134.jpg"
"487","조남주","사하맨션","디스토피아","민음사","2019-05-28","《82년생 김지영》으로 한국 사회 젠더감수성에 새로운 이정표를 제시한 조남주가 첨단의 시대가 조장하는 공동체의 붕괴와 새로운 공동체의 탄생을 그린 장편소설 『사하맨션』.","https://contents.kyobobook.co.kr/sih/fit-in/600x0/pdt/9788937441257.jpg"
"488","로런 그로프","아르카디아","디스토피아","문학동네","2018-02-20","《운명과 분노》의 저자 로런 그로프의 또다른 대표작 『아르카디아』.","https://contents.kyobobook.co.kr/sih/fit-in/600x0/pdt/9788954650229.jpg"
"489","조지 오웰","1984 2(미니북)","디스토피아","자화상","2020-07-17","과거를 지배하는 자는 미래를 지배한다.","https://contents.kyobobook.co.kr/sih/fit-in/600x0/pdt/9791190298872.jpg"
"490","다와다 요코","지구에 아로새겨진","디스토피아","은행나무","2022-09-29","★ 2022 전미도서상 번역부문 후보작 ★ 2022 커커스상 최종 후보작 ★ 괴테 문학상ㆍ클라이스트상ㆍ군조 신인 문학상ㆍ아쿠타가와상ㆍ다니자키 준이치로상 수상 작가 다와다 요코 3부작의 첫 번째 소설 경계 없이…","https://contents.kyobobook.co.kr/sih/fit-in/600x0/pdt/9791167372208.jpg"
"491","조지 오웰","1984 1(미니북)","디스토피아","자화상","2020-07-17","과거를 지배하는 자는 미래를 지배한다.","https://contents.kyobobook.co.kr/sih/fit-in/600x0/pdt/9791190298865.jpg"
"492","김준녕","빛의 구역","디스토피아","다산책방","2024-02-21","“악력이 대단하다”(김성중) “밤새도록 멈추지 못하고 읽었다”(김보영)는 평과 함께 한국과학문학상 대상을 만장일치로 수상하며 신인으로서의 입지를 단단하게 굳힌 김준녕이 신작 SF 장편소설로 돌아왔다.","https://contents.kyobobook.co.kr/sih/fit-in/600x0/pdt/9791130650883.jpg"
"493","김건규","코리아이","디스토피아","해피북스투유","2023-09-15","총상금 1억, 〈장르문학 IP 공모전: 리노블 시즌1〉 최우수상 수상작인 김건규 작가의 《코리아이》가 종이책, 전자책으로 동시 출간됐다.","https://contents.kyobobook.co.kr/sih/fit-in/600x0/pdt/9791170960454.jpg"
"494","마거릿 애트우드","미친 아담","디스토피아","민음사","2019-10-18","부커 상 수상 작가 마거릿 애트우드의 장편소설 『미친 아담』.","https://contents.kyobobook.co.kr/sih/fit-in/600x0/pdt/9788937454561.jpg"
"495","마쓰자키 유리","슈뢰딩거의 소녀","디스토피아","빈페이지","2023-11-01","우리가 사는 지금 이 세계는 유토피아일까 디스토피아일까?","https://contents.kyobobook.co.kr/sih/fit-in/600x0/pdt/9791198288233.jpg"
"496","다와다 요코","별에 어른거리는","디스토피아","은행나무","2023-09-04","경계 없이 흐르는 언어의 유체성을 탐구해온 작가 다와다 요코의 《별에 어른거리는》이 은행나무 세계문학전집 에세(ESSE) 열두 번째 책으로 출간되었다.","https://contents.kyobobook.co.kr/sih/fit-in/600x0/pdt/9791167373489.jpg"
"497","정보라","밤이 오면 우리는","디스토피아","현대문학","2023-09-25","“이 소설은 우리를 꽤 신념 있는 ‘인간’이 되고 싶게끔 한다.” _천선란(소설가) 독자들의 폭발적 사랑을 받으며 한국 문학의 대표 시리즈로 자리 잡은 ‘현대문학 핀 시리즈’는 시, 소설, 에세이 선에 이어 ‘핀…","https://contents.kyobobook.co.kr/sih/fit-in/600x0/pdt/9791167902214.jpg"
"498","예소연","고양이와 사막의 자매들","디스토피아","허블","2023-06-06","40년 동안의 3차 세계대전으로 모든 것이 초토화된 된 세계.","https://contents.kyobobook.co.kr/sih/fit-in/600x0/pdt/9791190090964.jpg"
"499","조지 오웰","1984(초판 완역본)","디스토피아","올리버","2024-01-29","전쟁은 평화, 자유는 예속, 무지는 힘 빅 브라더가 당신을 지켜보고 있다!","https://contents.kyobobook.co.kr/sih/fit-in/600x0/pdt/9791193130384.jpg"
"500","최의택","0과 1의 계절","디스토피아","요다","2023-06-29","2021년 제1회 문윤성 SF 문학상에서 심사위원 만장일치로 대상을 수상하고, 같은 작품으로 2022년 제9회 한국 SF어워드에서 대상을 수상한 최의택의 두 번째 장편 소설이다.","https://contents.kyobobook.co.kr/sih/fit-in/600x0/pdt/9791190749589.jpg"
"501","백희성","빛이 이끄는 곳으로","로맨스","북로망스","2024-08-21","역사와 예술이 살아 숨 쉬는 도시 파리.","https://contents.kyobobook.co.kr/sih/fit-in/600x0/pdt/9791193937198.jpg"
"502","에밀리 헨리","우리는 여름을 쓰기로 했다","로맨스","윌북","2026-08-10","출간 즉시 뉴욕 타임스 베스트셀러 1위, 전 세계 1000만 부 이상의 판매고를 올리며 인스타그램과 틱톡을 가장 뜨겁게 휩쓸고 있는 밀리언셀러 작가 에밀리 헨리.","https://contents.kyobobook.co.kr/sih/fit-in/600x0/pdt/9791155819555.jpg"
"503","에밀리 헨리","여름 편집 후기","로맨스","윌북","2026-08-10","출간 즉시 뉴욕 타임스 베스트셀러 1위, 전 세계 1000만 부 이상의 판매고를 올리며 인스타그램과 틱톡을 가장 뜨겁게 휩쓸고 있는 밀리언셀러 작가 에밀리 헨리.","https://contents.kyobobook.co.kr/sih/fit-in/600x0/pdt/9791155819562.jpg"
"504","아나 황","뒤틀린 사랑","로맨스","모모","2026-07-28","틱톡에서 폭발적인 입소문을 타며 로맨스 독자들을 완전히 매료시킨 아나 황의 대표작 『뒤틀린 사랑』이 모모에서 출간됐다.","https://contents.kyobobook.co.kr/sih/fit-in/600x0/pdt/9791175773721.jpg"
"505","김현경","그래, 이혼하자","로맨스","청미","2026-07-01","이민정·김지석 주연 동명 드라마의 원작 소설 『그래, 이혼하자』가 개정판으로 돌아왔다.","https://contents.kyobobook.co.kr/sih/fit-in/600x0/pdt/9791189134471.jpg"
"506","정세랑","지구에서 한아뿐","로맨스","난다","2019-07-31","외계인 경민과 지구인 한아의 아주 희귀한 종류의 사랑 이야기 『지구에서 한아뿐』.","https://contents.kyobobook.co.kr/sih/fit-in/600x0/pdt/9791188862290.jpg"
"507","소피 어윈","부자와 결혼하는 법","로맨스","마시멜로","2026-07-27","시대는 1818년, 영국에 사는 캐서린(키티) 탤벗에게는 ‘재산’이 필요하다.","https://contents.kyobobook.co.kr/sih/fit-in/600x0/pdt/9788947502979.jpg"
"508","알랭 드 보통","키스 앤 텔","로맨스","은행나무","2026-07-27","국내에서 가장 인기 있는 해외 작가 중 하나로 꼽히는 알랭 드 보통의 연애소설 《키스 앤 텔 Kiss and Tell》이 감각적인 일러스트 표지로 2026년 새롭게 선보인다.","https://contents.kyobobook.co.kr/sih/fit-in/600x0/pdt/9791167376763.jpg"
"509","이도우","날씨가 좋으면 찾아가겠어요","로맨스","수박설탕","2023-11-22","2018년 첫 출간 이후 꾸준히 스테디셀러 자리를 지키며 수십만 독자들에게 사랑 받아온 〈날씨가 좋으면 찾아가겠어요〉가 독립출판 수박설탕에서 견고하고 소장 가치 높은 양장본으로 재단장해 돌아왔다.","https://contents.kyobobook.co.kr/sih/fit-in/600x0/pdt/9791197671739.jpg"
"510","최진영","해가 지는 곳으로","로맨스","민음사","2017-06-30","문학성과 다양성, 참신성을 기치로 한국문학의 미래를 이끌어 갈 신예들의 작품을 엄선한 「오늘의 젊은 작가」의 열여섯 번째 작품 『해가 지는 곳으로』.","https://contents.kyobobook.co.kr/sih/fit-in/600x0/pdt/9788937473166.jpg"
"511","사쿠라 이이요","말하고 싶은 비밀","로맨스","모모","2023-12-08","누적 부수 65만 부를 돌파한 베스트셀러 《말하고 싶은 비밀》이 2023년 일본에서 영화화되며 다시 한번 뜨거운 관심을 불러일으켰다.","https://contents.kyobobook.co.kr/sih/fit-in/600x0/pdt/9791193358245.jpg"
"512","김효인","사랑은 하트 모양이 아니야","로맨스","안전가옥","2025-02-14","정반대라고 해도 될 정도로 나와 다른 사람에게 끌리는 상황은 로맨스 장르의 유구한 클리셰 중 하나다.","https://contents.kyobobook.co.kr/sih/fit-in/600x0/pdt/9791193024928.jpg"
"513","이언 매큐언","속죄","로맨스","문학동네","2023-02-28","현대 영문학을 대표하는 작가 이언 매큐언의 최고작이자 전 세계적인 메가셀러 『속죄』를 새롭게 선보인다.","https://contents.kyobobook.co.kr/sih/fit-in/600x0/pdt/9788954690799.jpg"
"514","김사과","풀이 눕는다","로맨스","문학동네","2017-08-15","독특한 개성을 지닌 젊은 작가 김사과의 두 번째 장편소설 『풀이 눕는다』.","https://contents.kyobobook.co.kr/sih/fit-in/600x0/pdt/9788954646567.jpg"
"515","유이하","나와 너의 365일","로맨스","모모","2023-03-14","유난히 벚꽃이 희던 새 학기 첫날, 열일곱 생일을 맞은 평범한 소년 소야는 특별반에서 일반반으로 내려온 옆자리 소녀 히나를 만나고 첫눈에 반한다.","https://contents.kyobobook.co.kr/sih/fit-in/600x0/pdt/9791192579450.jpg"
"516","최영원","로맨스 도파민","로맨스","안전가옥","2024-04-16","‘2023 안전가옥 스토리 공모: 로맨스 도파민’ 수상 작품집이자 안전가옥 앤솔로지 시리즈의 열한 번째 책.","https://contents.kyobobook.co.kr/sih/fit-in/600x0/pdt/9791193024652.jpg"
"517","니컬러스 스파크스","위시","로맨스","모모","2023-12-01","출간 즉시 〈뉴욕타임스〉 베스트셀러 1위에 오르며 전 세계에 다시 한번 ‘스파크스 신드롬’을 일으킨 니컬러스 스파크스의 신작 《위시》가 마침내 한국 독자들을 찾아왔다.","https://contents.kyobobook.co.kr/sih/fit-in/600x0/pdt/9791193358177.jpg"
"518","신카이 마코토","너의 이름은.","로맨스","대원씨아이","2017-01-17","애니메이션 차세대 거장으로 거듭난 신카이 마코토 감독이 직접 집필한 극장 애니메이션 《너의 이름은。》의 원작 소설 『너의 이름은.』.","https://contents.kyobobook.co.kr/sih/fit-in/600x0/pdt/9791133440054.jpg"
"519","마쓰이에 마사시","가라앉는 프랜시스","로맨스","비채","2025-08-25","“사람의 오감이 필요에 의해 발달했다면 거꾸로, 쓰지 않으면 잃어버릴 수도 있겠지요.","https://contents.kyobobook.co.kr/sih/fit-in/600x0/pdt/9791173322440.jpg"
"520","앨리슨 에스파흐","웨딩 피플","로맨스","북로망스","2026-05-20","소니 픽처스가 출간 전부터 제작사 경쟁 입찰을 거쳐 영화 판권을 선점한 화제작, 앨리슨 에스파흐의 『웨딩 피플』이 드디어 한국 독자를 찾아온다.","https://contents.kyobobook.co.kr/sih/fit-in/600x0/pdt/9791124038437.jpg"
"521","윤정은","메리골드 마음 세탁소(아틀리에 컬렉션)","로맨스","북로망스","2025-06-18","윤정은 작가의 소설 『메리골드 마음 세탁소』가 100쇄 돌파와 영국·미국 동시 출간을 기념하여 ‘버블 에디션’으로 새롭게 출간된다.","https://contents.kyobobook.co.kr/sih/fit-in/600x0/pdt/9791193937310.jpg"
"522","나윤아","나의 친애하는 악플러","로맨스","탐","2024-11-05","탐 청소년 문학 시리즈 36권. 악플러 소년과 인플루언서 소녀의 시점이 교차 진행하며 전개되는 성장 소설이다.","https://contents.kyobobook.co.kr/sih/fit-in/600x0/pdt/9788964965238.jpg"
"523","모리타 아오","봄이 사라진 세계","로맨스","모모","2023-04-20","시한부 1년을 선고받은 소년 아키토와 시한부 반년을 선고받은 소녀 하루나의 따스하지만 애달픈 사랑 이야기.","https://contents.kyobobook.co.kr/sih/fit-in/600x0/pdt/9791192579573.jpg"
"524","당칠공자","삼생삼세 십리도화","로맨스","문학동네","2017-06-21","2017년 58부작으로 제작되어 중국 현지에서 경이로운 인기를 이어가고 있는 중국 드라마 《삼생삼세 십리도화》의 원작 소설 『삼생삼세 십리도화』.","https://contents.kyobobook.co.kr/sih/fit-in/600x0/pdt/9788954645935.jpg"
"525","베스 올리리","내가 빠진 로맨스","로맨스","모모","2023-09-20","같은 날, 같은 남자에게 바람맞은 세 여자… 세상에 없던 삼중 연애의 끝에 상상도 못 한 기발한 반전이 펼쳐진다!","https://contents.kyobobook.co.kr/sih/fit-in/600x0/pdt/9791193358023.jpg"
"526","오르한 파묵","순수 박물관","로맨스","민음사","2023-11-27","문명 간의 충돌, 이슬람과 세속화된 민족주의 간의 관계 등을 주제로 작품을 써 온 튀르키예의 대표 작가 오르한 파묵이 2006년 노벨 문학상 이후 처음으로 선보인 소설, 『순수 박물관』이 민음사에서 단행본으로…","https://contents.kyobobook.co.kr/sih/fit-in/600x0/pdt/9788937427145.jpg"
"527","조조 모예스","애프터 유","로맨스","다산책방","2025-05-12","전 세계 1500만 명을 잠 못 들게 만들며 잊을 수 없는 후유증을 선사한 『미 비포 유』의 후속작 『애프터 유』가 새로운 표지와 수정된 번역으로 출간되었다.","https://contents.kyobobook.co.kr/sih/fit-in/600x0/pdt/9791130666037.jpg"
"528","조조 모예스","스틸 미","로맨스","다산책방","2025-05-12","21세기 로맨스 소설의 새 지평을 열었다고 평가받는 〈미 비포 유〉의 마지막 이야기, 『스틸 미』가 새로운 표지로 다시 독자를 만난다.","https://contents.kyobobook.co.kr/sih/fit-in/600x0/pdt/9791130666044.jpg"
"529","사사키 아이","프루스트 효과의 실험과 결과","로맨스","모로","2023-10-10","제96회 올 요미모노 신인상을 수상한 사사키 아이의 청춘 소설.","https://contents.kyobobook.co.kr/sih/fit-in/600x0/pdt/9791198226242.jpg"
"530","후미즈키 아오이","수조세계","로맨스","자음과모음","2026-03-23","이 계절, 마음속 물고기를 ‘튀어 오르게’ 할 아련하고 청량한 러브스토리가 찾아왔다!","https://contents.kyobobook.co.kr/sih/fit-in/600x0/pdt/9788954473521.jpg"
"531","연소민","노 웨딩","로맨스","자음과모음","2026-02-12","『공방의 계절』로 30개국에 판권이 팔린 연소민 작가의 장편소설 『노 웨딩』이 자음과모음에서 출간되었다.","https://contents.kyobobook.co.kr/sih/fit-in/600x0/pdt/9788954473408.jpg"
"532","정다은","나도 때론 로맨스 소설 속 주인공처럼 살고 싶다","로맨스","미다스북스","2024-02-22","“내가 알아야 할 모든 것은 로맨스 소설에서 배웠다.” 내 인생에 연애 소설이 쏘아 올린 작은 공!","https://contents.kyobobook.co.kr/sih/fit-in/600x0/pdt/9791169105095.jpg"
"533","배명훈","청혼","로맨스","북하우스","2024-04-25","배명훈 작가의 『청혼』이 출간 11년 만에 전면적인 개정 작업을 거쳐 복간되었다.","https://contents.kyobobook.co.kr/sih/fit-in/600x0/pdt/9791164052455.jpg"
"534","강민채","너의 겨울에 다시 내가","로맨스","모모","2026-01-29","날짜는 열흘 앞, 전 남자친구의 죽음을 미리 알게 되었다?","https://contents.kyobobook.co.kr/sih/fit-in/600x0/pdt/9791175771550.jpg"
"535","오세영","세인트 헬레나에서 온 남자","로맨스","델피노","2023-12-12","오세영 작가의 신작 『세인트 헬레나에서 온 남자』는 전혀 무관해 보이는 두 역사적 사건 - ‘홍경래의 난’과 ‘프랑스 대혁명’을 난데없이 연결하는 것으로 시작하며 독자들의 이목을 집중시킨다.","https://contents.kyobobook.co.kr/sih/fit-in/600x0/pdt/9791191459753.jpg"
"536","백승연","너의 답장이 되어 줄게","로맨스","텍스티(TXTY)","2025-06-18","1편 『편지 가게 글월』은 사고 치고 집을 떠난 언니의 편지로부터 도망쳐 서울로 피신한 스물여덟 우효영의 이야기를 다룬다.","https://contents.kyobobook.co.kr/sih/fit-in/600x0/pdt/9791193190388.jpg"
"537","줄리안 맥클린","이토록 완벽한 실종","로맨스","해피북스투유","2023-12-01","장르 불문 어떤 작품을 출간해도 단번에 베스트에 진입하며 화제의 중심에 서는 줄리안 맥클린의 신간 《이토록 완벽한 실종》이 출간되었다.","https://contents.kyobobook.co.kr/sih/fit-in/600x0/pdt/9791170960782.jpg"
"538","고자쿠라 스즈","내일을 준 너에게, 마지막 러브레터를","로맨스","놀","2023-02-22","누가 어떤 방법으로 보냈는지 알 수 없는 신비한 편지가 오직 당신에게만 모습을 드러낸다면?","https://contents.kyobobook.co.kr/sih/fit-in/600x0/pdt/9791130697406.jpg"
"539","김자인","프렘더","로맨스","파란미디어","2020-03-17","사람이 하나의 세계라면, 사람을 만나는 것은 그 낯선 세계를 여행하는 것이다.","https://contents.kyobobook.co.kr/sih/fit-in/600x0/pdt/9788963717289.jpg"
"540","오리가미 교야","호로요이의 시간","로맨스","징검돌","2023-11-20","“일본 아마존 1위, 연쇄 의문사 사건 실화 소설” 《버터》 유즈키 아사코, “일본 호러소설 대상 독자상” 《기억술사》 오리가미 교야, “지친 하루를 위로하는 맛있는 한 끼, 시원한 한 잔” 《낮술》 하라다…","https://contents.kyobobook.co.kr/sih/fit-in/600x0/pdt/9791186323588.jpg"
"541","전경린","이중 연인","로맨스","나무옆의자","2019-10-22","마음을 열고 한 사람을 받아들이면 다른 사람이 동시에 다가온다.","https://contents.kyobobook.co.kr/sih/fit-in/600x0/pdt/9791161570716.jpg"
"542","처처칭한","잠중록 4(완결)","로맨스","아르테(arte)","2019-08-07","가족을 살해했다는 누명을 쓰고 쫓기던 소녀가 황실로 숨어들면서 펼쳐지는 미스터리 사극 로맨스 『잠중록』 제4권.","https://contents.kyobobook.co.kr/sih/fit-in/600x0/pdt/9788950979522.jpg"
"543","정명섭","멸화군 불의 연인","로맨스","네오픽션","2018-01-11","로맨스의 다양한 시각과 정의에 입각해볼 때, 『멸화군 불의 연인』은 그 조건을 온전히 갖춘 소설이다.","https://contents.kyobobook.co.kr/sih/fit-in/600x0/pdt/9788954438230.jpg"
"544","김수지","희란국 연가","로맨스","필(FEEL)","2025-12-22","희란국에는 요괴들이 사는 깊은 계곡이 있다.","https://contents.kyobobook.co.kr/sih/fit-in/600x0/pdt/9791131594100.jpg"
"545","유정아","귀면의 주인","로맨스","유한북스","2026-02-10","『귀면의 주인』은 가스통 르루의 오페라의 유령에서 출발해, 현대 한국의 무대 위로 그 그림자를 옮겨온 미스터리 로맨스다.","https://contents.kyobobook.co.kr/sih/fit-in/600x0/pdt/9791199597327.jpg"
"546","청예","남의 썸 관찰기","로맨스","다림","2023-02-27","18세 모태 솔로 여고생이 들려주는 ‘남’의 썸 관찰기.","https://contents.kyobobook.co.kr/sih/fit-in/600x0/pdt/9788961773041.jpg"
"547","최진영","가슴 뛰는 소설","로맨스","창비교육","2020-08-21","사춘기에 들어선 10대의 첫사랑부터 실패와 좌절을 겪은 20대의 연애, 70대 노년에 찾아온 사랑하는 마음, 죽음 이후에도 이어지는 사랑 등 사랑을 주제로 한 소설 9편을 엮어 만든 『가슴 뛰는 소설: 사랑이…","https://contents.kyobobook.co.kr/sih/fit-in/600x0/pdt/9791165700171.jpg"
"548","조강은","낙원의 오후","로맨스","파란","2019-02-19","시간은 느리고, 빨랐다. 사랑은 깊고, 추웠다.","https://contents.kyobobook.co.kr/sih/fit-in/600x0/pdt/9788963716442.jpg"
"549","임이현","수연아,","로맨스","스칼렛","2020-02-07","“넌 왜 연애를 안 해? 좋은 사람 소개시켜 준다고 그래도 마다하고.” 결은 덜컥 당황스러웠다.","https://contents.kyobobook.co.kr/sih/fit-in/600x0/pdt/9791190625562.jpg"
"550","테일러 젠킨스 레이드","말리부의 사랑법","로맨스","다산책방","2025-06-30","출간하는 작품마다 밀리언셀러에 등극하며 메가 히트작의 신화를 쓰고 있는 작가 테일러 젠킨스 리드의 일곱 번째 작품 『말리부의 사랑법』이 마침내 국내에 소개된다.","https://contents.kyobobook.co.kr/sih/fit-in/600x0/pdt/9791130667874.jpg"
"551","제인","유어 에로스","로맨스","스토디오","2024-11-15","연애에 질릴 대로 질려버린 가은은 친구의 연애 사업을 도운 것을 계기로 호기롭게 사랑 청부업체 ‘유어 에로스’ 사업을 시작한다.","https://contents.kyobobook.co.kr/sih/fit-in/600x0/pdt/9791199019102.jpg"
"552","서사희","사랑하는 나의 억압자 4(완결)","로맨스","블라썸","2024-05-01","“처음부터, 내게 일부러 접근했군요?” “……그렇습니다.” “원수의 딸을 사랑하는 척하느라 힘들었겠다.” 왕가의 핏줄이자 군부 대장의 외동딸 아네트.","https://contents.kyobobook.co.kr/sih/fit-in/600x0/pdt/9791130651941.jpg"
"553","유폴히","신청곡","로맨스","데이즈엔터","2025-06-27","1. 〈실핀처럼 머리끈처럼〉 “날 왜 좋아하는데?” “좋은 사람이니까.” “내가 좋은 사람인지 아닌지 네가 어떻게 알아?” “뭐든 두 번째로 보면 잘 보여.” 마치 모든 것을 다 알고 있다는 듯한 어른스러운…","https://contents.kyobobook.co.kr/sih/fit-in/600x0/pdt/9791142709364.jpg"
"554","임선영","미라클 베이커리","로맨스","상상앤미디어","2020-07-20","내가 사랑하는 것들은 그렇게 떠났다. 작별의 말도 없이 나 또한 그렇게 사라질지도 모른다.","https://contents.kyobobook.co.kr/sih/fit-in/600x0/pdt/9791190938013.jpg"
"555","윤혜인","안녕, 이별","로맨스","마롱","2022-07-27","남부러울 것 없이 잘났지만 마음속에 해묵은 상처를 지니고 있는 남자, 유태리.","https://contents.kyobobook.co.kr/sih/fit-in/600x0/pdt/9791136824271.jpg"
"556","물빛항해","바다 위 코끼리 열차","로맨스","로코코","2019-04-18","자전거를 타고 내리막을 빠르게 내려오는 것.","https://contents.kyobobook.co.kr/sih/fit-in/600x0/pdt/9791135423666.jpg"
"557","강규원","응급! 사랑으로 치료하는 방법 3(완결)","로맨스","단글","2017-12-28","강규원 장편소설 『응급! 사랑으로 치료하는 방법』.","https://contents.kyobobook.co.kr/sih/fit-in/600x0/pdt/9791128392689.jpg"
"558","권겨을","악역의 엔딩은 죽음뿐 5(외전)","로맨스","디앤씨북스","2020-09-18","〈SYSTEM〉 게임이 종료됩니다. 엔딩을 맞이해 게임이 종료되자 시스템 창이 사라졌다.","https://contents.kyobobook.co.kr/sih/fit-in/600x0/pdt/9791126452255.jpg"
"559","강미강","옷소매 붉은 끝동 2(완결)","로맨스","청어람","2017-04-06","강미강 장편소설『옷소매 붉은 끝동』제2권 완결.","https://contents.kyobobook.co.kr/sih/fit-in/600x0/pdt/9791104911521.jpg"
"560","이희주","횡단보도에서 수호천사를 만나 사랑에 빠진 이야기","로맨스","북다","2024-09-26","북다의 단편소설 시리즈 로맨스 서사의 무한한 확장, ‘달달북다’ ‘달달북다’ 시리즈는 지금 한국문학에서 활발하게 활동하고 있는 작가 12인의 신작 로맨스 단편소설과 작업 일기를 키워드별(로맨스×칙릿…","https://contents.kyobobook.co.kr/sih/fit-in/600x0/pdt/9791170611844.jpg"
"561","문수진","내 예쁜 사람아","로맨스","봄미디어","2017-10-25","문수진의 『내 예쁜 사람아』. 비가 쏟아지던 어느 날, 첫사랑이 내게 말했다.","https://contents.kyobobook.co.kr/sih/fit-in/600x0/pdt/9791158103958.jpg"
"562","물빛항해","담벼락 헌책방","로맨스","로코코","2018-06-15","할아버지의 갑작스러운 여행으로 헌책방을 맡게 된 오담희.","https://contents.kyobobook.co.kr/sih/fit-in/600x0/pdt/9791129477385.jpg"
"563","김수연","스위처블 러브 스토리","로맨스","엘리","2023-08-26","탄탄한 내공을 갖춘 준비된 작가 김수연의 첫 소설집.","https://contents.kyobobook.co.kr/sih/fit-in/600x0/pdt/9791191247381.jpg"
"564","윤정은","메리골드 마음 식물원","로맨스","북로망스","2025-06-18","메리골드의 찬란한 마침표이자 독자들의 마음속에 다시 피어날 희망의 씨앗!","https://contents.kyobobook.co.kr/sih/fit-in/600x0/pdt/9791193937723.jpg"
"565","에밀리 브론테","폭풍의 언덕(양장)","로맨스","앤의서재","2023-09-01","❝에밀리 브론테는 어떻게 이렇게까지 연약하고 남루한 인간의 내면을 낱낱이 보여줄 수 있었던 것일까.","https://contents.kyobobook.co.kr/sih/fit-in/600x0/pdt/9791190710633.jpg"
"566","리지 덴트","너의 여름을 빌려줘","로맨스","마시멜로","2024-06-20","이 소설은 지금까지 그랬듯 앞으로도 별 볼일 없는 인생을 살 줄 알았던 서른한 살의 버디가 우연한 오해로 자신과는 정반대의 인생을 사는 친구 헤더의 신분을 빌려 소믈리에로 일하게 되며 시작된다.","https://contents.kyobobook.co.kr/sih/fit-in/600x0/pdt/9788947549578.jpg"
"567","정서영","반쯤은 하이틴 로맨스","로맨스","우리학교","2023-11-30","이 책은 친구의 죽음에 대한 죄책감으로 마음의 문을 닫고 지내 온 주인공 배서인이, 죽은 혜리와 매달 꿈에서 만난다는 미스터리한 소년 이재하를 통해 다시 세상과 마주하고, 외면해 왔던 꿈을 향해 멋지게 도약하는…","https://contents.kyobobook.co.kr/sih/fit-in/600x0/pdt/9791167552389.jpg"
"568","알리 헤이즐우드","러브 온 더 브레인","로맨스","황금시간","2024-01-22","*전 세계 32개국 판권 계약 미국 항공우주국 나사(NASA)의 우주 프로젝트 때문에 6년 만에 다시 만난 천재 뇌과학자와 천재 공학자가 벌이는 일과 사랑의 줄타기를 아슬아슬하게 그린 로맨스 소설이다.","https://contents.kyobobook.co.kr/sih/fit-in/600x0/pdt/9791191602463.jpg"
"569","현호정","삼색도","로맨스","위즈덤하우스","2023-11-07","2020년 박지리문학상, 2023년 젊은작가상을 수상하며 가장 주목받는 젊은 작가로 떠오른 현호정의 신작 위픽 《삼색도》가 출간되었다.","https://contents.kyobobook.co.kr/sih/fit-in/600x0/pdt/9791168127388.jpg"
"570","나카야마 가호","흰 장미의 심연까지","로맨스","은행나무","2023-02-20","“루이와 사귀면 해롱해롱과 안절부절이 거대한 파도처럼 교대로 찾아온다.","https://contents.kyobobook.co.kr/sih/fit-in/600x0/pdt/9791167372628.jpg"
"571","박에스더","벽사아씨전","로맨스","안전가옥","2023-10-06","《벽사아씨전》은 경장편 소설 《영매 소녀》, 마시멜로 픽션 대상을 수상한 〈미카엘라〉 시리즈를 통해 청소년 문학에서 이름을 알린 박에스더 작가의 신작이다.","https://contents.kyobobook.co.kr/sih/fit-in/600x0/pdt/9791193024300.jpg"
"572","아쿠타가와 나오","스트로베리 문","로맨스","소미미디어","2024-09-26","“스트로베리 문이라는 거 알아? ……스트로베리 문이란 행운을 부르는 달이라고 해.","https://contents.kyobobook.co.kr/sih/fit-in/600x0/pdt/9791138484251.jpg"
"573","임하운","작은 별이 자라는 밤","로맨스","자음과모음","2026-05-11","『작은 별이 자라는 밤』은 『뜻밖의 계절』 『네가 있어서 괜찮아』를 통해 관계에 상처를 받은 아이들의 이야기로 주목받은 임하운 작가의 신작 장편소설이다.","https://contents.kyobobook.co.kr/sih/fit-in/600x0/pdt/9788954473606.jpg"
"574","콜린 후버","우리가 끝이야","로맨스","위즈덤하우스","2022-05-25","전 세계 틱톡 유저들이 사랑에 빠진 로맨스 소설, 15초 영상 세대도 열광한 페이지 터너 콜린 후버의 《우리가 끝이야》가 드디어 국내에 출간되었다.","https://contents.kyobobook.co.kr/sih/fit-in/600x0/pdt/9791168123014.jpg"
"575","제리안","나도 로맨스 소설로 대박 작가가 되면 소원이 없겠네","로맨스","앵글북스","2017-09-28","내공 충만한 로맨스 탐닉자들이여, 이젠 펜을 들어라!","https://contents.kyobobook.co.kr/sih/fit-in/600x0/pdt/9791187512172.jpg"
"576","예선영","한성대화재 소헌왕후","역사소설","지누","2026-07-13","1426년 한성, 조선의 심장이 불길에 휩싸였다 1426년 음력 2월 15일, 세종 8년.","https://contents.kyobobook.co.kr/sih/fit-in/600x0/pdt/9791187849612.jpg"
"577","마리 베네딕트","벨 그린: 위대한 사서","역사소설","이덴슬리벨","2026-08-10","유색인 신분을 숨기고 백인으로 살아야 했던 여자의 이야기, 《벨 그린: 위대한 사서》는 미국의 전설적인 금융 황제인 존 피어폰트 모건(John Pierpont Morgan)의 개인 사서이자 모건 도서관 초대…","https://contents.kyobobook.co.kr/sih/fit-in/600x0/pdt/9791191937855.jpg"
"578","무곡성","구이원 12: 낙랑국","역사소설","삼현미디어","2026-07-18","고조선 말기, 중원과 각팔마룡을 상대로 구이원(九夷原)의 오가와 번한(- 번조선), 마한(- 막조선), 동호, 흉노, 동예, 동옥저, 북옥저, 읍루, 구리국, 낙랑국 협객들이 의(義)를 행하는 소 설.","https://contents.kyobobook.co.kr/sih/fit-in/600x0/pdt/9791198379863.jpg"
"579","장경선","경성 나비클럽의 비밀","역사소설","다른","2026-06-22","한일병합조약으로 나라의 주권마저 빼앗긴 1910년 경성, 조선인 귀족의 딸 윤희는 일본인 중학교를 다니며 ‘영웅의 딸’로 불린다.","https://contents.kyobobook.co.kr/sih/fit-in/600x0/pdt/9791156337874.jpg"
"580","이상훈","백서","역사소설","책마실","2026-07-01","1801년에 순교한 황사영은 가톨릭계는 물론이고 일반 역사에서도 오랫동안 뜨거운 감자였다.","https://contents.kyobobook.co.kr/sih/fit-in/600x0/pdt/9788998891077.jpg"
"581","류드밀라 울리츠카야","통역사 다니엘 슈타인","역사소설","문학과지성사","2026-06-22","2001년 6월 『트리스트럼 샌디』를 시작으로 출간해온 대산세계문학총서가 200번째 책을 출간했다.","https://contents.kyobobook.co.kr/sih/fit-in/600x0/pdt/9788932045337.jpg"
"582","밀란 쿤데라","참을 수 없는 존재의 가벼움","역사소설","민음사","2018-06-20","살아 있는 신화가 된 작가 밀란 쿤데라의 대표작 『참을 수 없는 존재의 가벼움』을 밀란 쿤데라가 직접 그린 일러스트를 바탕으로 디자인한 신선한 표지와 장정으로 새롭게 만나볼 수 있다.","https://contents.kyobobook.co.kr/sih/fit-in/600x0/pdt/9788937437564.jpg"
"583","김훈","칼의 노래","역사소설","문학동네","2014-01-15","지난 20년간 문학동네를 통해 독자와 만나온 빛나는 작품들을 새롭게 선보이는 「문학동네 한국문학전집」 제14권 『칼의 노래』.","https://contents.kyobobook.co.kr/sih/fit-in/600x0/pdt/9788954623360.jpg"
"584","박경리","토지 1(1부 1권)","역사소설","다산책방","2023-06-07","명실상부 한국 문학사의 기념비적 작품으로 자리하고 있는 박경리의 대하소설 『토지』가 첫 집필 54년 만에 현대적 감각으로 다시 탄생했다.","https://contents.kyobobook.co.kr/sih/fit-in/600x0/pdt/9791130699462.jpg"
"585","박경리","토지 2(1부 2권)","역사소설","다산책방","2023-06-07","명실상부 한국 문학사의 기념비적 작품으로 자리하고 있는 박경리의 대하소설 『토지』가 첫 집필 54년 만에 현대적 감각으로 다시 탄생했다.","https://contents.kyobobook.co.kr/sih/fit-in/600x0/pdt/9791130699479.jpg"
"586","김훈","하얼빈","역사소설","문학동네","2022-08-03","‘우리 시대 최고의 문장가’ ‘작가들의 작가’로 일컬어지는 소설가 김훈의 신작 장편소설 『하얼빈』이 출간되었다.","https://contents.kyobobook.co.kr/sih/fit-in/600x0/pdt/9788954699914.jpg"
"587","방현석","범도 1: 포수의 원칙","역사소설","문학동네","2023-05-25","어린 시절 부모를 잃은 범도는 산야를 떠돌며 포수로 성장한다.","https://contents.kyobobook.co.kr/sih/fit-in/600x0/pdt/9788954693271.jpg"
"588","일연","삼국유사","역사소설","민음사","2008-01-02","일연의 『삼국유사』는 고구려, 백제, 신라 삼국뿐 아니라 고조선에서부터 고려까지, 우리 민족의 흥망성쇠의 역사를 폭넓게 다루고 있는 작품이다.","https://contents.kyobobook.co.kr/sih/fit-in/600x0/pdt/9788937461668.jpg"
"589","요네자와 호노부","흑뢰성","역사소설","리드비","2022-09-01","2021년, 일본 문학 시장을 석권한 요네자와 호노부의 《흑뢰성》이 국내에 소개된다.","https://contents.kyobobook.co.kr/sih/fit-in/600x0/pdt/9791197708589.jpg"
"590","김훈","남한산성","역사소설","학고재","2017-07-07","김훈 특유의 냉혹하고 뜨거운 말로 치욕스런 역사의 한 장면을 보여주는 소설 『남한산성』.","https://contents.kyobobook.co.kr/sih/fit-in/600x0/pdt/9788956253534.jpg"
"591","박경리","토지 14(4부 2권)","역사소설","다산책방","2023-06-07","명실상부 한국 문학사의 기념비적 작품으로 자리하고 있는 박경리의 대하소설 『토지』가 첫 집필 54년 만에 현대적 감각으로 다시 탄생했다.","https://contents.kyobobook.co.kr/sih/fit-in/600x0/pdt/9791130699608.jpg"
"592","박경리","토지 7(2부 3권)","역사소설","다산책방","2023-06-07","명실상부 한국 문학사의 기념비적 작품으로 자리하고 있는 박경리의 대하소설 『토지』가 첫 집필 54년 만에 현대적 감각으로 다시 탄생했다.","https://contents.kyobobook.co.kr/sih/fit-in/600x0/pdt/9791130699530.jpg"
"593","박경리","토지 12(3부 4권)","역사소설","다산책방","2023-06-07","명실상부 한국 문학사의 기념비적 작품으로 자리하고 있는 박경리의 대하소설 『토지』가 첫 집필 54년 만에 현대적 감각으로 다시 탄생했다.","https://contents.kyobobook.co.kr/sih/fit-in/600x0/pdt/9791130699585.jpg"
"594","김형원","밤구름은 서쪽으로 흐르니","역사소설","마음연결","2026-04-30","죽은 오빠의 복수를 위해 장악원으로 향하다 정조의 총애를 받던 오빠 ‘호’의 갑작스러운 죽음, 세간에 들리는 미심쩍은 소문.","https://contents.kyobobook.co.kr/sih/fit-in/600x0/pdt/9791124194140.jpg"
"595","김소연","반반 무 많이","역사소설","서해문집","2021-09-05","서해문집 청소년문학 16권. 《반반 무 많이》는 ‘헬조선 원정대’ 시리즈(〈을밀대 체공녀 사건의 재구성〉, 〈의열단 여전사 기생 현계옥의 내력〉)로 역사와 SF의 절묘한 조합을 보여 주고 있는 김소연 작가가…","https://contents.kyobobook.co.kr/sih/fit-in/600x0/pdt/9791190893930.jpg"
"596","박경리","토지 3(1부 3권)","역사소설","다산책방","2023-06-07","명실상부 한국 문학사의 기념비적 작품으로 자리하고 있는 박경리의 대하소설 『토지』가 첫 집필 54년 만에 현대적 감각으로 다시 탄생했다.","https://contents.kyobobook.co.kr/sih/fit-in/600x0/pdt/9791130699486.jpg"
"597","박경리","토지 13(4부 1권)","역사소설","다산책방","2023-06-07","명실상부 한국 문학사의 기념비적 작품으로 자리하고 있는 박경리의 대하소설 『토지』가 첫 집필 54년 만에 현대적 감각으로 다시 탄생했다.","https://contents.kyobobook.co.kr/sih/fit-in/600x0/pdt/9791130699592.jpg"
"598","박경리","토지 15(4부 3권)","역사소설","다산책방","2023-06-07","명실상부 한국 문학사의 기념비적 작품으로 자리하고 있는 박경리의 대하소설 『토지』가 첫 집필 54년 만에 현대적 감각으로 다시 탄생했다.","https://contents.kyobobook.co.kr/sih/fit-in/600x0/pdt/9791130699615.jpg"
"599","박경리","토지 17(5부 2권)","역사소설","다산책방","2023-06-07","명실상부 한국 문학사의 기념비적 작품으로 자리하고 있는 박경리의 대하소설 『토지』가 첫 집필 54년 만에 현대적 감각으로 다시 탄생했다.","https://contents.kyobobook.co.kr/sih/fit-in/600x0/pdt/9791130699639.jpg"
"600","박경리","토지 6(2부 2권)","역사소설","다산책방","2023-06-07","명실상부 한국 문학사의 기념비적 작품으로 자리하고 있는 박경리의 대하소설 『토지』가 첫 집필 54년 만에 현대적 감각으로 다시 탄생했다.","https://contents.kyobobook.co.kr/sih/fit-in/600x0/pdt/9791130699523.jpg"
"601","방현석","범도 2: 봉오동의 그들","역사소설","문학동네","2023-06-07","홍범도가 이끌던 항일연합포연대는 일본 통감부의 정치적 압박에 의해 강제로 해산된다.","https://contents.kyobobook.co.kr/sih/fit-in/600x0/pdt/9788954693288.jpg"
"602","박경리","토지 8(2부 4권)","역사소설","다산책방","2023-06-07","명실상부 한국 문학사의 기념비적 작품으로 자리하고 있는 박경리의 대하소설 『토지』가 첫 집필 54년 만에 현대적 감각으로 다시 탄생했다.","https://contents.kyobobook.co.kr/sih/fit-in/600x0/pdt/9791130699547.jpg"
"603","조정래","태백산맥 1: 제1부 한의 모닥불","역사소설","해냄출판사","2020-10-15","1948년 10월, 전남 여수에 주둔하고 있던 국군 14연대 군인들이 반란을 일으킨다.","https://contents.kyobobook.co.kr/sih/fit-in/600x0/pdt/9788965749219.jpg"
"604","이금이","거기, 내가 가면 안 돼요?","역사소설","사계절","2017-07-03","“거기, 내가 가면 안 돼요?” 이 말 한마디로 당시에는 누구도 꿈꾸지 못했을 인생을 살아낸 사람이 있다.","https://contents.kyobobook.co.kr/sih/fit-in/600x0/pdt/9791160940602.jpg"
"605","박경리","토지 11(3부 3권)","역사소설","다산책방","2023-06-07","명실상부 한국 문학사의 기념비적 작품으로 자리하고 있는 박경리의 대하소설 『토지』가 첫 집필 54년 만에 현대적 감각으로 다시 탄생했다.","https://contents.kyobobook.co.kr/sih/fit-in/600x0/pdt/9791130699578.jpg"
"606","박경리","토지 4(1부 4권)","역사소설","다산책방","2023-06-07","명실상부 한국 문학사의 기념비적 작품으로 자리하고 있는 박경리의 대하소설 『토지』가 첫 집필 54년 만에 현대적 감각으로 다시 탄생했다.","https://contents.kyobobook.co.kr/sih/fit-in/600x0/pdt/9791130699493.jpg"
"607","박경리","토지 16(5부 1권)","역사소설","다산책방","2023-06-07","명실상부 한국 문학사의 기념비적 작품으로 자리하고 있는 박경리의 대하소설 『토지』가 첫 집필 54년 만에 현대적 감각으로 다시 탄생했다.","https://contents.kyobobook.co.kr/sih/fit-in/600x0/pdt/9791130699622.jpg"
"608","박경리","토지 19(5부 4권)","역사소설","다산책방","2023-06-07","명실상부 한국 문학사의 기념비적 작품으로 자리하고 있는 박경리의 대하소설 『토지』가 첫 집필 54년 만에 현대적 감각으로 다시 탄생했다.","https://contents.kyobobook.co.kr/sih/fit-in/600x0/pdt/9791130699653.jpg"
"609","박경리","토지 18(5부 3권)","역사소설","다산책방","2023-06-07","명실상부 한국 문학사의 기념비적 작품으로 자리하고 있는 박경리의 대하소설 『토지』가 첫 집필 54년 만에 현대적 감각으로 다시 탄생했다.","https://contents.kyobobook.co.kr/sih/fit-in/600x0/pdt/9791130699646.jpg"
"610","박경리","토지 5(2부 1권)","역사소설","다산책방","2023-06-07","명실상부 한국 문학사의 기념비적 작품으로 자리하고 있는 박경리의 대하소설 『토지』가 첫 집필 54년 만에 현대적 감각으로 다시 탄생했다.","https://contents.kyobobook.co.kr/sih/fit-in/600x0/pdt/9791130699516.jpg"
"611","박경리","토지 20(5부 5권)","역사소설","다산책방","2023-06-07","명실상부 한국 문학사의 기념비적 작품으로 자리하고 있는 박경리의 대하소설 『토지』가 첫 집필 54년 만에 현대적 감각으로 다시 탄생했다.","https://contents.kyobobook.co.kr/sih/fit-in/600x0/pdt/9791130699660.jpg"
"612","김진명","고구려 7: 동백과 한란","역사소설","이타북스","2021-06-14","대한민국 역사소설의 새로운 장을 여는 작품!","https://contents.kyobobook.co.kr/sih/fit-in/600x0/pdt/9791197063275.jpg"
"613","박경리","토지 9(3부 1권)","역사소설","다산책방","2023-06-07","명실상부 한국 문학사의 기념비적 작품으로 자리하고 있는 박경리의 대하소설 『토지』가 첫 집필 54년 만에 현대적 감각으로 다시 탄생했다.","https://contents.kyobobook.co.kr/sih/fit-in/600x0/pdt/9791130699554.jpg"
"614","이호영","경성 최고 화신미용실입니다","역사소설","다른","2021-10-12","경성 최고 화신미용실입니다 2021년 한국출판문화산업진흥원 우수출판콘텐츠 선정작 1930년대 경성, 일제 강점기를 살아가는 열네 살 소녀 미용사 인덕이의 파란만장 성장기!","https://contents.kyobobook.co.kr/sih/fit-in/600x0/pdt/9791156334194.jpg"
"615","박경리","토지 10(3부 2권)","역사소설","다산책방","2023-06-07","명실상부 한국 문학사의 기념비적 작품으로 자리하고 있는 박경리의 대하소설 『토지』가 첫 집필 54년 만에 현대적 감각으로 다시 탄생했다.","https://contents.kyobobook.co.kr/sih/fit-in/600x0/pdt/9791130699561.jpg"
"616","마크 뷰캐넌","사회적 원자","역사소설","사이언스북스","2017-09-08","『사회적 원자』는 부의 불평등 문제에서부터 집단 행동의 수수께끼, 그리고 역사 변동까지 인간 사회의 문제를 과학적으로 설명하려고 시도하는 ‘사회 물리학(social physics)’를 소개한 책이다.","https://contents.kyobobook.co.kr/sih/fit-in/600x0/pdt/9788983712462.jpg"
"617","이광수","초판본 단종애사: 1954년 초판본 표지 디자인","역사소설","더스토리","2026-03-30","《단종애사》는 1928년 11월부터 1929년 12월까지 『동아일보』에 연재된 춘원 이광수의 대표적인 역사소설이다.","https://contents.kyobobook.co.kr/sih/fit-in/600x0/pdt/9791175243460.jpg"
"618","조정래","태백산맥 8: 제4부 전쟁과 분단","역사소설","해냄출판사","2020-10-15","1948년 10월, 전남 여수에 주둔하고 있던 국군 14연대 군인들이 반란을 일으킨다.","https://contents.kyobobook.co.kr/sih/fit-in/600x0/pdt/9788965749288.jpg"
"619","한정영","나는 조선의 소년 비행사입니다","역사소설","다른","2019-10-01","『나는 조선의 소년 비행사입니다』는 일본의 패망이 눈앞에 다가온 1945년을 배경으로 한다.","https://contents.kyobobook.co.kr/sih/fit-in/600x0/pdt/9791156332640.jpg"
"620","정명섭","저수지의 아이들","역사소설","생각학교","2020-04-13","이 책은 40년 전 작은 민주화의 씨앗이 시작되던 그날, 알려지지 않은 또 다른 역사를 복원해 이야기한다.","https://contents.kyobobook.co.kr/sih/fit-in/600x0/pdt/9791196957445.jpg"
"621","해리 왕자","스페어","역사소설","오픈도어북스","2024-05-02","20세기의 가장 안타까운 장면을 꼽자면, 세상이 슬픔과 두려움으로 지켜보는 가운데 어린 두 왕자가 어머니의 관을 따라 걸어가던 모습일 것이다.","https://contents.kyobobook.co.kr/sih/fit-in/600x0/pdt/9791164405787.jpg"
"622","조정래","태백산맥 7: 제3부 분단과 전쟁","역사소설","해냄출판사","2020-10-15","1948년 10월, 전남 여수에 주둔하고 있던 국군 14연대 군인들이 반란을 일으킨다.","https://contents.kyobobook.co.kr/sih/fit-in/600x0/pdt/9788965749271.jpg"
"623","김진명","고구려 4: 사유와 무","역사소설","이타북스","2021-06-14","대한민국 역사소설의 새로운 장을 여는 작품!","https://contents.kyobobook.co.kr/sih/fit-in/600x0/pdt/9791197063244.jpg"
"624","조정래","태백산맥 9: 제4부 전쟁과 분단","역사소설","해냄출판사","2020-10-15","1948년 10월, 전남 여수에 주둔하고 있던 국군 14연대 군인들이 반란을 일으킨다.","https://contents.kyobobook.co.kr/sih/fit-in/600x0/pdt/9788965749295.jpg"
"625","조정래","태백산맥 4: 제2부 민중의 불꽃","역사소설","해냄출판사","2020-10-15","1948년 10월, 전남 여수에 주둔하고 있던 국군 14연대 군인들이 반란을 일으킨다.","https://contents.kyobobook.co.kr/sih/fit-in/600x0/pdt/9788965749240.jpg"
"626","엘리스 피터스","유골에 대한 기이한 취향","역사소설","북하우스","2024-07-30","‘캐드펠 수사 시리즈(The Chronicles of Brother Cadfael)’는 놀라운 상상력과 치밀한 구성, 생생한 캐릭터, 선과 악, 삶과 죽음, 신과 인간 등 인간사 최고 난제에 대한 깊이 있는…","https://contents.kyobobook.co.kr/sih/fit-in/600x0/pdt/9791164052554.jpg"
"627","조정래","아리랑 1: 제1부 아, 한반도","역사소설","해냄출판사","2020-10-15","1910년, 이른바 ‘한일합방’을 앞두고 김제군 죽산면에 사는 감골댁의 아들 방영근은 빚 20원에 하와이에 역부로 팔려간다.","https://contents.kyobobook.co.kr/sih/fit-in/600x0/pdt/9788965749318.jpg"
"628","조정래","아리랑 8: 제3부 어둠의 산하","역사소설","해냄출판사","2020-10-15","1910년, 이른바 ‘한일합방’을 앞두고 김제군 죽산면에 사는 감골댁의 아들 방영근은 빚 20원에 하와이에 역부로 팔려간다.","https://contents.kyobobook.co.kr/sih/fit-in/600x0/pdt/9788965749387.jpg"
"629","조정래","태백산맥 3: 제1부 한의 모닥불","역사소설","해냄출판사","2020-10-15","1948년 10월, 전남 여수에 주둔하고 있던 국군 14연대 군인들이 반란을 일으킨다.","https://contents.kyobobook.co.kr/sih/fit-in/600x0/pdt/9788965749233.jpg"
"630","김현선","홍소병","역사소설","북랩","2025-11-20","혁명의 이름으로, 인간은 인간을 파괴했다 붉은 불꽃이 타오르던 날, 세상은 아이들에게 혁명을 가르쳤고 한 사람만이 신이 된 시대의 기록 붉은 완장을 찬 어린아이들이 구호를 외친다.","https://contents.kyobobook.co.kr/sih/fit-in/600x0/pdt/9791172249823.jpg"
"631","김훈","현의 노래","역사소설","문학동네","2012-01-05","가야금의 예인 우륵의 생애를 다룬 김훈의 소설 『현의 노래』.","https://contents.kyobobook.co.kr/sih/fit-in/600x0/pdt/9788954617253.jpg"
"632","슈테판 츠바이크","마리 앙투아네트: 베르사유와 프랑스혁명","역사소설","이화북스","2023-10-23","그녀의 역사는 조작되었다. 끝나지 않는 그녀에 대한 진실과 거짓.","https://contents.kyobobook.co.kr/sih/fit-in/600x0/pdt/9791190626262.jpg"
"633","황보윤","광암이벽","역사소설","바오로딸","2023-06-22","▶ 요약 유교의 나라 조선 땅에 천주교 신앙의 길을 닦은 ‘하느님의 종 이벽 세례자 요한’의 생애를 담은 소설이다.","https://contents.kyobobook.co.kr/sih/fit-in/600x0/pdt/9788933115145.jpg"
"634","심진규","섬, 1948","역사소설","천개의바람","2022-07-31","바람청소년문고 15권. 해방 초기 제주에서 자행된 민간인 학살 사건을 다룬 역사 소설이다.","https://contents.kyobobook.co.kr/sih/fit-in/600x0/pdt/9791165732943.jpg"
"635","김진명","고구려 6: 한의 바다","역사소설","이타북스","2021-06-14","대한민국 역사소설의 새로운 장을 여는 작품!","https://contents.kyobobook.co.kr/sih/fit-in/600x0/pdt/9791197063268.jpg"
"636","조정래","아리랑 6: 제2부 민족혼","역사소설","해냄출판사","2020-10-15","1910년, 이른바 ‘한일합방’을 앞두고 김제군 죽산면에 사는 감골댁의 아들 방영근은 빚 20원에 하와이에 역부로 팔려간다.","https://contents.kyobobook.co.kr/sih/fit-in/600x0/pdt/9788965749363.jpg"
"637","김진명","고구려 5: 백성의 왕","역사소설","이타북스","2021-06-14","대한민국 역사소설의 새로운 장을 여는 작품!","https://contents.kyobobook.co.kr/sih/fit-in/600x0/pdt/9791197063251.jpg"
"638","김진명","고구려 2: 다가오는 전쟁","역사소설","이타북스","2021-06-14","대한민국 역사소설의 새로운 장을 여는 작품!","https://contents.kyobobook.co.kr/sih/fit-in/600x0/pdt/9791197063220.jpg"
"639","김진명","고구려 3: 낙랑정벌","역사소설","이타북스","2021-06-14","대한민국 역사소설의 새로운 장을 여는 작품!","https://contents.kyobobook.co.kr/sih/fit-in/600x0/pdt/9791197063237.jpg"
"640","김진명","고구려 1: 떠돌이 을불","역사소설","이타북스","2021-06-14","대한민국 역사소설의 새로운 장을 여는 작품!","https://contents.kyobobook.co.kr/sih/fit-in/600x0/pdt/9791197063213.jpg"
"641","헤르만 헤세","싯다르타","고전","민음사","2002-01-20","인도에서 가장 높은 계급인 브라만의 아들 싯다르타는 깨달음을 얻기 위해 아버지의 만류에도 친구 고빈다와 함께 출가한다.","https://contents.kyobobook.co.kr/sih/fit-in/600x0/pdt/9788937460586.jpg"
"642","니코스 카잔차키스","그리스인 조르바","고전","열린책들","2009-12-20","현대 그리스 문학을 대표하는 작가 니코스 카잔차키스의 장편소설『그리스인 조르바』.","https://contents.kyobobook.co.kr/sih/fit-in/600x0/pdt/9788932909349.jpg"
"643","프랑수아즈 사강","브람스를 좋아하세요","고전","민음사","2008-05-02","프랑수아즈 사강의 작품『브람스를 좋아하세요』.","https://contents.kyobobook.co.kr/sih/fit-in/600x0/pdt/9788937461798.jpg"
"644","안톤 체호프","체호프 단편선","고전","민음사","2002-11-20","푸시킨, 고골 등과 함께 러시아 문학의 황금시대라 불리는 19세기 단편문학을 주도한 체호프의 단편선이 민음사에서 출간되었다.","https://contents.kyobobook.co.kr/sih/fit-in/600x0/pdt/9788937460708.jpg"
"645","조지 오웰","동물농장","고전","민음사","2009-01-07","우화 형식으로 당대의 정치적 현실을 날카롭게 묘파한 『동물농장』은 『1984』, 『카탈로니아 찬가』와 함께 조지 오웰이 47세의 나이로 갑작스레 사망하기 전 짧은 작가 생활 동안 남긴 영국 문학의 위대한 결실이다.","https://contents.kyobobook.co.kr/sih/fit-in/600x0/pdt/9788937460050.jpg"
"646","호메로스","일리아스","고전","숲","2015-06-20","천병희 교수의 그리스 원전 번역의 의 개정판.","https://contents.kyobobook.co.kr/sih/fit-in/600x0/pdt/9788991290167.jpg"
"647","헤르만 헤세","데미안","고전","민음사","2009-01-20","따스한 가정에서 착하게 살아가던 싱클레어 앞에 어느 날 신비한 소년 데미안이 나타나 성서 속 카인과 아벨 이야기로 선악의 진실을 하나씩 가르치기 시작한다.","https://contents.kyobobook.co.kr/sih/fit-in/600x0/pdt/9788937460449.jpg"
"648","알베르 카뮈","이방인","고전","민음사","2019-09-02","1942년 『이방인』이 처음 발표되었을 때, 카뮈는 알제리에서 태어난 젊은 무명작가에 불과했다.","https://contents.kyobobook.co.kr/sih/fit-in/600x0/pdt/9788937443848.jpg"
"649","다자이 오사무","인간 실격","고전","민음사","2012-04-10","오직 순수함만을 갈망하던 여린 심성의 한 젊은이가 인간들의 위선과 잔인함에 의해 파멸되어 가는 과정을 그린 소설.1948년 서른아홉의 나이로 요절하여 일본 사회에 큰 파장을 남긴 일본 현대 문학의 대표적 작가…","https://contents.kyobobook.co.kr/sih/fit-in/600x0/pdt/9788937461033.jpg"
"650","제인 오스틴","오만과 편견","고전","민음사","2009-01-20","셰익스피어의 뒤를 이어 ‘지난 천 년간 최고의 문학가’로 꼽힌 제인 오스틴 결혼을 마주한 여성들이 헤쳐 나가야 하는 현실적인 난관, 그리고 애정이라는 조건을 예리하게 묘파한 고전 중의 고전 “제가 장담하는데…","https://contents.kyobobook.co.kr/sih/fit-in/600x0/pdt/9788937460883.jpg"
"651","서머싯 몸","면도날","고전","민음사","2009-06-30","자신만의 길을 개척하는 한 젊은이의 여정을 그린 소설『면도날』.","https://contents.kyobobook.co.kr/sih/fit-in/600x0/pdt/9788937462146.jpg"
"652","서머싯 몸","달과 6펜스","고전","민음사","2000-06-20","예술 충동에 사로잡힌 한 남자의 지독한 이기심과 광기 어린 천재성 화가 폴 고갱의 삶에서 영감을 받은, 서머싯 몸의 대표작이자 세계대전 이후 인간 문명에 염증을 느낀 젊은이들에게 영혼의 해방구가 된 소설 “낯선…","https://contents.kyobobook.co.kr/sih/fit-in/600x0/pdt/9788937460388.jpg"
"653","어니스트 헤밍웨이","노인과 바다","고전","민음사","2012-01-02","미국 현대 문학의 개척자라 불리는 어니스트 헤밍웨이의 대표작 『노인과 바다』.","https://contents.kyobobook.co.kr/sih/fit-in/600x0/pdt/9788937462788.jpg"
"654","헨리 데이빗 소로우","월든(완결판)","고전","은행나무","2025-10-27","19세기 미국의 위대한 저술가이자 사상가인 헨리 데이빗 소로우의 대표작 《월든》은 시간이 지날수록 그 가치를 더해가고 전 세계 독자들을 끊임없이 새로이 각성시키는 불멸의 고전이다.","https://contents.kyobobook.co.kr/sih/fit-in/600x0/pdt/9788956605418.jpg"
"655","알베르 카뮈","시지프 신화","고전","민음사","2016-06-17","부조리에 반항하는 진정한 방법으로서의 ‘긍정’과 ‘행복’을 역설한 철학적 산문시『시지프 신화』.","https://contents.kyobobook.co.kr/sih/fit-in/600x0/pdt/9788937463433.jpg"
"656","프리드리히 니체","차라투스트라는 이렇게 말했다","고전","민음사","2004-01-02","모든 이를 위한, 그러나 그 누구의 것도 아닌 책 니체의 『차라투스트라는 이렇게 말했다』가 민음사에서 출간되었다.","https://contents.kyobobook.co.kr/sih/fit-in/600x0/pdt/9788937460944.jpg"
"657","이디스 워튼","여름","고전","민음사","2020-08-14","▶ 워튼은 20세기를 통틀어 가장 뛰어난 작가 중 하나다.","https://contents.kyobobook.co.kr/sih/fit-in/600x0/pdt/9788937463686.jpg"
"658","알베르 카뮈","페스트","고전","민음사","2011-04-03","20세기 실존주의 문학의 대표 작가 알베르 카뮈의 소설 『페스트』.","https://contents.kyobobook.co.kr/sih/fit-in/600x0/pdt/9788937462672.jpg"
"659","표도르 도스토옙스키","백야","고전","문학동네","2021-11-29","도스토옙스키를 읽으십시오, 도스토옙스키를 사랑하십시오, 그저 그렇게 하십시오.","https://contents.kyobobook.co.kr/sih/fit-in/600x0/pdt/9788954683708.jpg"
"660","가와바타 야스나리","설국","고전","민음사","2009-01-20","고전 분야의 한국어판 도서","https://contents.kyobobook.co.kr/sih/fit-in/600x0/pdt/9788937460616.jpg"
"661","헤르만 헤세","수레바퀴 아래서","고전","민음사","2009-01-20","독일 문학의 거장 헤르만 헤세의 자전적 소설 고루하고 위선적인 권위에 희생된 순수한 소년의 비극 개인의 창의성과 자유로운 의지를 짓밟는 제도와 교육에 대한 비판 “아무튼 지치지 않도록 해야 하네.","https://contents.kyobobook.co.kr/sih/fit-in/600x0/pdt/9788937460500.jpg"
"662","제롬 데이비드 샐린저","호밀밭의 파수꾼","고전","민음사","2023-01-17","20세기 미국 문단의 이단아 J. D.","https://contents.kyobobook.co.kr/sih/fit-in/600x0/pdt/9788937460470.jpg"
"663","에밀리 브론테","폭풍의 언덕","고전","민음사","2009-01-20","서른 살의 나이에 요절한 에밀리 브론테가 죽기 일년 전에 발표한 유일한 소설 작품으로, 황량한 들판 위의 외딴 저택 워더링 하이츠를 무대로 벌어지는 캐서린과 히스클리프의 비극적인 사랑, 에드거와 이사벨을 향한…","https://contents.kyobobook.co.kr/sih/fit-in/600x0/pdt/9788937461187.jpg"
"664","요한 볼프강 폰 괴테","젊은 베르테르의 슬픔","고전","민음사","1999-03-20","질풍노도의 시대를 이끈 청년 괴테의 대표작 청춘의 열병, 이룰 수 없는 사랑의 상징이 된 이름 세계적인 독일소설 “인간을 행복하게 만드는 것이 동시에 불행의 원천이 될 수 있다는 사실은 과연 필연인 것일까?”","https://contents.kyobobook.co.kr/sih/fit-in/600x0/pdt/9788937460258.jpg"
"665","앙투안 드 생택쥐페리","어린 왕자","고전","열린책들","2015-10-20","다른 별에서 온 어린 왕자의 순수한 시선으로 모순된 어른들의 세계를 비추는 전 세계가 사랑하는 아름다운 이야기 『어린 왕자』.","https://contents.kyobobook.co.kr/sih/fit-in/600x0/pdt/9788932917245.jpg"
"666","김만중","구운몽","고전","민음사","2009-01-20","성진은 당나라 고승 육관대사의 제자 중 가장 총명하고 지혜로운 승려다.","https://contents.kyobobook.co.kr/sih/fit-in/600x0/pdt/9788937460722.jpg"
"667","레프 니꼴라예비치 똘스또이","이반 일리치의 죽음","고전","창비","2012-10-05","러시아의 대문호 똘스또이의 대표 중단편 『이반 일리치의 죽음』.","https://contents.kyobobook.co.kr/sih/fit-in/600x0/pdt/9788936464073.jpg"
"668","다자이 오사무","인간 실격(초판본)(1948년 오리지널 초판본 표지디자인)","고전","더스토리","2021-09-10","일본 데카당스 문학의 대표 작가 다자이 오사무가 그린 이 시대 인간들의 위선과 잔혹성의 초상《인간 실격》 다자이오사무의 대표작 《인간 실격》은 사회에 대한 불안이 팽배한 시대에 꽃핀 작품이다.","https://contents.kyobobook.co.kr/sih/fit-in/600x0/pdt/9791164455263.jpg"
"669","메리 셸리","프랑켄슈타인","고전","문학동네","2025-10-10","세계문학의 정전은 독자의 세월과 시대의 눈과 더불어 성장하는 나무다.","https://contents.kyobobook.co.kr/sih/fit-in/600x0/pdt/9788954618373.jpg"
"670","안톤 체호프","체호프 희곡선","고전","민음사","2026-05-07","안톤 체호프의 4대 대표 희곡인 「갈매기」, 「바냐 삼촌」, 「세 자매」, 「벚나무 동산」을 한 권으로 엮은 『체호프 희곡선』이 민음사 세계문학전집으로 출간되었다.","https://contents.kyobobook.co.kr/sih/fit-in/600x0/pdt/9788937464751.jpg"
"671","버지니아 울프","자기만의 방·3기니","고전","민음사","2008-09-19","“나는 그저 다른 무엇이 아닌 자기 자신이 되는 것이 훨씬 중요한 일이라고 간단하게 그리고 단조롭게 중얼거릴 뿐입니다.” 20세기 페미니즘 비평의 선구자 버지니아 울프 여성 작가들을 다룬 최초의 문학사, 여성…","https://contents.kyobobook.co.kr/sih/fit-in/600x0/pdt/9788937461309.jpg"
"672","프란츠 카프카","변신 시골의사","고전","민음사","2009-01-20","20세기 실존주의 문학의 선구자 카프카, 현대 문학의 신화가 된 불멸의 단편들 불확실한 세계 속에 갇힌 소시민의 불안과 절망 “늘 있는 사건. 그것의 감내, 일상적인 당혹 한 가지.”","https://contents.kyobobook.co.kr/sih/fit-in/600x0/pdt/9788937460043.jpg"
"673","앙투안 드 생텍쥐페리","어린 왕자","고전","새움","2017-09-22","『어린 왕자』는 하나하나의 문장이 시(詩)만큼 간결하고 정교하게 구축된 작품이다.","https://contents.kyobobook.co.kr/sih/fit-in/600x0/pdt/9791187192596.jpg"
"674","표도르 도스토예프스키","지하로부터의 수기","고전","민음사","2010-02-26","러시아의 대문호 도스토예프스키의 작품『지하로부터의 수기』.","https://contents.kyobobook.co.kr/sih/fit-in/600x0/pdt/9788937462399.jpg"
"675","조지 오웰","동물 농장(초판본)(1945년 오리지널 초판본 표지 디자인)","고전","더스토리","2020-08-20","▶ 출간 이후 단 한번도 절판된 적이 없는 영원한 고전 조지 오웰의 뛰어난 창조력이 만든 최고의 걸작이 담긴 선물 같은 책!","https://contents.kyobobook.co.kr/sih/fit-in/600x0/pdt/9791164453122.jpg"
"676","윌리엄 셰익스피어","한여름 밤의 꿈","고전","민음사","2008-02-28","셰익스피어 4대 희극 중 하나인 『한여름 밤의 꿈』.","https://contents.kyobobook.co.kr/sih/fit-in/600x0/pdt/9788937461729.jpg"
"677","서머싯 몸","인생의 베일","고전","민음사","2007-02-02","'달과 6펜스', '인간의 굴레에서'의 작가 서머싯 몸의 장편소설.","https://contents.kyobobook.co.kr/sih/fit-in/600x0/pdt/9788937461378.jpg"
"678","헤르만 헤세","나르치스와 골드문트","고전","민음사","2002-07-30","“이 사랑에 동반되는 어두우면서도 아름다운 비애, 그 어리석음과 절망조차도 놀라웠다.","https://contents.kyobobook.co.kr/sih/fit-in/600x0/pdt/9788937460661.jpg"
"679","사뮈엘 베케트","고도를 기다리며","고전","민음사","2012-02-20","현대극의 흐름을 바꾸어 놓은 작가, 사뮈엘 베케트 전통적인 사실주의극에 반기를 든 전후 부조리극의 고전 ‘고도’는 구원이자 자유이며, 빵이자 희망이다","https://contents.kyobobook.co.kr/sih/fit-in/600x0/pdt/9788937460432.jpg"
"680","슈테판 츠바이크","초조한 마음","고전","문학과지성사","2013-04-12","세계적인 전기 작가이자 심리소설의 대가로 꼽히는 슈테판 츠바이크의 유일한 장편소설 『초조한 마음』.","https://contents.kyobobook.co.kr/sih/fit-in/600x0/pdt/9788932023977.jpg"
"681","조나단 스위프트","걸리버 여행기(무삭제 완역본)","고전","현대지성","2019-09-04","풍자문학의 대가 조너선 스위프트의 『걸리버 여행기』는 걸리버의 환상적인 모험담을 통해 당대의 정치사회와 인간 문명을 통렬하게 비판한다.","https://contents.kyobobook.co.kr/sih/fit-in/600x0/pdt/9791187142966.jpg"
"682","나쓰메소세키","마음","고전","현암사","2016-06-25","단단한 번역, 꼼꼼한 편집과 디자인으로 새롭게 읽는「나쓰메 소세키 소설 전집」제 12권『마음』.","https://contents.kyobobook.co.kr/sih/fit-in/600x0/pdt/9788932317960.jpg"
"683","헤르만 헤세","데미안(초판본)(1919년 오리지널 초판본 표지 디자인)","고전","더스토리","2020-08-20","▶ 나를 찾아가는 길, 《데미안》 오리지널 표지디자인!","https://contents.kyobobook.co.kr/sih/fit-in/600x0/pdt/9791164453115.jpg"
"684","에두아르도 멘도사","구르브 연락 없다","고전","민음사","2012-06-29","에스파냐 현대 문학을 대표하는 세계적인 작가 에두아르도 멘도사의 소설 『구르브 연락 없다』.","https://contents.kyobobook.co.kr/sih/fit-in/600x0/pdt/9788937462900.jpg"
"685","새뮤얼 존슨","라셀라스","고전","민음사","2005-10-25","18세기 영국 지성을 대표하는 문인 새뮤얼 존슨의 '절대적 행복의 환상'을 비판하는 풍자적 산문집.","https://contents.kyobobook.co.kr/sih/fit-in/600x0/pdt/9788937461262.jpg"
"686","헤르만 헤세","크눌프","고전","민음사","2004-11-20","독일의 소설가 헤르만 헤세의 장편 소설.","https://contents.kyobobook.co.kr/sih/fit-in/600x0/pdt/9788937461118.jpg"
"687","다자이 오사무","사양","고전","민음사","2018-09-21","다자이 오사무 생전에 가장 큰 사랑을 받은 소설 『사양』.","https://contents.kyobobook.co.kr/sih/fit-in/600x0/pdt/9788937463594.jpg"
"688","윌리엄 셰익스피어","베니스의 상인","고전","민음사","2010-12-28","셰익스피어의 초기 걸작 『베니스의 상인』.","https://contents.kyobobook.co.kr/sih/fit-in/600x0/pdt/9788937462627.jpg"
"689","헤르만 헤세","수레바퀴 아래서(초판본)(1906년 오리지널 초판본 표지디자인)","고전","더스토리","2017-03-20","마을에서 유일하게 수재 소리를 듣는 소년, 한스 기벤라트는 그만큼 온 마을 사람들의 기대를 한 몸에 받는다.","https://contents.kyobobook.co.kr/sih/fit-in/600x0/pdt/9791159035555.jpg"
"690","니코스 카잔자키스","그리스인 조르바","고전","문학과지성사","2018-05-25","『그리스인 조르바』가 세상의 빛을 본 지 70여 년, 1975년 한국에 처음 소개된 지 40여 년 만에 최초로 중역이 아닌 그리스어 원전 번역으로 만나본다.","https://contents.kyobobook.co.kr/sih/fit-in/600x0/pdt/9788932030982.jpg"
"691","아쿠타가와 류노스케","라쇼몬","고전","민음사","2014-10-10","아쿠타가와 류노스케의 단편선『라쇼몬』.","https://contents.kyobobook.co.kr/sih/fit-in/600x0/pdt/9788937463266.jpg"
"692","이디스 워튼","이선 프롬","고전","민음사","2020-08-14","▶ 워튼은 20세기를 통틀어 가장 뛰어난 작가 중 하나다.","https://contents.kyobobook.co.kr/sih/fit-in/600x0/pdt/9788937463679.jpg"
"693","리즈베트 츠베르거","오즈의 마법사","고전","어린이작가정신","2022-10-13","환상적인 세계에서 끝없는 펼쳐지는 모험으로 오늘날까지 사랑받는 명작 『오즈의 마법사』를 리즈베트 츠베르거의 그림으로 만납니다.","https://contents.kyobobook.co.kr/sih/fit-in/600x0/pdt/9791160269482.jpg"
"694","셰익스피어","햄릿","고전","민음사","2009-01-20","셰익스피어의 4대 비극 중 가장 유명하고 가장 대중의 사랑을 받는 작품인 『햄릿』.","https://contents.kyobobook.co.kr/sih/fit-in/600x0/pdt/9788937460036.jpg"
"695","이미영","데미안: 오리지널 초판본 표지디자인","고전","코너스톤","2016-07-22","내면에 우러나오는 진정한 운명을 위해, 자기 자신을 찾아 헤맸던 한 어린 영혼의 치열한 여정.","https://contents.kyobobook.co.kr/sih/fit-in/600x0/pdt/9791187011590.jpg"
"696","헤르만 헤세","클링조어의 마지막 여름","고전","민음사","2009-11-20","독일 문학의 거장 헤르만 헤세의 자전적 소설 『클링조어의 마지막 여름』.","https://contents.kyobobook.co.kr/sih/fit-in/600x0/pdt/9788937462306.jpg"
"697","제인 오스틴","설득","고전","민음사","2017-04-21","제인 오스틴의 소설 『설득』은 결혼을 둘러싼 불안에 대해 여성이 느끼는 섬세한 감정을 탁월하게 묘사해낸 작품이다.","https://contents.kyobobook.co.kr/sih/fit-in/600x0/pdt/9788937463488.jpg"
"698","루이제 린저","삶의 한가운데","고전","민음사","1999-06-25","전후 독일의 가장 뛰어난 산문 작가로 평가받는 루이제 린저 세계 젊은이들에게 ‘니나 신드롬’을 일으킨, 모험과 격정에 관한 소설 독일에서 100만 부 이상 판매되고 20여 개국에서 번역된 대표작 “사랑이란…","https://contents.kyobobook.co.kr/sih/fit-in/600x0/pdt/9788937460289.jpg"
"699","아서 밀러","세일즈맨의 죽음","고전","민음사","2009-08-31","현대 희곡의 거장 아서 밀러의 대표작『세일즈맨의 죽음』.","https://contents.kyobobook.co.kr/sih/fit-in/600x0/pdt/9788937462184.jpg"
"700","엔도 슈사쿠","깊은 강","고전","민음사","2007-10-30","장편 '침묵'으로 다니자키 준이치로 상을 수상한, 일본 대표 작가 엔도 슈사쿠 소설.","https://contents.kyobobook.co.kr/sih/fit-in/600x0/pdt/9788937461606.jpg"
"701","하인리히 뵐","카타리나 블룸의 잃어버린 명예","고전","민음사","2008-05-30","노벨문학상 수상작가 하인리히 뵐의 작품『카타리나 블룸의 잃어버린 명예』.","https://contents.kyobobook.co.kr/sih/fit-in/600x0/pdt/9788937461804.jpg"
"702","도리스 레싱","다섯째 아이","고전","민음사","1999-06-25","20세기 후반 영국을 대표하는 작가 도리스 레싱이 예언하는 섬뜩한 인류의 미래 호러 기법으로 그린 가족 이데올로기의 허상과 세기말 ‘인간’에 대한 근원적 물음 “벤을 보면 생각하게 돼요.","https://contents.kyobobook.co.kr/sih/fit-in/600x0/pdt/9788937460272.jpg"
"703","헨리크 입센","인형의 집","고전","민음사","2010-06-30","여성의 참다운 삶에 대해 고민하는 헨리크 입센의 문제작 『인형의 집』.","https://contents.kyobobook.co.kr/sih/fit-in/600x0/pdt/9788937462481.jpg"
"704","프랑수아즈 사강","슬픔이여 안녕","고전","아르테(arte)","2023-03-31","_ 열여덟에 이 소설을 썼던 사강은 그래서 행복했을까 그런 만큼 불행했을까.","https://contents.kyobobook.co.kr/sih/fit-in/600x0/pdt/9788950935658.jpg"
"705","소포클레스","오이디푸스 왕","고전","민음사","2009-08-21","소포클레스의 대표작들을 모은 희곡 작품집『오이디푸스 왕』.","https://contents.kyobobook.co.kr/sih/fit-in/600x0/pdt/9788937462177.jpg"
"706","아니 에르노","단순한 열정","고전","문학동네","2015-03-30","“작년 9월 이후로 나는 한 남자를 기다리는 일, 그 사람이 전화를 걸어주거나 내 집에 와주기를 바라는 일 외에는 아무것도 할 수 없었다.” 프랑스의 문제적 작가 아니 에르노가 1991년 발표한 『단순한 열정』은…","https://contents.kyobobook.co.kr/sih/fit-in/600x0/pdt/9788954619585.jpg"
"707","앙드레 지드","지상의 양식","고전","민음사","2007-10-10","소설 '좁은 문'로 1947년 노벨문학상을 수상한 앙드레 지드의 사상적 자서전, 『지상의 양식』.","https://contents.kyobobook.co.kr/sih/fit-in/600x0/pdt/9788937461576.jpg"
"708","윌리엄 셰익스피어","맥베스","고전","민음사","2004-03-15","셰익스피어 4대 비극 중 하나인 『맥베스』가 민음사 세계문학전집 99번으로 출간됐다.","https://contents.kyobobook.co.kr/sih/fit-in/600x0/pdt/9788937460999.jpg"
"709","아베 코보","모래의 여자","고전","민음사","2001-11-10","알레고리 기법으로 엮어낸 아베 코보의 대표작 아베 코보의 대표작『모래의 여자』는 1962년에 출간되어 그에게 일약 세계적인 명성을 안겨준 작품으로 1964년 영어로 번역된 데 이어 프랑스어, 체코어, 핀란드어…","https://contents.kyobobook.co.kr/sih/fit-in/600x0/pdt/9788937460555.jpg"
"710","에리히 마리아 레마르크","사랑할 때와 죽을 때","고전","민음사","2010-04-30","새로운 감동과 전율을 고대하는 젊은 독자를 위한 「세계문학전집」 제246권 『사랑할 때와 죽을 때』.","https://contents.kyobobook.co.kr/sih/fit-in/600x0/pdt/9788937462467.jpg"
"711","귀스타브 플로베르","마담 보바리","고전","민음사","2000-02-25","현대 소설의 기념비를 세운 작가 귀스타브 플로베르 사실주의 소설의 시작과 동시에 그 완결을 이룩한 작품 카프카에게는 바이블, 누보로망 작가들에게는 교과서가 된 소설 “그녀는 자신의 심장이 뛰기 시작하고 피가 몸…","https://contents.kyobobook.co.kr/sih/fit-in/600x0/pdt/9788937460364.jpg"
"712","미하일 불가꼬프","거장과 마르가리타","고전","민음사","2010-09-10","20세기 러시아 작가로 뛰어난 예술혼을 선보인 미하일 불가코프의 마지막 대작인 『거장과 마르가리타』.","https://contents.kyobobook.co.kr/sih/fit-in/600x0/pdt/9788937462542.jpg"
"713","토니 모리슨","빌러비드","고전","문학동네","2014-03-15","흑인 여성으로는 최초로 노벨문학상을 수상한 살아 있는 미국문학의 대모, 토니 모리슨의 대표작 『빌러비드』.","https://contents.kyobobook.co.kr/sih/fit-in/600x0/pdt/9788954624398.jpg"
"714","블라디미르 나보코프","롤리타","고전","문학동네","2013-01-30","‘롤리타 신드롬’을 일으킨 블라디미르 나보코프의 작품 『롤리타』.","https://contents.kyobobook.co.kr/sih/fit-in/600x0/pdt/9788954620437.jpg"
"715","이디스 워튼","순수의 시대","고전","민음사","2008-07-18","최초의 여성 퓰리처 상 수상작가 이디스 워튼의 대표작 『순수의 시대』.","https://contents.kyobobook.co.kr/sih/fit-in/600x0/pdt/9788937461835.jpg"
"716","헤르만 헤세","황야의 이리","고전","민음사","2002-07-30","스스로가 ‘황야의 이리’ 같다고 이야기하는 중년 남자 하리 할러는 가볍고 쾌락적으로 변해 가는 사회에 적응하지 못하고 두 시대 사이에 끼인 정신적 상처를 안은 채 늘 자살만 생각한다.","https://contents.kyobobook.co.kr/sih/fit-in/600x0/pdt/9788937460678.jpg"
"717","버지니아 울프","자기만의 방","고전","민음사","2016-11-25","1966년 창립된 출판사 민음사의 로고 ‘활 쏘는 사람’의 정신을 계승한 총서 「쏜살 문고」.","https://contents.kyobobook.co.kr/sih/fit-in/600x0/pdt/9788937429040.jpg"
"718","마크 트웨인","허클베리 핀의 모험","고전","민음사","2009-01-20","‘미국 문학의 아버지’ 마크 트웨인의 대표작 폭력과 편견을 넘어 자연과 호흡하는 모험을 그린 성장 소설 동심 어린 반어와 해학으로 인종 문제를 비판하고 인습을 깨뜨린 고전 “사람이란 무엇인가를 눈으로 보고…","https://contents.kyobobook.co.kr/sih/fit-in/600x0/pdt/9788937460067.jpg"
"719","허균","홍길동전","고전","민음사","2009-01-15","소설가 김탁환이 풀어 쓰고 백범영 화백이 삽화를 곁들인『홍길동전』.","https://contents.kyobobook.co.kr/sih/fit-in/600x0/pdt/9788937462009.jpg"
"720","윌리엄 셰익스피어","로미오와 줄리엣","고전","민음사","2008-02-28","셰익스피어의 4대 비극과 함께 잘 알려진 작품 『로미오와 줄리엣』.","https://contents.kyobobook.co.kr/sih/fit-in/600x0/pdt/9788937461736.jpg"
"721","김은국","순교자","고전","문학동네","2016-10-13","한국계 최초로 노벨문학상 후보에 오른 재미작가 김은국을 대표하는 『순교자』.","https://contents.kyobobook.co.kr/sih/fit-in/600x0/pdt/9788954611817.jpg"
"722","장 폴 사르트르","닫힌 방 악마와 선한 신","고전","민음사","2013-10-25","장폴 사르트르의 대표 희곡『닫힌 방 악마와 선한 신』.","https://contents.kyobobook.co.kr/sih/fit-in/600x0/pdt/9788937463150.jpg"
"723","에드거 앨런 포","에드거 앨런 포 단편선","고전","민음사","2013-02-12","환상 공포 문학의 거장 에드거 앨런 포의 대표 단편들을 엄선한 『에드거 앨런 포 단편선』.","https://contents.kyobobook.co.kr/sih/fit-in/600x0/pdt/9788937463082.jpg"
"724","아모스 오즈","나의 미카엘","고전","민음사","1998-09-30","이스라엘 출신 작가의 68년도 장편소설.","https://contents.kyobobook.co.kr/sih/fit-in/600x0/pdt/9788937460159.jpg"
"725","프란츠 카프카","변신","고전","문학동네","2005-07-30","카프카의 〈변신〉이 아르헨티나의 아티스트 루이스 스카파티의 삽화가 담긴 새로운 번역본으로 출간되었다.","https://contents.kyobobook.co.kr/sih/fit-in/600x0/pdt/9788954600200.jpg"
"726","모니카 마론","슬픈 짐승","고전","문학동네","2016-06-07","클라이스트상, 횔덜린상 수상 작가 모니카 마론의 대표작 『슬픈 짐승』.","https://contents.kyobobook.co.kr/sih/fit-in/600x0/pdt/9788954610070.jpg"
"727","제인 오스틴","에마","고전","민음사","2012-03-23","19세기 영국을 대표하는 여류 작가 제인 오스틴의 로맨스 소설 『에마』.","https://contents.kyobobook.co.kr/sih/fit-in/600x0/pdt/9788937462832.jpg"
"728","볼테르","캉디드 혹은 낙관주의","고전","열린책들","2009-12-20","고전 분야의 한국어판 도서","https://contents.kyobobook.co.kr/sih/fit-in/600x0/pdt/9788932909714.jpg"
"729","모옌","모옌 중단편선","고전","민음사","2016-09-30","중국 전통의 민담과 설화를 세계적인 이야깃거리로 탄생시키며 “야성과 광기의 이야기꾼”이라는 평가를 받은 현대 중국 문학의 거장 모옌.","https://contents.kyobobook.co.kr/sih/fit-in/600x0/pdt/9788937463457.jpg"
"730","파스칼 블레이즈","팡세","고전","민음사","2003-08-25","파스칼의 『팡세』가 원로 불문학자 이환(서울대 불문학과 명예교수)의 번역으로 출간되었다.","https://contents.kyobobook.co.kr/sih/fit-in/600x0/pdt/9788937460838.jpg"
"731","스네자나 로렌스","수학의 역사","역사","소소의책","2026-08-20","인간은 오래전부터 수를 세고, 토지를 측정하며, 자연의 질서를 이해하려 했다.","https://contents.kyobobook.co.kr/sih/fit-in/600x0/pdt/9791171650422.jpg"
"732","정완상","생각하는 청소년을 위한 지구과학의 역사","역사","성림원북스","2026-09-01","‘AI 시대를 여는 Classic Insight 시리즈’는 단순히 과학 지식을 나열하는 데서 그치지 않고, 인류가 세계를 이해해 온 질문의 흐름을 따라 사고의 깊이를 확장하는 교양 시리즈다.","https://contents.kyobobook.co.kr/sih/fit-in/600x0/pdt/9791124072332.jpg"
"733","라일리 블랙","식물이 바꾼 지구의 역사","역사","세종서적","2026-07-30","자연 다큐멘터리나 고생물학에서는 동물, 특히 티라노사우루스와 같은 육식공룡이 주인공으로 조명받고, 식물은 배경에 머무는 경우가 많다.","https://contents.kyobobook.co.kr/sih/fit-in/600x0/pdt/9791124255186.jpg"
"734","매튜 라이스","영국 건축의 언어","역사","한스미디어","2023-07-27","중세 시대, 빅토리아 여왕 시대를 지나 모더니즘과 현대에 이르기까지 영국의 건축 스타일을 일러스트로 풀어낸 비주얼 가이드.","https://contents.kyobobook.co.kr/sih/fit-in/600x0/pdt/9791160079289.jpg"
"735","애나 펀더","슈타지랜드","역사","생각의힘","2026-07-20","독일 통일 이후, 누구도 말하지 않던 동독의 기억을 추적한 르포르타주.","https://contents.kyobobook.co.kr/sih/fit-in/600x0/pdt/9791194880912.jpg"
"736","역사미스터리클럽","미스터리세계사 지식도감","역사","이다미디어","2026-08-12","“역사란 역사가와 사실 사이의 부단한 상호작용의 과정이며, 현재와 과거 사이의 끊임없는 대화이다.” 역사란 무엇인가?, 라는 질문에 대해 영국의 역사학자 에드워드 카가 내린 정의이다.","https://contents.kyobobook.co.kr/sih/fit-in/600x0/pdt/9791163940890.jpg"
"737","테오도로스 파파코스타스","엘리베이터에 갇힌 고고학자","역사","교양인","2026-07-03","어느 날 갑자기 멈춰버린 엘리베이터 안에 낯선 고고학자와 단둘이 갇힌다면?","https://contents.kyobobook.co.kr/sih/fit-in/600x0/pdt/9791193154632.jpg"
"738","이현숙","이럴 땐 이런 역사: 나와 닮은 순간","역사","펀앤아트","2026-08-20","“왜 나만 이렇게 힘들까?” 앞이 막막하고, 내가 할 수 있을지 자신이 없고, 모든 것을 포기하고 싶을 때가 있습니다.","https://contents.kyobobook.co.kr/sih/fit-in/600x0/pdt/9788961095778.jpg"
"739","장선경","열두 살 어린 임금 단종이야기","역사","마루별","2026-03-31","세종의 사랑 속에서 태어난 조선의 정통 후계자 홍위는 열두 살의 나이에 왕위에 오릅니다.","https://contents.kyobobook.co.kr/sih/fit-in/600x0/pdt/9791194090397.jpg"
"740","찰스 필립스","500명의 인물로 읽는 세계사","역사","현대지성","2026-06-26","『500명의 인물로 읽는 세계사』는 인류 역사에 큰 영향을 미친 500명을 엄선해 집대성한 인물 세계사 백과사전이다.","https://contents.kyobobook.co.kr/sih/fit-in/600x0/pdt/9791139732245.jpg"
"741","정상영","쉽게 읽고 보는 위대한 질문 도감","역사","진선아이","2026-06-09","세상을 바꾼 위인들의 업적은 하나의 질문에서 시작되었습니다.","https://contents.kyobobook.co.kr/sih/fit-in/600x0/pdt/9791124519011.jpg"
"742","크리스티앙 그라탈루","지도로 보는 지구의 역사","역사","한스미디어","2026-05-21","지구는 우주에서 평범한 별 하나를 돌고 있는 작은 행성이다.","https://contents.kyobobook.co.kr/sih/fit-in/600x0/pdt/9791124272305.jpg"
"743","박현도","역사를 보다","역사","믹스커피","2024-07-10","구독자 195만, 누적 9억 2천만 뷰를 자랑하는 대한민국 대표 지식 채널 보다(BODA)의 초인기 시리즈 ‘역사를 보다’를 단행본으로 출간했다.","https://contents.kyobobook.co.kr/sih/fit-in/600x0/pdt/9791170435488.jpg"
"744","압듈라","까면서 보는 해부학 만화","역사","한빛비즈","2020-06-19","해부학의 역사와 근골격의 구조를 이해할 수 있는 과학 교양서!","https://contents.kyobobook.co.kr/sih/fit-in/600x0/pdt/9791157844241.jpg"
"745","전주홍","역사가 묻고 생명과학이 답하다","역사","지상의책(갈매나무)","2023-07-19","저명한 학술지 〈랜싯〉의 편집장 리처드 호턴은 “우리는 끊임없이 새로움을 강조한다.","https://contents.kyobobook.co.kr/sih/fit-in/600x0/pdt/9791197637971.jpg"
"746","민태기","조선이 만난 아인슈타인","역사","위즈덤하우스","2023-08-15","독립운동의 기반에 상대성이론이 있었다?","https://contents.kyobobook.co.kr/sih/fit-in/600x0/pdt/9791168126855.jpg"
"747","팀 콜슨","존재의 역사","역사","오픈도어북스","2024-12-13","누구나 자신의 존재에 의문을 표한 적이 있을 것이다.","https://contents.kyobobook.co.kr/sih/fit-in/600x0/pdt/9791194276555.jpg"
"748","박용진","별 헤는 광야의 시인들","역사","다른","2023-07-25","-일제강점기의 증요한 순간을 한눈에 살펴보는 연표 -‘낭만 가득 시 이야기’ 별면 -중학교ㆍ고등학교 교과 연계표 〈그날이 오면〉의 심훈부터 〈빼앗긴 들에도 봄은 오는가〉의 이상화까지 시인의 삶을 통해 깊이…","https://contents.kyobobook.co.kr/sih/fit-in/600x0/pdt/9791156335474.jpg"
"749","이시우","재밌게 걷자! 경복궁","역사","주니어RHK","2024-04-25","문화유산교육전문가, 숲 해설가, ‘궁궐을 걷는 시간’이라는 프로그램 기획자로 활동하고 있는 이시우 작가가 첫 어린이 교양서로 독자들을 만난다.","https://contents.kyobobook.co.kr/sih/fit-in/600x0/pdt/9788925575193.jpg"
"750","설흔","1919 경성 소년","역사","우주나무","2025-09-26","“풍경은 좋은데…… 참 좋은데, 어쩐지 좀 재미가 없습니다.” “그건 네가 조선 사람이기 때문이다.” 《1919 경성 소년》은 강우규 의사가 조선 총독에게 폭탄을 던진 역사적 사건을 축으로 하여 한 소년의 정체성…","https://contents.kyobobook.co.kr/sih/fit-in/600x0/pdt/9791193152416.jpg"
"751","수잔 와이즈 바우어","세계 역사 이야기 2:중세편(교양있는 우리아이를 위한)","역사","꼬마이실","2004-04-20","역사 분야의 한국어판 도서","https://contents.kyobobook.co.kr/sih/fit-in/600x0/pdt/9788931380095.jpg"
"752","임승휘","귀족 시대","역사","대원씨아이","2024-12-13","‘귀족’이라는 단어가 우리에게 매우 낯설지는 않다.","https://contents.kyobobook.co.kr/sih/fit-in/600x0/pdt/9791142302084.jpg"
"753","벤 매킨타이어","스파이와 배신자","역사","열린책들","2023-07-15","위대한 스파이이자 엄청난 배신자의 삶 냉전 시대 종식을 앞당기는 데 가장 큰 역할을 했다고 평가받는 이중 스파이 올레크 고르디옙스키의 스릴 넘치는 일대기를 그린 『스파이와 배신자』가 출간되었다.","https://contents.kyobobook.co.kr/sih/fit-in/600x0/pdt/9788932923451.jpg"
"754","오카 마리","기억·서사","역사","교유서가","2024-03-20","타자가 경험한 ‘사건’의 기억을 나누어 갖는다는 것은 어떤 의미인가 다양한 ‘사건’을 둘러싸고 벌어지는 기억 항쟁의 한복판, 현재 ‘사건’의 기억을 나누어 가지려면 어떻게 해야 하는가.","https://contents.kyobobook.co.kr/sih/fit-in/600x0/pdt/9791193710210.jpg"
"755","이현희","딱 한마디 의학사","역사","천개의바람","2024-05-17","현대 의학은 눈부신 발전으로 인류의 생명 연장의 꿈을 실현시키고 있어요.","https://contents.kyobobook.co.kr/sih/fit-in/600x0/pdt/9791165735470.jpg"
"756","수잔 와이즈 바우어","세계 역사 이야기 3:근대편","역사","꼬마이실","2004-07-25","역사 분야의 한국어판 도서","https://contents.kyobobook.co.kr/sih/fit-in/600x0/pdt/9788931380101.jpg"
"757","알파고 시나씨","있는 그대로 튀르키예","역사","초록비책공방","2023-06-05","동양인과 서양인이 섞여 있는 이국적인 생김새만 보면 거리감이 느껴지지만 나라 이름만 듣게 되면 왠지 모를 친근감이 느껴지는 나라가 있다.","https://contents.kyobobook.co.kr/sih/fit-in/600x0/pdt/9791191266931.jpg"
"758","윤복원","우주탐사의 역사","역사","동아시아","2025-11-20","우주탐사를 시간 순서로 따라가면서, 우주탐사의 과정을 체계적으로 이해하는 것은 여러모로 중요하다.","https://contents.kyobobook.co.kr/sih/fit-in/600x0/pdt/9788962626827.jpg"
"759","김성수","읽자마자 과학의 역사가 보이는 원소 어원 사전","역사","보누스","2023-09-20","사람들은 세상 만물의 근원인 원소의 정체를 밝히려 끊임없이 노력해 왔다.","https://contents.kyobobook.co.kr/sih/fit-in/600x0/pdt/9788964946534.jpg"
"760","데이비드 크리스털","언어의 역사","역사","소소의책","2020-06-17","인간의 모든 생각과 행동은 언어의 지배를 받는다.","https://contents.kyobobook.co.kr/sih/fit-in/600x0/pdt/9791188941469.jpg"
"761","명욱","왕과 술의 세계사","역사","포르체","2026-06-04","대한민국 대표 주류 인문학 전문가 명욱 교수가 와인을 통해 세계 권력의 흐름을 읽어낸다.","https://contents.kyobobook.co.kr/sih/fit-in/600x0/pdt/9791124629000.jpg"
"762","신서현","한국인은 참지 않아","역사","풀빛","2024-09-20","동학 농민 운동, 항일 의병, 3·1 운동, 4·19 혁명, 5·18 민주화 운동, 6월 민주 항쟁, 촛불 집회…….","https://contents.kyobobook.co.kr/sih/fit-in/600x0/pdt/9791161729442.jpg"
"763","유정호","꼬리에 꼬리를 무는 한국의 조약 이야기","역사","주니어태학","2023-08-25","역사가 실이라면 조약은 매듭과 같다 조약을 따라 한국 근현대사의 결정적 장면을 따라가는 여행!","https://contents.kyobobook.co.kr/sih/fit-in/600x0/pdt/9791168102033.jpg"
"764","송영심","영화보다, 세계사","역사","풀빛","2023-07-20","“이 영화는 실화에 바탕을 두었습니다” 실화를 바탕으로 만들어진 영화에는 묵직한 힘이 있다.","https://contents.kyobobook.co.kr/sih/fit-in/600x0/pdt/9791161728803.jpg"
"765","책봄","하루하루 한국을 빛낸 100명의 위인들","역사","랭귀지북스","2024-07-25","노랫말 속 본받을 위인은 쏙쏙, 보편적 가치관에 부합하는 위인을 추가 채택하여 선별된 찐 위인의 발자취를 만나 봅니다.","https://contents.kyobobook.co.kr/sih/fit-in/600x0/pdt/9791156352297.jpg"
"766","전방욱","얽힌 생명의 역사","역사","책과바람","2025-12-24","기후 위기·팬데믹·생태계 붕괴가 일상이 된 시대, 우리는 더 이상 생명을 “유전자가 이끄는 기계”로 설명하는 오래된 틀만으로는 세계를 이해할 수 없다.","https://contents.kyobobook.co.kr/sih/fit-in/600x0/pdt/9791199322806.jpg"
"767","썬킴","썬킴의 세계사 완전 정복","역사","알에이치코리아","2022-08-11","‘누적 청취 수 3000만 회’, ‘네이버 오디오클립 1위’, 역사 팟캐스트 〈썬킴의 세계사 완전정복〉이 세운 경이로운 기록이다.","https://contents.kyobobook.co.kr/sih/fit-in/600x0/pdt/9788925577883.jpg"
"768","박윤선","있는 그대로 케냐","역사","초록비책공방","2025-12-10","사파리의 나라, 야생의 천국으로만 알려진 케냐.","https://contents.kyobobook.co.kr/sih/fit-in/600x0/pdt/9791124126011.jpg"
"769","리처드 할러웨이","세계 종교의 역사","역사","소소의책","2018-03-27","특정한 주제나 논쟁에서 벗어나 인간의 오랜 역사 속에서 종교적 믿음이 어떻게 태동해 변화해왔으며, 인간의 삶에서 종교는 어떠한 의미로 받아들여지는지 등을 재미있는 이야기를 하듯이 간결하고 명확하게 정리한 『세계…","https://contents.kyobobook.co.kr/sih/fit-in/600x0/pdt/9791188941001.jpg"
"770","이화진","청소년 인문학 수업 1: 역사 예술 문학","역사","한빛비즈","2020-08-25","“왜 공부해야 하나요?”에 답을 주는 인문학 강의!","https://contents.kyobobook.co.kr/sih/fit-in/600x0/pdt/9791157844371.jpg"
"771","황은실","동남아시아의 역사","역사","살림","2024-01-31","인구 7억, 세계 3위 경제권. 한국과 닮은꼴인 역동성과 세계화.","https://contents.kyobobook.co.kr/sih/fit-in/600x0/pdt/9788952248060.jpg"
"772","역사미스터리클럽","세계사 명장면 97 지식도감","역사","이다미디어","2024-08-23","누구나 외워두면 쓸모있는 세계사 명장면 97가지 어떻게 도시국가 아테네에서 민주주의가 출발했는가?","https://contents.kyobobook.co.kr/sih/fit-in/600x0/pdt/9791163940685.jpg"
"773","김기상","있는 그대로 인도","역사","초록비책공방","2023-08-10","신흥시장국 간 경제·금융 협의체인 G20의 2023년 개최국, 코로나19 종식 선언으로 여행객과 유튜버뿐 아니라 방송 관계자들이 가장 많이 찾고 있는 나라, 바로 인도이다.","https://contents.kyobobook.co.kr/sih/fit-in/600x0/pdt/9791191266979.jpg"
"774","피터 버크","폴리매스","역사","예문아카이브","2023-10-10","폴리매스란 다양한 분야에 관심과 지식, 전문성을 갖고 출중한 재능을 발휘한 사람들을 말한다.","https://contents.kyobobook.co.kr/sih/fit-in/600x0/pdt/9791163862239.jpg"
"775","앤드루 도이그","죽음의 역사","역사","브론스테인","2023-02-22","살아있는 생명체라면 그 누구도 죽음을 피할 수 없다.","https://contents.kyobobook.co.kr/sih/fit-in/600x0/pdt/9791140806409.jpg"
"776","구정은","사회를 달리는 십대: 지리","역사","우리학교","2023-04-24","청소년이 알아야 할 최소한의 사회 이슈를 한 권으로 명쾌하게 담아내는 ‘사회를 달리는 십대’ 시리즈의 네 번째 책.","https://contents.kyobobook.co.kr/sih/fit-in/600x0/pdt/9791167552037.jpg"
"777","데이비드 베이커","가장 짧은 우주의 역사","역사","세종연구원","2023-11-30","빅뱅에서부터 생명의 진화, 인간의 역사에 이르기까지, 그리고 단순한 수소 가스 덩어리가 복잡한 인간 사회로 진화하기까지 우주에 존재하는 모든 것의 역사적 변화를 연속적으로 추적한다.","https://contents.kyobobook.co.kr/sih/fit-in/600x0/pdt/9791163730170.jpg"
"778","우동닉","가벼운 항공전의 역사","역사","골든래빗(주)","2023-11-10","인간의 날고 싶은 욕망과 꿈으로 비행기가 탄생했다.","https://contents.kyobobook.co.kr/sih/fit-in/600x0/pdt/9791191905434.jpg"
"779","태지원","구두를 신은 세계사","역사","자음과모음","2023-07-28","신발 한 켤레 안에는 생각보다 많은 이야기가 들어 있다.","https://contents.kyobobook.co.kr/sih/fit-in/600x0/pdt/9788954449434.jpg"
"780","나카노 교코","명화로 읽는 합스부르크 역사","역사","한경arte","2022-10-20","★역사가 흐르는 미술관 시리즈 일본 누계 35만 부 판매!★ 기요틴의 이슬이 된 마리 앙투아네트, 미남왕 펠리페, 비극적 황후 엘리자베트… 합스부르크가를 알면 유럽사가 보인다!","https://contents.kyobobook.co.kr/sih/fit-in/600x0/pdt/9788947548472.jpg"
"781","뱅상 르미르","예루살렘의 역사","역사","서해문집","2023-10-30","프랑스 최고의 역사학자 뱅상 르미르가 들려주는 아주 특별한 세계사다.","https://contents.kyobobook.co.kr/sih/fit-in/600x0/pdt/9791192988337.jpg"
"782","스티브 브루사테","완전히 새로운 공룡의 역사","역사","웅진지식하우스","2020-02-24","공룡은 어디서 왔을까? 어떻게 그토록 강하고 거대한 존재가 되었을까?","https://contents.kyobobook.co.kr/sih/fit-in/600x0/pdt/9788901240060.jpg"
"783","조한성","청소년을 위한 해시태그 한국 독립운동사","역사","생각학교","2023-02-28","풍부한 사료, 높은 전달력으로 독자들의 사랑을 받아온 〈만세열전〉의 민족문제연구소 선임연구원 조한성 저자가 청소년 역사서 〈청소년을 위한 #해시태그 한국 독립운동사〉로 돌아왔다!","https://contents.kyobobook.co.kr/sih/fit-in/600x0/pdt/9791191360639.jpg"
"784","지오딘 사르다르","수학사 아는 척하기","역사","팬덤북스","2021-07-29","□ 왜 수학이 필요한 거야? □ 계산은 언제 어디서부터 시작된 걸까?","https://contents.kyobobook.co.kr/sih/fit-in/600x0/pdt/9791161691725.jpg"
"785","리처드 코언","역사는 어떻게 만들어지는가","역사","김영사","2025-02-19","역사는 우리가 세상을 이해하는 중요한 도구 중 하나이다.","https://contents.kyobobook.co.kr/sih/fit-in/600x0/pdt/9791173320439.jpg"
"786","이정모","극한 진화의 세계","과학","다산초당","2026-08-19","2024년 출간 즉시 과학 베스트셀러 1위에 오르며 화제를 모은 『찬란한 멸종』의 저자 이정모가 돌아왔다.","https://contents.kyobobook.co.kr/sih/fit-in/600x0/pdt/9791130682952.jpg"
"787","리처드 사이토윅","도파민 과잉 시대, 당신의 뇌가 무너진다","과학","알레","2026-08-31","디지털 기기에 중독된 뇌와 무너진 집중력의 시대 우리는 왜 도파민 과잉 자극에 무너질 수밖에 없는가 게을러서, 의지력이 부족해서, 나태해서 생기는 문제일까 아침에 눈을 뜬 순간부터 밤에 잠들기 직전까지, 우리는…","https://contents.kyobobook.co.kr/sih/fit-in/600x0/pdt/9791141189778.jpg"
"788","요시모리 다모쓰","노화는 어디까지 늦출 수 있는가","과학","이너북","2026-07-15","《노화는 어디까지 늦출 수 있는가》는 늙음을 피할 수 없는 운명이 아니라, 세포와 분자 수준에서 이해하고 개입할 수 있는 현상으로 새롭게 바라보는 책이다.","https://contents.kyobobook.co.kr/sih/fit-in/600x0/pdt/9791194697411.jpg"
"789","칼 세이건","코스모스","과학","사이언스북스","2010-01-20","과학 교양서의 고전『코스모스』. 이 책에서 저자는 우주의 탄생과 은하계의 진화, 태양의 삶과 죽음, 우주를 떠돌던 먼지가 의식 있는 생명이 되는 과정, 외계 생명의 존재 문제 등에 관한 내용을 수 백장의 사진과…","https://contents.kyobobook.co.kr/sih/fit-in/600x0/pdt/9788983711892.jpg"
"790","칼 세이건","코스모스(100만부 기념판)","과학","사이언스북스","2026-06-30","칼 세이건(Carl Sagan)의 「코스모스(Cosmos)」가 2026년 4월 말일 기준으로 누적 판매 부수 100만 부를 돌파했다.","https://contents.kyobobook.co.kr/sih/fit-in/600x0/pdt/9791124336083.jpg"
"791","김상욱","세상이 그대를 속일지라도","과학","동아시아","2026-06-12","사람들은 묻는다. “앞으로 우리 아이들은 무엇을 배워야 할까요?","https://contents.kyobobook.co.kr/sih/fit-in/600x0/pdt/9788962627145.jpg"
"792","크리스 나이바우어","뇌는 어떻게 나를 조종하는가","과학","클랩북스","2026-01-21","우리는 원하지 않아도 끊임없이 떠오르는 생각과 판단으로 남을 오해하고 나의 한계를 의심하며 괴로워한다.","https://contents.kyobobook.co.kr/sih/fit-in/600x0/pdt/9791193941577.jpg"
"793","닉 폴슨","수학의 쓸모","과학","더퀘스트","2020-04-02","당신이 마지막으로 ‘계산’해본 적은 언제인가?","https://contents.kyobobook.co.kr/sih/fit-in/600x0/pdt/9791165210991.jpg"
"794","제러미 리프킨","엔트로피","과학","세종연구원","2026-08-31","자연의 원리로 현대 문명을 읽고 새로운 세계관을 제안한다 자본주의 체제, 인간의 생활방식, 현대 과학기술로 인한 폐해 등을 날카롭게 비판해온 세계적인 미래학자 제러미 리프킨의 『엔트로피』(4판)가 새로운 모습으로…","https://contents.kyobobook.co.kr/sih/fit-in/600x0/pdt/9791163730279.jpg"
"795","리처드 도킨스","이기적 유전자","과학","을유문화사","2023-01-30","1976년, 처음 출간되었을 당시 과학계와 일반 대중들에게 폭발적인 반향을 불러일으키며 세기의 문제작으로 떠오른 『이기적 유전자』는 40년이라는 세월의 검증을 거치며 그 중요성과 깊이를 더욱더 확고하게…","https://contents.kyobobook.co.kr/sih/fit-in/600x0/pdt/9788932473901.jpg"
"796","최재천","히스토리아 비테이","과학","지식서재","2026-06-08","위기의 인류에게 들려주는 지구 생명의 역사 세계적인 생태학자 최재천이 자연과학에서 출발해 인문학까지 섭렵한 자신의 학문 성과를 한 권 책에 담았다.","https://contents.kyobobook.co.kr/sih/fit-in/600x0/pdt/9791190266093.jpg"
"797","베르너 하이젠베르크","부분과 전체","과학","서커스(서커스출판상회)","2023-06-15","우리 시대 대표적인 과학의 고전 〈부분과 전체〉의 증보개정판이다.","https://contents.kyobobook.co.kr/sih/fit-in/600x0/pdt/9791187295686.jpg"
"798","김주환","내면소통","과학","인플루엔셜","2023-02-27","마음에도 근육이 있다. 몸의 근력처럼 마음근력도 체계적이고 반복적으로 훈련하면 강해진다.","https://contents.kyobobook.co.kr/sih/fit-in/600x0/pdt/9791168340855.jpg"
"799","레이첼 카슨","침묵의 봄","과학","에코리브르","2024-04-30","세상을 변화시킨 인물, 역사의 진로를 바꾼 책 더 이상 설명이 필요 없는 ‘환경학’ 최고의 고전","https://contents.kyobobook.co.kr/sih/fit-in/600x0/pdt/9788962632729.jpg"
"800","벤 롤런스","숲처럼 생각하기","과학","한스미디어","2026-08-19","여름에는 숨 막히는 폭염으로, 겨울에는 살을 에는 폭한으로 날씨가 일상을 위협하는 재앙 수준이 된 지금, 우리가 알던 자연은 실시간으로 무너져 내리고 있습니다.","https://contents.kyobobook.co.kr/sih/fit-in/600x0/pdt/9791124272688.jpg"
"801","박권","시뮬레이션 우주","과학","동아시아","2026-08-07","전자기학부터 정보 엔트로피, 뉴런 반도체, 인공지능, 양자컴퓨터까지 정보 · 계산 · 컴퓨터 과학으로 본 원자, 생명, 지능, 그리고 시간 “걸작이다.” ★ 하버드대학교 김필립 교수 추천 ★ ★ 케임브리지대학교…","https://contents.kyobobook.co.kr/sih/fit-in/600x0/pdt/9788962627244.jpg"
"802","이만규","참 쉬운 양치식물","과학","지오북","2026-08-30","처음 양치식물을 공부하는 사람들을 위해 핵심만 쉽고 정리하여 한눈에 쏙 알 수 있는 실용적인 도감입니다.","https://contents.kyobobook.co.kr/sih/fit-in/600x0/pdt/9788994242972.jpg"
"803","정인경","과학은 민주주의가 필요하다","과학","이음","2026-08-21","★★성균관대 물리학과 교수 김범준 추천★★ 과학도 결국 사람의 일입니다.","https://contents.kyobobook.co.kr/sih/fit-in/600x0/pdt/9791194172260.jpg"
"804","곽재식","쓰레기 과학","과학","문학과지성사","2026-08-14","환경공학자이자 SF 소설가로 활동하며, 과학 지식을 바탕으로 사회의 관심사를 폭넓게 풀이해온 우리 시대의 가장 유쾌한 이야기꾼 곽재식의 신작 『쓰레기 과학-집파리에서 인공지능까지 우리가 하찮게 여기는 쓰레기의…","https://contents.kyobobook.co.kr/sih/fit-in/600x0/pdt/9788932045009.jpg"
"805","하시모토 히사시","한 번 배우면 평생 쓰는 해부학","과학","한스미디어","2026-07-31","우리는 매일 걷고, 뛰고, 앉고, 물건을 들면서도 정작 내 몸이 어떻게 생겼고 어떤 원리로 움직이는지는 잘 모른다.","https://contents.kyobobook.co.kr/sih/fit-in/600x0/pdt/9791124272589.jpg"
"806","김명호","뇌를 바꾸려는 사람들","과학","어크로스","2026-08-20","""번쩍! 찌릿!"" 창백한 과학자가 죽은 자의 육신에 전기를 흘려보내자, 마침내 거대한 괴물이 꿈틀거리며 깨어난다.","https://contents.kyobobook.co.kr/sih/fit-in/600x0/pdt/9791167743206.jpg"
"807","벤 골드파브","크로싱","과학","곰출판","2026-08-24","도로가 우리를 이어줄 때, 다른 생물들은 어디에 어떻게 있는가?","https://contents.kyobobook.co.kr/sih/fit-in/600x0/pdt/9791189327538.jpg"
"808","예병일","몸에 관한 공부","과학","사람in","2026-08-14","건강할 때 우리는 내 몸을 잘 안다고 자신한다.","https://contents.kyobobook.co.kr/sih/fit-in/600x0/pdt/9791171012671.jpg"
"809","이종선","완전한 과학책: 4학년","과학","위즈덤하우스","2026-08-28","우리가 당연하게 배우는 과학 교과서 속 한 줄은 어떻게 그 자리에 실리게 되었을까?","https://contents.kyobobook.co.kr/sih/fit-in/600x0/pdt/9791175911154.jpg"
"810","샘 킨","실험하는 고고학자","과학","해나무","2026-08-20","우리는 수만 년이라는 오랜 세월을 살아남은 선조들의 후손이다.","https://contents.kyobobook.co.kr/sih/fit-in/600x0/pdt/9791164053674.jpg"
"811","벤트 프라이발트","모든 하루는 뇌에서 시작된다","과학","알에이치코리아","2026-08-24","‘아침에 개운하게 일어나려면 어떻게 해야 할까?’ ‘업무 집중력을 높이는 방법엔 무엇이 있을까?’ ‘자기 전 스마트폰을 내려놓지 못하는 이유가 뭘까?’ ‘규칙적으로 운동하려면 어떻게 해야 할까?’ … 『모든…","https://contents.kyobobook.co.kr/sih/fit-in/600x0/pdt/9788925568379.jpg"
"812","바버라 블래츨리","슬픔의 발견","과학","디플롯","2026-07-31","상실의 세계를 탐험한 어느 신경학자의 애도 일지이자 과학적 탐사의 기록이다.","https://contents.kyobobook.co.kr/sih/fit-in/600x0/pdt/9791193591543.jpg"
"813","몽구","쓸데없이 궁금해서 끝까지 파봤습니다","과학","나무옆의자","2026-08-10","세상에는 참 엉뚱한 사람이 많다. 또 이런 엉뚱한 사람들이 있어 살맛이 나는 것도 사실이다.","https://contents.kyobobook.co.kr/sih/fit-in/600x0/pdt/9791124185216.jpg"
"814","이병우","새와 여행","과학","후마니타스","2026-08-24","동물원이 아니라 야생에서 비인간 동물과 관계 맺는 특별한 여행･산책･소풍, 문 앞에서부터 국경 너머까지 새를 따라 가는 길을 안내합니다.","https://contents.kyobobook.co.kr/sih/fit-in/600x0/pdt/9788964375204.jpg"
"815","이광근","컴퓨터과학이 여는 세계","과학","문학동네","2026-08-20","출간 이후 10년 넘게 컴퓨터공학과 필독 기본서로 꼽히며 영재고, 과학고 추천도서, 세특 보고서 추천도서 등으로 사랑받아온 『컴퓨터과학이 여는 세계』의 개정증보판이 문학동네에서 출간되었다.","https://contents.kyobobook.co.kr/sih/fit-in/600x0/pdt/9791141617851.jpg"
"816","여르미","나를 지키는 뇌과학","과학","센시오","2026-08-03","잠을 자도 개운하지 않고, 주말이 지나도 월요일이 여전히 무겁다.","https://contents.kyobobook.co.kr/sih/fit-in/600x0/pdt/9791166572364.jpg"
"817","알랭 아스페","아인슈타인이 알았더라면","과학","와이즈베리","2026-07-10","“혹시 정규직인가요?” 1975년 봄, 제네바의 유럽입자물리연구소(CERN).","https://contents.kyobobook.co.kr/sih/fit-in/600x0/pdt/9791175488298.jpg"
"818","김민준","사랑의 열역학","과학","동아시아","2026-07-10","사랑에도 법칙이 있다! “이 강의가 끝날 때, 당신은 사랑을 이전과 다른 눈으로 보게 될 것이다” 서던메소디스트대학교 기계공학과 석좌교수로 재직 중인 저자 김민준이 열역학으로 사랑을 논한다.","https://contents.kyobobook.co.kr/sih/fit-in/600x0/pdt/9788962627169.jpg"
"819","유임주","비주얼 의과학사","과학","한겨레출판","2026-07-20","이정모 전 관장·이종태 의대협회 이사장 강력 추천!","https://contents.kyobobook.co.kr/sih/fit-in/600x0/pdt/9791172134433.jpg"
"820","스티브 라미레스","기억을 바꾸는 법","과학","김영사","2026-07-14","기억 조작이라는 신경과학의 최전선에서 쓴 우정, 사랑, 상실, 그리고 회복에 관한 기록 기억은 모든 생명체의 근본 속성이자 인간 존재의 핵심으로, 우리가 누구인지를 정의한다.","https://contents.kyobobook.co.kr/sih/fit-in/600x0/pdt/9791173327216.jpg"
"821","잭 와이너스미스","화성에 도시를 세운다면","과학","알에이치코리아","2026-06-15","지구가 점점 살기 어려워지고 있다. 기후 위기, 자원 고갈, 계속되는 전쟁.","https://contents.kyobobook.co.kr/sih/fit-in/600x0/pdt/9788925569284.jpg"
"822","장홍제","예민한 날엔 화학을 삼킨다","과학","휴머니스트","2026-06-29","인간을 다시 정의하는 ‘의식의 재설계’가 시작된다!","https://contents.kyobobook.co.kr/sih/fit-in/600x0/pdt/9791170873563.jpg"
"823","퍼플카우콘텐츠팀","최강 탈것 선발 대회","과학","보랏빛소어린이","2026-07-30","세상에서 가장 재주가 뛰어나고, 거대하고, 재미있고, 똑똑하고, 신기한 탈것 총출동!","https://contents.kyobobook.co.kr/sih/fit-in/600x0/pdt/9791124156131.jpg"
"824","재키 히긴스","감각의 신세계","과학","위즈덤하우스","2026-07-22","다른 눈으로 세상을 바라보게 만들어주는 특별한 과학 여행의 시작 혹시 당신은 시계를 보지 않아도 바로 지금 몇 시인지 대충 알아맞히는 사람인가?","https://contents.kyobobook.co.kr/sih/fit-in/600x0/pdt/9791175911062.jpg"
"825","로렌 아이즐리","광대한 여정","과학","문학동네","2026-07-13","20세기 최고의 과학 에세이스트, 인류학자 로렌 아이즐리의 『광대한 여정』이 문학동네에서 출간되었다.","https://contents.kyobobook.co.kr/sih/fit-in/600x0/pdt/9791141617004.jpg"
"826","박치욱","인간 생존 연구소","과학","김영사","2026-07-15","인간이라는 존재는 참으로 연약하다. 찌는 듯한 더위에도, 혹독한 추위에도 쉽게 지친다.","https://contents.kyobobook.co.kr/sih/fit-in/600x0/pdt/9791173327223.jpg"
"827","송주현","뇌는 혼자 울지 않는다","과학","어바웃어북","2026-06-05","보통의 오후, 동료의 사소한 농담 한마디에 짜증이 치밀어 오른다.","https://contents.kyobobook.co.kr/sih/fit-in/600x0/pdt/9791192229829.jpg"
"828","닉 보스트롬","딥 유토피아","과학","까치","2026-06-30","AI에 대한 전 세계적인 논의의 출발점이 된 「슈퍼인텔리전스」에서 초지능으로의 개발 경로를 짚어보고 초지능의 위험성을 엄중하게 경고했던 닉 보스트롬은 신작에서 방향을 완전히 바꾼다.","https://contents.kyobobook.co.kr/sih/fit-in/600x0/pdt/9788972918967.jpg"
"829","이동주","그림 그리는 과학자","과학","위즈덤하우스","2026-07-01","자연을 관찰하고, 분류하고, 이름을 붙이는 과학자들은 왜 그림을 그렸을까?","https://contents.kyobobook.co.kr/sih/fit-in/600x0/pdt/9791175911000.jpg"
"830","조황희","우주로 간 호모 사피엔스","과학","알에이치코리아","2026-07-20","조만장자로 일컬어지는 일론 머스크를 필두로 세계 각국에서 우주산업에 관심을 기울이는 이 유는 무엇일까?","https://contents.kyobobook.co.kr/sih/fit-in/600x0/pdt/9788925568515.jpg"
"831","캐롤라인 트레이시","소금호수, 우리가 사랑한 이상한 세계","과학","일레븐","2026-07-27","“소금호수는 우리를 가르치지 않는다. 그저 살아남는 법을 보여줄 뿐이다.” 생명이라곤 존재할 수 없을 것 같은 짠 호수.","https://contents.kyobobook.co.kr/sih/fit-in/600x0/pdt/9791199799547.jpg"
"832","톰 잭슨","주기율표와 원소 백과","과학","비룡소","2026-07-01","오늘날 공인된 118가지 원소를 사진으로 만나는 비주얼 백과사전 『주기율표와 원소 백과』가 ㈜비룡소에서 출간되었다.","https://contents.kyobobook.co.kr/sih/fit-in/600x0/pdt/9788949154732.jpg"
"833","존 판던","암석과 광물","과학","그린북","2026-08-20","교과서 속 암석에서 뉴스 속 희토류까지.","https://contents.kyobobook.co.kr/sih/fit-in/600x0/pdt/9788955889222.jpg"
"834","사마키 다케오","와글와글 물리 탐험","과학","시그마북스","2026-07-06","이 책은 “인공위성은 왜 떨어지지 않을까?” “녹음한 목소리는 왜 다른 사람처럼 들릴까?” “왜 얼음은 이렇게 차가울까?” 등 일상 속에서 궁금했던 수많은 물리 이야기를 알기 쉽게 설명하고 있답니다.","https://contents.kyobobook.co.kr/sih/fit-in/600x0/pdt/9791168624979.jpg"
"835","이정동","기술은 세상을 어떻게 바꾸는가","과학","김영사","2026-08-28","미래 세대를 위해 대한민국 최고 석학이 집필한 〈굿모닝 굿나잇〉 시리즈는 2021년 제1권을 출간한 이래 제24권까지 계속 이어가며 시리즈 누적 판매 부수 15만 부를 기록하고 있다.","https://contents.kyobobook.co.kr/sih/fit-in/600x0/pdt/9791173327599.jpg"
"836","신상훈","쉬운 한의학","과학","창신북스","2026-08-15","〈한 권으로 이해하는 쉬운 한의학〉은 일반인을 위한 입문서입니다.","https://contents.kyobobook.co.kr/sih/fit-in/600x0/pdt/9791122008500.jpg"
"837","정택윤","불완전한 예술","과학","에이도스","2026-07-07","의사가 되어 병원에서 환자를 만나면서 가장 먼저 깨달은 것은 바로 의학의 한계였다고 말하는 지은이는 이 책에서 우리가 모르는 현대 의학의 또 다른 얼굴과 그 이면에 깔린 불편한 진실에 대해 이야기한다.","https://contents.kyobobook.co.kr/sih/fit-in/600x0/pdt/9791185415840.jpg"
"838","이정모","미래 과학 신문 몰입 읽기 “나라면?”","과학","슈크림북","2026-08-10","〈미래 과학 신문 몰입 읽기 나라면?〉은 초등 어린이들이 가정과 학교에서 부모님, 선생님과 함께 읽고 자연스럽게 미래 과학 이슈를 논할 수 있도록 ‘신문 기사’의 형태로 구성한 어린이 과학 교양 도서입니다.","https://contents.kyobobook.co.kr/sih/fit-in/600x0/pdt/9791124223062.jpg"
"839","최태영","동물의 향기, 인간의 풍경","과학","돌베개","2026-07-24","■ 한국 야생동물 생태를 기록한 보기 드문 연구, 인간과 그 문화를 성찰하는 흥미로운 텍스트 포유류 생태 현장연구자가 한국인과 오랫동안 함께 살아온 동물의 삶과 죽음에 관해 30여 년간의 조사와 연구를 통해…","https://contents.kyobobook.co.kr/sih/fit-in/600x0/pdt/9791124669068.jpg"
"840","옥이샘","공룡이 멸종하지 않았다면?","과학","천개의바람","2026-06-30","“만약 공룡이 멸종하지 않았다면, 인간처럼 지능이 뛰어난 공룡으로 진화했을 것이다!” 캐나다의 고생물학자 ‘데일 러셀’ 박사는 흥미로운 주장을 펼쳤어요.","https://contents.kyobobook.co.kr/sih/fit-in/600x0/pdt/9791165737559.jpg"
"841","최낙언","쓴맛","과학","헬스레터","2026-08-25","독과 약은 본래 같은 물질이다 독과 약의 경계는 결국 용량이다 입에 쓰지만 몸에 방패 쓴맛, 생존 위해 정교하게 발달한 감각 '독의 공포' 진화 과정을 알면 속지 않아 《쓴맛_무엇을 먹지 말아야…","https://contents.kyobobook.co.kr/sih/fit-in/600x0/pdt/9791124640067.jpg"
"842","오경아","정원의 발견","과학","궁리","2026-08-20","“정원사의 계절은 봄, 여름, 가을, 겨울이 아니라 가을, 겨울, 봄, 여름으로 찾아온다.","https://contents.kyobobook.co.kr/sih/fit-in/600x0/pdt/9788958209225.jpg"
"843","남종영","북극곰은 걷고 싶다","과학","한겨레출판","2026-07-10","이 책의 설명 북극에서 남극까지, 지구의 끝과 끝을 누빈 저널리스트가 전하는 환경 메세지 지구온난화로 바뀌고 있는 북극과 남극, 적도 등의 현장을 여행하고 취재한 환경에세이 『북극곰은 걷고싶다』.","https://contents.kyobobook.co.kr/sih/fit-in/600x0/pdt/9791172134495.jpg"
"844","하민영","끓지 않는 물, 얼지 않는 물","과학","플루토","2026-09-17","물은 정말 100°C에서 끓고 0°C에서 얼까?","https://contents.kyobobook.co.kr/sih/fit-in/600x0/pdt/9791124573020.jpg"
"845","노봉수","미각 해킹","과학","예문당","2026-08-31","‘미각 해킹’은 더 나은 복합적인 맛 형성 과정을 위해 의도적으로 조작하고 설계하는 첨단 과학 기술을 의미한다.","https://contents.kyobobook.co.kr/sih/fit-in/600x0/pdt/9788970017273.jpg"
"846","안재성","박헌영 평전","전기","인문서원","2020-01-23","독립운동가이자 사회주의자였던 박헌영은 해방 후 남조선노동당을 이끌고 월북하여 김일성 체제의 북한정권 수립과 조선노동당 창건에 중요한 역할을 하지만, 결국 미제 간첩이라는 죄목으로 처형당하고 만다.","https://contents.kyobobook.co.kr/sih/fit-in/600x0/pdt/9791186542606.jpg"
"847","조영래","전태일평전","전기","아름다운전태일","2020-09-07","오늘의 전태일들과 함께 2020년은 전태일이 세상을 떠난 지 50년이 되는 해다.","https://contents.kyobobook.co.kr/sih/fit-in/600x0/pdt/9788996187455.jpg"
"848","김윤희","이완용 평전","전기","한겨레출판","2023-06-12","극단의 시대 합리성에 포획된 근대적 인간『이완용 평전』.","https://contents.kyobobook.co.kr/sih/fit-in/600x0/pdt/9791160405316.jpg"
"849","문영심","정해룡 평전","전기","길","2024-10-31","전남 보성 출신으로 호남 명문가를 이룬 봉강 정해룡(鳳崗 丁海龍, 1913~69) 집안은 조선 선조(宣祖) 당시 임진왜란을 겪으면서 나라의 운명이 풍전등화에 처했을 때, 이순신을 모함에서 구해내는 직언을 했던…","https://contents.kyobobook.co.kr/sih/fit-in/600x0/pdt/9788964452820.jpg"
"850","김삼웅","만해 한용운 평전","전기","시대의창","2025-11-24","공약삼장을 추서한 만해 한용운 선생은 독립투사로서, 실천적 종교가로서, 시인이자 소설가로서의 파란만장한 삶을 살았다.","https://contents.kyobobook.co.kr/sih/fit-in/600x0/pdt/9788959408764.jpg"
"851","김삼웅","이상룡 평전","전기","꽃자리","2023-08-15","국가의 존립이 무너지는 절망의 시기, 사방이 어둠에 덮여 한 줄기 빛도 찾기 어려운 시국이었다.","https://contents.kyobobook.co.kr/sih/fit-in/600x0/pdt/9791186910474.jpg"
"852","이민웅","이순신 평전","전기","책문","2012-11-10","『이순신 평전』은 2012년, 임진왜란이 일어난 지 420년째 되는 해를 맞이하여 역사적 사실을 기준으로 전쟁 영웅 이순신을 재평가한 책이다.","https://contents.kyobobook.co.kr/sih/fit-in/600x0/pdt/9788931576177.jpg"
"853","강영준","칠월의 청포도: 이육사 이야기","전기","북멘토","2021-12-10","《칠월의 청포도》는 영어덜트를 위한 인물 이야기 ‘역사인물도서관’의 네 번째 책입니다.","https://contents.kyobobook.co.kr/sih/fit-in/600x0/pdt/9788963194448.jpg"
"854","이창호","마오쩌둥 평전","전기","북그루","2023-12-26","이 평전은 마오쩌둥의 삶의 여정과 그가 이끌어간 중국의 변화를 심층적으로 탐구하여, 독자 여러분들에게 그의 인격과 리더십에 대한 깊은 이해를 제공하고자 한다.","https://contents.kyobobook.co.kr/sih/fit-in/600x0/pdt/9791190345200.jpg"
"855","장 코르미에","체 게바라 평전","전기","실천문학사","2011-05-16","프랑스 일간지 '파르지앵'의 전문기자 장 코르미에가 엮은 체 게바라 평전.","https://contents.kyobobook.co.kr/sih/fit-in/600x0/pdt/9788939205109.jpg"
"856","스테판 츠바이크","에라스무스 평전","전기","원더박스","2022-10-12","이 책은 『발자크 평전』, 『위로하는 정신』(몽테뉴), 『다른 의견을 가질 권리』(카스텔리오) 등 여러 평전을 남긴 슈테판 츠바이크의 대표작으로, 에라스무스를 다룬 여러 책 가운데 가장 유명한 책이다.","https://contents.kyobobook.co.kr/sih/fit-in/600x0/pdt/9791190136860.jpg"
"857","이근명","왕안석 평전","전기","신서원","2025-08-29","이 평전은 가능한 한 평이하게 적으면서도 약간 저자의 목소리를 담으려 하였다.","https://contents.kyobobook.co.kr/sih/fit-in/600x0/pdt/9788979404517.jpg"
"858","김삼웅","해월 최시형 평전","전기","미디어샘","2023-03-01","오늘날의 생명운동, 여성운동, 그리고 환경운동에는 공통점이 있다.","https://contents.kyobobook.co.kr/sih/fit-in/600x0/pdt/9788968572203.jpg"
"859","나채훈","사마의 평전","전기","북오션","2022-12-27","70세가 넘어 대통령의 권좌에 오른 고 김대중 전 대통령을 인동초에 비유했던 언론 기사가 떠오른다.","https://contents.kyobobook.co.kr/sih/fit-in/600x0/pdt/9788967997366.jpg"
"860","김삼웅","우당 이회영 평전","전기","두레","2022-01-20","독립운동가들의 안식처이자 영원한 벗 우당(友堂) 이회영 선생은 나라가 망하자 가족들을 설득하여 지금 돈으로 환산하면 600억 정도의 재산을 모두 정리하고 그 돈으로 만주로 망명해 독립운동을 시작하게 됩니다.","https://contents.kyobobook.co.kr/sih/fit-in/600x0/pdt/9788974431433.jpg"
"861","워렌 위어스비","성경인물평전","전기","디모데","2009-12-30","워렌 위어스비의『성경인물평전』. 이 책은 비범한 하나님을 만났던 63명의 삶 속으로 우리를 이끌어간다.","https://contents.kyobobook.co.kr/sih/fit-in/600x0/pdt/9788938814593.jpg"
"862","앤드류 킬패트릭","워렌 버핏 평전 1: 인물","전기","윌북","2008-07-01","전기 분야의 한국어판 도서","https://contents.kyobobook.co.kr/sih/fit-in/600x0/pdt/9788991141391.jpg"
"863","임길진평전발간위원회","임길진 더 리포머","전기","백산서당","2022-06-30","평사 임길진 박사가 살아온 역사와 추구한 철학을 담은 평전을 펴냅니다.","https://contents.kyobobook.co.kr/sih/fit-in/600x0/pdt/9788973278435.jpg"
"864","김창희","이규준 평전","전기","이글루","2024-08-14","이규준은 조선 최고의 명문가이자 당대 최고의 부잣집에서 나고 자랐으나 귀공자의 삶 대신 험난한 항일투쟁가의 길을 걸었다.","https://contents.kyobobook.co.kr/sih/fit-in/600x0/pdt/9791198788412.jpg"
"865","후카마치 히데오","쑨원: 근대화의 기로","전기","에이케이커뮤니케이션즈","2018-06-15","중국에서 가장 빨리 「전제왕조 타도」와 「민주공화국 수립」을 주창한 혁명가 쑨원은, 그 후 당에 의한 독재적 지배를 제창했다.","https://contents.kyobobook.co.kr/sih/fit-in/600x0/pdt/9791127415549.jpg"
"866","이승환","이범영 평전","전기","백산서당","2024-08-10","한국의 민주주의는 수많은 사람들의 희생과 헌신과 참여로 이루어졌다.","https://contents.kyobobook.co.kr/sih/fit-in/600x0/pdt/9788973278589.jpg"
"867","김삼웅","외솔 최현배 평전(우리말 지킴이)","전기","채륜","2018-10-09","우리말과 글을 지키는 일에 생을 바친 한자, 외솔 최현배의 삶을 돌아보는 책.","https://contents.kyobobook.co.kr/sih/fit-in/600x0/pdt/9791186096864.jpg"
"868","이용재","도서관인물 평전","전기","산지니","2013-02-28","『도서관인물 평전』은 도서관을 시민사회의 사회적 기관이자 만인을 위한 ‘민중의 대학’으로 만드는 데 일조한 국내외 도서관인물 20인을 다룬 평전으로, 도서관인물을 통해 도서관사상과 도서관운동을 소개하며 빼곡한…","https://contents.kyobobook.co.kr/sih/fit-in/600x0/pdt/9788965452102.jpg"
"869","이기형","여운형 평전 (역사인물찾기 5)","전기","실천문학사","2004-06-30","전기 분야의 한국어판 도서","https://contents.kyobobook.co.kr/sih/fit-in/600x0/pdt/9788939204867.jpg"
"870","박홍규","간디 평전","전기","들녘","2024-01-31","역사는 변화한다. 정신도, 지성도, 사상도, 사회도, 문화도, 문명도 마찬가지다.","https://contents.kyobobook.co.kr/sih/fit-in/600x0/pdt/9791159258275.jpg"
"871","김형수","문익환 평전(역사인물찾기 15)","전기","실천문학사","2004-03-30","전기 분야의 한국어판 도서","https://contents.kyobobook.co.kr/sih/fit-in/600x0/pdt/9788939204775.jpg"
"872","김삼웅","다산 정약용 평전","전기","두레","2023-03-20","‘다산(茶山)’ 하면 야트막한 차밭이 떠오른다.","https://contents.kyobobook.co.kr/sih/fit-in/600x0/pdt/9788974431556.jpg"
"873","장석흥","나창헌 평전","전기","역사공간","2023-04-11","나창헌(羅昌憲, 1896~1936)은 3·1운동을 시작으로 20여 년 동안 서거하기 직전까지 국내와 중국을 무대로 활동한 열혈 독립운동가였다.","https://contents.kyobobook.co.kr/sih/fit-in/600x0/pdt/9791157076024.jpg"
"874","김삼웅","박재혁 평전","전기","호밀밭","2019-05-11","● 3·1혁명 100주년, 민족을 위해 생명을 바쳐 싸우다 간 고결한 정신을 기리다 저자는 이제까지 인물평전 30여 권을 집필했다.","https://contents.kyobobook.co.kr/sih/fit-in/600x0/pdt/9791196572891.jpg"
"875","김경미","임윤지당 평전","전기","한겨레출판","2019-07-12","이 책은 오직 사대부 남성만이 학문을 논할 수 있는 조선사회에서 여성 최초로 당대 최고의 학문인 성리학에 도전하며 남성 독점의 지식세계를 뒤흔든 임윤지당의 삶과 학문을 복원한다.","https://contents.kyobobook.co.kr/sih/fit-in/600x0/pdt/9791160402728.jpg"
"876","김삼웅","장일순 평전","전기","두레","2019-05-22","늘 소외되고 핍박받는 사람들과 함께하면서 현실에 참여했던 무위당 장일순의 서거 25주기를 기념해 그의 생애를 단정하고 아름답게 그려낸 『장일순 평전』.","https://contents.kyobobook.co.kr/sih/fit-in/600x0/pdt/9788974431228.jpg"
"877","문희주","백천 문두언 평전","전기","지식과감성","2021-11-15","백천 문두언 선생은 일제 시기에 태어나 5년간 서당교육을 받으셨고, 그 후 보통학교를 졸업, 제주(세화)~오사카 간 여객선 군대환을 타고 일본으로 떠난다.","https://contents.kyobobook.co.kr/sih/fit-in/600x0/pdt/9791139201505.jpg"
"878","장경준","한형석 평전","전기","산지니","2020-11-05","부산 문예인의 아지트인 부산포식당의 편액에는 ‘그냥 갈 수 없잖아’라는 글귀가 새겨져있다.","https://contents.kyobobook.co.kr/sih/fit-in/600x0/pdt/9788965456773.jpg"
"879","안재성","이현상 평전","전기","실천문학사","2013-04-19","〈이현상 평전〉은 일제시대에 조국의 독립을 위해 공산당 운동에 뛰어들어 평생을 바쳤지만 빨치산 투쟁 전적만으로 후대에 평가절하된 이현상에 대한 평전이다.","https://contents.kyobobook.co.kr/sih/fit-in/600x0/pdt/9788939205840.jpg"
"880","김영모","김성우 평전","전기","궁미디어","2017-12-25","이 책은 여말선초의 역사에서 소리없이 사라진 도만호 김성우 장군(1327-1392)의 토왜행적을 현전하는 전승지명과 전적지를 중심으로 분석한 연구서이다.","https://contents.kyobobook.co.kr/sih/fit-in/600x0/pdt/9788975996450.jpg"
"881","정종욱","저우언라이 평전","전기","민음사","2020-10-23","『저우언라이 평전』은 중국인이 가장 존경하는 인물로 중국의 강인한 혁명가, 탁월한 정치가로 활약한 저우언라이의 이야기를 담은 책이다.","https://contents.kyobobook.co.kr/sih/fit-in/600x0/pdt/9788937417900.jpg"
"882","김삼웅","단재 신채호 평전","전기","시대의창","2019-03-25","이 책은 단재 선생의 생애를 연구하고 선생의 발자취를 끊임없이 찾아 새로운 자료를 발굴했던 저자의 역작이기도 하다.","https://contents.kyobobook.co.kr/sih/fit-in/600x0/pdt/9788959406937.jpg"
"883","필리프 르죈","자서전의 규약","전기","문학과지성사","2026-07-15","자서전이란 무엇인가? 자전적 소설, 회고록, 오토픽션 등과 자서전은 어떻게 다른가?","https://contents.kyobobook.co.kr/sih/fit-in/600x0/pdt/9788932045610.jpg"
"884","파라마한사 요가난다","요가난다, 영혼의 자서전","전기","뜨란","2014-08-12","스티브 잡스의 아이패드에 저장된 단 한 권의 책이며, 그가 평생 동안 해마다 한 번씩 읽었던 책이다.","https://contents.kyobobook.co.kr/sih/fit-in/600x0/pdt/9788990840288.jpg"
"885","피터 드러커","피터 드러커 자서전","전기","한국경제신문","2026-08-10","‘현대 경영학의 아버지’로 추앙받는 피터 드러커의 수많은 저작 중에서도 가장 이색적이면서도 사상적 깊이를 서사적으로 보여주는 명작인 《피터 드러커 자서전》이 20년 만에 새로운 옷을 입고 출간되었다.","https://contents.kyobobook.co.kr/sih/fit-in/600x0/pdt/9788947503099.jpg"
"886","박혜정","독서모임 그리고 베스트셀러 책 출간 이야기","자기계발","와일드북","2023-09-25","이 책의 저자들은 책의 언덕에 오르며 각자의 자리에서 독서모임의 리더로, 글을 쓰는 작가로, 청소년들의 꿈을 응원하는 강연자로, 상처받은 사람을 안아주는 상담사로 자리매김하고 있다.","https://contents.kyobobook.co.kr/sih/fit-in/600x0/pdt/9791192412573.jpg"
"887","김성근","인생은 순간이다","자기계발","다산북스","2023-11-15","대한민국 대표 야구인이자 82세의 나이에도 여전히 야구계에 몸담으며 현역으로서 활동을 이어가고 있는 김성근이 80년 인생에서 배운 깨달음과 지혜를 한 권으로 정리했다.","https://contents.kyobobook.co.kr/sih/fit-in/600x0/pdt/9791130648385.jpg"
"888","조은혜","키친 테이블 독서","자기계발","프로방스","2024-11-05","이 책에서 ‘키친 테이블’은 엄마의 역할을 내려놓고 자신의 내면을 발견하고 키우는 공간입니다.","https://contents.kyobobook.co.kr/sih/fit-in/600x0/pdt/9791164803682.jpg"
"889","오선화","청소년이라는 우주","자기계발","이상북스","2024-11-21","“아이들을 만날 때마다 놀라는 건, 막다른 길에서도 상대방을 생각한다는 것이다.… 아이들은 막다른 길에서도 곁에 있는 사람을 보며 애써 웃는다.","https://contents.kyobobook.co.kr/sih/fit-in/600x0/pdt/9791194144045.jpg"
"890","은희경","또 못 버린 물건들","자기계발","난다","2023-08-31","언제나 새로운 재미를 약속하는 소설가 은희경이 12년 만에 신작 산문 『또 못 버린 물건들』을 출판사 난다에서 펴낸다.","https://contents.kyobobook.co.kr/sih/fit-in/600x0/pdt/9791191859591.jpg"
"891","안광복","열일곱 살의 인생론","자기계발","사계절","2023-11-09","2010년 1월 출간되어 무수한 독자들로부터 ‘내 인생의 책’으로 사랑받아온 스테디셀러 『열일곱 살의 인생론』을 20쇄를 맞이하여 새롭게 선보인다.","https://contents.kyobobook.co.kr/sih/fit-in/600x0/pdt/9791169811699.jpg"
"892","심윤경","나의 아름다운 정원","자기계발","한겨레출판","2024-08-14","제7회 한겨레문학상 수상작이자 20만 독자가 감동한 스테디셀러 《나의 아름다운 정원》이 개정판으로 다시 찾아온다.","https://contents.kyobobook.co.kr/sih/fit-in/600x0/pdt/9791172131067.jpg"
"893","유영미","교사이지만, 직장인입니다","자기계발","행복한미래","2023-06-27","교사들은 스스로 ‘직장인’이라고 소개하기도 한다.","https://contents.kyobobook.co.kr/sih/fit-in/600x0/pdt/9791186463673.jpg"
"894","서현숙","소년을 읽다","자기계발","사계절","2025-04-30","누가 책을 읽어준 기억이 한 번도 없는 소년, 먹고사는 일의 급급함을 너무나 잘 아는 소년, 파란색은 9호 연두색은 10호로 구분하는 소년….","https://contents.kyobobook.co.kr/sih/fit-in/600x0/pdt/9791160947083.jpg"
"895","김영민","아침에는 죽음을 생각하는 것이 좋다","자기계발","어크로스","2023-09-15","추석이란 무엇인가, 성장이란 무엇인가, 위력이란 무엇인가.","https://contents.kyobobook.co.kr/sih/fit-in/600x0/pdt/9791167741165.jpg"
"896","우치다 다쓰루","무지의 즐거움","자기계발","유유","2024-11-04","평생 자기만의 배움을 길을 찾아 닦고 걸어오며 대중과 소통해 온 작가이자 사상가 우치다 다쓰루가 배움의 길을 묻는 한국의 독자들과 처음으로 직접 소통을 시도한다.","https://contents.kyobobook.co.kr/sih/fit-in/600x0/pdt/9791167701046.jpg"
"897","오수영","조용한 하루","자기계발","고어라운드","2023-10-23","『조용한 하루』는 한동안 항공사 승무원으로 근무했던 저자 오수영이 코로나 팬데믹이 시작되던 2020년부터 2023년인 오늘에 이르기까지 성실하게 기록해둔 사적인 메모집이다.","https://contents.kyobobook.co.kr/sih/fit-in/600x0/pdt/9791198090010.jpg"
"898","김새해","오늘부터 성장할 나에게","자기계발","필름(Feelm)","2023-05-18","다시 시작하기에 너무 늦은 것 같다는 생각이 들 때가 있다.","https://contents.kyobobook.co.kr/sih/fit-in/600x0/pdt/9791198249326.jpg"
"899","정회일","이제 시작해도 괜찮아","자기계발","차이정원","2023-03-24","“꿈에 광적으로 집중할 때, 위기는 자산이 됩니다!” 정용진 신세계 부회장이 적극 추천한 책!","https://contents.kyobobook.co.kr/sih/fit-in/600x0/pdt/9791191360660.jpg"
"900","봉태규","괜찮은 어른이 되고 싶어서","자기계발","더퀘스트","2023-05-10","배우 봉태규가 세 번째 에세이를 출간한다.","https://contents.kyobobook.co.kr/sih/fit-in/600x0/pdt/9791140704118.jpg"
"901","이설아","가족의 온도","자기계발","생각비행","2019-05-08","마음으로 읽고 그림으로 느끼는 가족의 온도!","https://contents.kyobobook.co.kr/sih/fit-in/600x0/pdt/9791189576257.jpg"
"902","문윤수","나를 성장하게 한 것은 오로지 사람이었다","자기계발","나비의활주로","2025-12-03","죽음과 삶의 경계에서 고군분투하는 권역외상센터.","https://contents.kyobobook.co.kr/sih/fit-in/600x0/pdt/9791193110874.jpg"
"903","이영희","어쩌다 어른(8주년 기념판)","자기계발","바다","2023-02-25","어느 누가 스스로를 ‘난 어른이야’ 하고 자신 있게 말할 수 있을까.","https://contents.kyobobook.co.kr/sih/fit-in/600x0/pdt/9791166891403.jpg"
"904","김교빈","명화에게 말을 걸다","자기계발","매일경제신문사","2023-09-01","이 책은 우리에게 친숙한 고흐, 밀레, 모네, 클림트 등을 포함, 프리드리히, 드가, 아서 해커, 프리다 등 다양한 화가들의 작품과 함께, 인간에게 슬픔이란 이겨내는 것이 아닌 담담하게 끌어안기 위한 수없는…","https://contents.kyobobook.co.kr/sih/fit-in/600x0/pdt/9791164846054.jpg"
"905","정성하","드리밍","자기계발","매일경제신문사","2023-01-11","꿈이 현실이 되기까지… 도전과 설렘의 여정을 기록한 아티스트 정성하의 Diary 지금은 세계적인 기타리스트가 된 정성하.","https://contents.kyobobook.co.kr/sih/fit-in/600x0/pdt/9791164845095.jpg"
"906","류수노","멋진실패","자기계발","한아름인쇄","2023-04-17","삶에서, 학문에서, 직업에서 갈 데를 모르고 헤매는 우리 시대 모든 방랑자들에게 북극성처럼 인생을 살아가는 뚜렷한 길을 제시해 줍니다.","https://contents.kyobobook.co.kr/sih/fit-in/600x0/pdt/9791197845499.jpg"
"907","남궁인","제법 안온한 날들","자기계발","문학동네","2020-03-05","응급실의 의사 남궁인이 조금 색다른 에세이로 독자를 찾아왔다.","https://contents.kyobobook.co.kr/sih/fit-in/600x0/pdt/9788954670807.jpg"
"908","그릿지선(이지선)","블로그 성장멘토 그릿지선","자기계발","호호북앤드림","2025-12-20","2020년, 멈춰버린 세상 속에서 저자는 아이가 잠든 시간 식탁 위에서 남몰래 '온라인 출근'을 시작했습니다.","https://contents.kyobobook.co.kr/sih/fit-in/600x0/pdt/9791199552944.jpg"
"909","강주원","보통의 달리기","자기계발","비로소","2023-09-11","만성 피로를 달고 살았다. 달리기는커녕 제대로 걷지도 못해서 어딜 가나 의자를 찾아 헤맸다.","https://contents.kyobobook.co.kr/sih/fit-in/600x0/pdt/9791198404404.jpg"
"910","신영준","뼈 있는 아무 말 대잔치","자기계발","로크미디어","2018-09-13","《완벽한 공부법》, 《일취월장》의 두 저자, 신영준과 고영성이 쓴 성장 에세이 『뼈 있는 아무 말 대잔치』.","https://contents.kyobobook.co.kr/sih/fit-in/600x0/pdt/9791129489159.jpg"
"911","김흥식","2027 이기적 프로그래밍기능사 필기 기본서","IT","영진닷컴","2026-09-21","《2027 이기적 프로그래밍기능사 필기 기본서》가 시험을 완벽하게 분석하여 새롭게 출간되었습니다.","https://contents.kyobobook.co.kr/sih/fit-in/600x0/pdt/9788931483307.jpg"
"912","김재민","제미니의 백엔드 개발 실무","IT","위키북스","2026-08-27","《제미니의 백엔드 개발 실무》는 커머스 백엔드를 개발하는 과정을 통해 현업 개발자의 기술적 사고법을 전한다.","https://contents.kyobobook.co.kr/sih/fit-in/600x0/pdt/9791158396954.jpg"
"913","김동규","자기주도 파이썬","IT","복두출판사","2026-08-31","「자기주도 파이썬」을 처음 출간한 이후 프로그래밍 교육 환경은 크게 달라졌다.","https://contents.kyobobook.co.kr/sih/fit-in/600x0/pdt/9791166758065.jpg"
"914","윤영빈","2026 수제비 정보처리기사 실기 기본서","IT","수제비출판사","2026-01-05","■ 최고의 단기 합격 비법서, 〈2026 수제비 정보처리기사 실기 기본서〉 2026 수제비 정보처리기사 실기 기본서는 2026년 최신 기출문제를 철저히 분석하여, 매년 변화하는 출제 트렌드에 맞춰 최단기 합격을…","https://contents.kyobobook.co.kr/sih/fit-in/600x0/pdt/9791199551039.jpg"
"915","안토니오 굴리","에이젠틱 디자인 패턴","IT","인사이트","2026-07-23","이 책은 개발자가 정교한 AI 에이전트를 구축하는 방법을 익히도록 돕는 실용적인 안내서다.","https://contents.kyobobook.co.kr/sih/fit-in/600x0/pdt/9788966265466.jpg"
"916","윤재원(단테)","코덱스 완벽 가이드","IT","골든래빗(주)","2026-02-13","진짜 개발자는 인공지능 에이전트를 어떻게 사용할까요?","https://contents.kyobobook.co.kr/sih/fit-in/600x0/pdt/9791194383772.jpg"
"917","길벗알앤디","2027 시나공 프로그래밍기능사 필기 기본서","IT","길벗","2026-08-24","올해부터 새로 실시된 ‘프로그래밍기능사’, 2026년 최신기출문제 수록!","https://contents.kyobobook.co.kr/sih/fit-in/600x0/pdt/9791140719891.jpg"
"918","박영록","심플 디자인","IT","위키북스","2026-07-09","코드 품질에 객관적인 기준이 있을까? 내가 읽기 쉬운 코드가 내 동료에게는 어려울 수 있다.","https://contents.kyobobook.co.kr/sih/fit-in/600x0/pdt/9791158396862.jpg"
"919","임승현","2026 이기적 프로그래밍기능사 실기 기본서","IT","영진닷컴","2026-02-20","본 도서는 최신 출제기준을 적용한 도서로 프로그래밍기능사 실기 시험의 출제 기준을 분석하여 수험생들이 혼자서도 학습할 수 있도록 한 완벽 대비서이다.","https://contents.kyobobook.co.kr/sih/fit-in/600x0/pdt/9788931480351.jpg"
"920","김흥식(한다맨)","2026 이기적 프로그래밍기능사 필기 기본서","IT","영진닷컴","2026-01-15","《2026 이기적 프로그래밍기능사 필기 기본서》가 자격증 전면 개편 후, 새 이름, 새 기준, 완전히 새로워진 시험에 맞게 새롭게 출간되었습니다.","https://contents.kyobobook.co.kr/sih/fit-in/600x0/pdt/9788931479737.jpg"
"921","윤인성","혼자 공부하는 파이썬","IT","한빛미디어","2022-06-01","『혼자 공부하는 파이썬』이 더욱 흥미있고 알찬 내용으로 개정되었습니다.","https://contents.kyobobook.co.kr/sih/fit-in/600x0/pdt/9791162245651.jpg"
"922","길벗알앤디","2026 시나공 프로그래밍기능사 필기 기본서","IT","길벗","2026-01-12","2026년부터 정보처리기능사가 ‘프로그래밍기능사’로 이름과 출제기준이 전면 개편됩니다.","https://contents.kyobobook.co.kr/sih/fit-in/600x0/pdt/9791140716968.jpg"
"923","길벗알앤디","2026 시나공 프로그래밍기능사 실기 기본서","IT","길벗","2026-02-02","A-Z까지 기본 탄탄, 〈2026 시나공 프로그래밍기능사 실기 기본서〉 2026년부터 정보처리기능사가 ‘프로그래밍기능사’로 이름과 출제기준이 전면 개편됩니다.","https://contents.kyobobook.co.kr/sih/fit-in/600x0/pdt/9791140717446.jpg"
"924","조영호","오브젝트","IT","위키북스","2019-06-17","객체지향으로 향하는 첫걸음은 클래스가 아니라 객체를 바라보는 것에서부터 시작한다.","https://contents.kyobobook.co.kr/sih/fit-in/600x0/pdt/9791158391409.jpg"
"925","김가림","개발자를 위한 레디스","IT","에이콘출판","2023-11-08","개발자가 인메모리 데이터베이스인 레디스를 잘 활용할 수 있도록 초점을 맞춘 포괄적인 안내서다.","https://contents.kyobobook.co.kr/sih/fit-in/600x0/pdt/9791161757926.jpg"
"926","이제민","레트로의 유니티 6 게임 프로그래밍 에센스","IT","한빛미디어","2025-02-17","유니티 입문서의 절대 강자 『레트로의 유니티 게임 프로그래밍 에센스』가 유니티 6에 맞춰 더욱 강력해진 3판으로 돌아왔다.","https://contents.kyobobook.co.kr/sih/fit-in/600x0/pdt/9791169213394.jpg"
"927","데이비드 토머스","실용주의 프로그래머(20주년 기념판)","IT","인사이트","2022-02-24","《실용주의 프로그래머》는 당신이 읽고, 또 읽고, 수년간 또다시 읽게 될 몇 안 되는 기술 서적이다.","https://contents.kyobobook.co.kr/sih/fit-in/600x0/pdt/9788966263363.jpg"
"928","우재남","난생처음 자바 프로그래밍","IT","한빛아카데미","2023-06-30","코딩의 기초부터 차근차근 알려주는 비전공자를 위한 자바 입문서 이 책은 초보자에게 어려운 자바 개념을 다양한 삽화와 도식을 통해 시각적으로 설명하여 비전공자도 쉽게 이해할 수 있도록 구성하였습니다.","https://contents.kyobobook.co.kr/sih/fit-in/600x0/pdt/9791156646624.jpg"
"929","조너선 스타인하트","한 권으로 읽는 컴퓨터 구조와 프로그래밍","IT","책만","2021-04-08","컴퓨터는 어떻게 동작하며, 컴퓨터 프로그래밍이란 무엇인가?","https://contents.kyobobook.co.kr/sih/fit-in/600x0/pdt/9791189909284.jpg"
"930","쉬웨이훙","몰입을 설계하는 게임 기획","IT","제이펍","2026-04-30","게임플레이 및 난이도 설계부터 인간의 감정을 활용한 행동 설계, 플레이어 몰입을 높이는 콘텐츠 기획, 수익 창출 및 전반적인 진행 방식 설계에 이르기까지, 경험과 감정을 창조하는 가장 근본적인 아이디어와 설계…","https://contents.kyobobook.co.kr/sih/fit-in/600x0/pdt/9791124205471.jpg"
"931","나도코딩","코딩 자율학습 나도코딩의 자바 입문","IT","길벗","2026-05-04","AI가 코드를 작성해 주는 시대, 프로그래밍을 배우지 않아도 될까요?","https://contents.kyobobook.co.kr/sih/fit-in/600x0/pdt/9791140718689.jpg"
"932","최지호(코드팩토리)","요즘 바이브 코딩 안티그래비티 완벽 가이드","IT","골든래빗(주)","2026-02-06","이 책은 구글의 차세대 코딩 에이전트 안티그래비티의 완벽 가이드북입니다.","https://contents.kyobobook.co.kr/sih/fit-in/600x0/pdt/9791194383734.jpg"
"933","로버트 나이스트롬","게임 프로그래밍 패턴","IT","한빛미디어","2016-06-01","[게임 프로그래밍 패턴]은 20년 경력의 개발자가 게임을 만들며 발견한 13가지 패턴을 정리한 책이다.","https://contents.kyobobook.co.kr/sih/fit-in/600x0/pdt/9788968482878.jpg"
"934","김영욱","프로덕트 매니지먼트","IT","한빛미디어","2023-06-08","이 책은 프로덕트 매니지먼트 전 과정을 안내한다.","https://contents.kyobobook.co.kr/sih/fit-in/600x0/pdt/9791169211130.jpg"
"935","천인국","파워자바","IT","인피니티북스","2026-01-05","새로운 프로그래밍 언어가 끊임없이 등장하는 오늘날에도 ‘자바’는 여전히 가장 사랑받는 언어다.","https://contents.kyobobook.co.kr/sih/fit-in/600x0/pdt/9791175330061.jpg"
"936","이종원","시스템 프로그래밍 리눅스&유닉스","IT","한빛아카데미","2021-10-15","① 리눅스&유닉스 최신 버전 반영 리눅스는 우분투 20.04 LTS(gcc 9.3.0), 유닉스는 솔라리스 11.4(gcc 7.3.0)로 설명합니다.","https://contents.kyobobook.co.kr/sih/fit-in/600x0/pdt/9791156645580.jpg"
"937","고현민","혼자 공부하는 얄팍한 코딩 지식","IT","한빛미디어","2024-06-04","『혼자 공부하는 얄팍한 코딩 지식(개정판)』은 IT 지식을 처음 배우기 시작한 입문자가 ‘꼭 필요한 내용을 제대로 학습’할 수 있도록 구성했습니다.","https://contents.kyobobook.co.kr/sih/fit-in/600x0/pdt/9791169212151.jpg"
"938","브렛 슬라킨","이펙티브 파이썬","IT","길벗","2026-02-27","2015년 1판이 출간된 이후 파이썬 프로그래밍 분야에서 독보적인 존재감을 지켜 온 『이펙티브 파이썬』은 파이썬을 ‘쓸 줄 아는 코드’에서 ‘설계할 줄 아는 코드’로 끌어올리고, 개발자의 역량을 한 단계…","https://contents.kyobobook.co.kr/sih/fit-in/600x0/pdt/9791140717781.jpg"
"939","오시내","올인원 피그마","IT","제이펍","2025-12-04","이 책은 단순한 도구 설명서가 아니다.","https://contents.kyobobook.co.kr/sih/fit-in/600x0/pdt/9791194587866.jpg"
"940","욘 옝세","기본기부터 다시 새기는 러스트 특강","IT","인사이트","2026-02-16","미국 백악관의 메모리 안전한 프로그래밍 언어 사용 권고, 리눅스 커널 개발 공식 언어 채택, 마이크로소프트에서의 점진적 도입 등 러스트는 시스템 프로그래밍 분야에서 C·C++의 대안으로 서서히 자리를 잡아 가고…","https://contents.kyobobook.co.kr/sih/fit-in/600x0/pdt/9788966265169.jpg"
"941","김충석","알기 쉽게 해설한 자바 프로그래밍","IT","한빛아카데미","2023-02-12","이 책은 자바로 프로그래밍을 시작하는 입문자에게 적합합니다.","https://contents.kyobobook.co.kr/sih/fit-in/600x0/pdt/9791156646488.jpg"
"942","김우근","자바/스프링 개발자를 위한 실용주의 프로그래밍","IT","위키북스","2024-06-11","소프트웨어 개발을 잘하고 싶다면 ‘개발’ 공부를 해야 합니다!","https://contents.kyobobook.co.kr/sih/fit-in/600x0/pdt/9791158395155.jpg"
"943","스콧 블라신","도메인 주도 설계를 위한 함수형 프로그래밍","IT","제이펍","2025-11-20","함수형 프로그래밍과 도메인 주도 설계가 만났다.","https://contents.kyobobook.co.kr/sih/fit-in/600x0/pdt/9791194587897.jpg"
"944","정보근","코틀린&스프링 부트로 개발은 처음인데요","IT","더 타이즈","2026-01-12","무엇을 모르는지 알아가는 진짜 학습의 시작!","https://contents.kyobobook.co.kr/sih/fit-in/600x0/pdt/9788966265138.jpg"
"945","엘튼 스톤맨","쿠버네티스 교과서","IT","길벗","2023-08-30","쿠버네티스는 지금도 변화 중이고 거대한 기능을 갖춘 강력한 플랫폼이다.","https://contents.kyobobook.co.kr/sih/fit-in/600x0/pdt/9791140706181.jpg"
"946","박태준","한 권으로 배우는 게임 프로그래밍","IT","한빛미디어","2024-10-28","이 책은 특정 엔진이나 기술에 국한되지 않고 게임 개발의 전반적인 개념과 지식을 다룬다.","https://contents.kyobobook.co.kr/sih/fit-in/600x0/pdt/9791169213035.jpg"
"947","창병모","프로그래밍 언어론: 원리와 실제","IT","인피니티북스","2021-02-01","이 책은 프로그래밍 언어의 주요 이론과 원리를 학습하고 실습해볼 수 있도록 구성되어 있다.","https://contents.kyobobook.co.kr/sih/fit-in/600x0/pdt/9791185578729.jpg"
"948","강성윤","깡샘의 플러터 & 다트 프로그래밍","IT","이지스퍼블리싱","2023-02-06","매년 수백 명의 개발자를 양성하는 IT 전문 강사이자 안드로이드 베스트셀러의 저자인 ‘깡샘’이 플러터 책으로 돌아왔다.","https://contents.kyobobook.co.kr/sih/fit-in/600x0/pdt/9791163034568.jpg"
"949","조슈아 글레이저","멀티플레이어 게임 프로그래밍","IT","길벗","2017-04-26","[리그 오브 레전드], [디스트로이 올 휴먼즈] 시리즈를 컨설팅하고 [로보블리츠], [맥스 액스], [스크랩 포스]를 개발한 조슈아 글레이저와 [메달 오브 아너: 퍼시픽 어썰트], [반지의 제왕: 컨퀘스트]…","https://contents.kyobobook.co.kr/sih/fit-in/600x0/pdt/9791160501445.jpg"
"950","윤인성","자바스크립트 프로그래밍 입문","IT","한빛아카데미","2022-01-03","이 책은 자바스크립트의 기본 단계와 응용 단계로 나누어 다룹니다.","https://contents.kyobobook.co.kr/sih/fit-in/600x0/pdt/9791156645887.jpg"
"951","고승원","디자인 씽킹을 넘어 프로그래밍 씽킹으로","IT","비제이퍼블릭","2021-01-29","4차 산업혁명 시대, 프로그래밍이 정규 교육 과정에 포함되어 초등학생도 코딩을 배우기 시작했다.","https://contents.kyobobook.co.kr/sih/fit-in/600x0/pdt/9791165920418.jpg"
"952","강수진","프롬프트 엔지니어의 업무일지","IT","리코멘드","2024-08-20","2022년 11월! 챗GPT라는 ‘대화형 AI’가 등장했을 때의 충격을 아직도 잊을 수 없다.","https://contents.kyobobook.co.kr/sih/fit-in/600x0/pdt/9791194084037.jpg"
"953","성낙현","리액트 잘하는 개발자 되기","IT","골든래빗(주)","2025-11-07","환영합니다. 리액트를 잘하고 싶은데 어떻게 할지 모르겠는 분이라면, 잘 찾아오셨습니다.","https://contents.kyobobook.co.kr/sih/fit-in/600x0/pdt/9791194383536.jpg"
"954","보리스 체르니","타입스크립트 프로그래밍","IT","인사이트","2020-05-27","타입스크립트는 자바스크립트의 슈퍼셋 프로그래밍 언어로, 동적 타입 언어인 자바스크립트의 단점을 보완하기 위해 탄생했다.","https://contents.kyobobook.co.kr/sih/fit-in/600x0/pdt/9788966262601.jpg"
"955","조현영","타입스크립트 교과서","IT","길벗","2023-08-16","Q: 타입스크립트를 어떻게 공부해야 할까요?","https://contents.kyobobook.co.kr/sih/fit-in/600x0/pdt/9791140705900.jpg"
"956","정희중","예술생리학적 인간","철학","역락","2026-08-24","꿈이 언제나 몰락하든 말든, 의식이 발달한 존재로서 인간은, 의식을 중심으로 발달된 지식 문화 속에서, 의식이 바라보는 현실을 기준으로 산다.","https://contents.kyobobook.co.kr/sih/fit-in/600x0/pdt/9791173963377.jpg"
"957","교있사(김준석)","교양 있고 싶은 사람을 위한 최소한의 철학","철학","딥앤와이드","2026-08-05","인문 교양에 대한 관심은 높아졌지만, 정작 철학책은 서문에서 덮이는 경우가 많다.","https://contents.kyobobook.co.kr/sih/fit-in/600x0/pdt/9791191369809.jpg"
"958","고요엘","옥스브리지의 철학 수업","철학","상상스퀘어","2026-09-02","AI는 세상의 풍경을 바꿨다. 오늘도 우리는 몇 번이나 질문을 입력한다.","https://contents.kyobobook.co.kr/sih/fit-in/600x0/pdt/9791124248584.jpg"
"959","김철","그라시안의 사람을 읽는 눈","철학","히읏","2026-07-29","당신은 사람에 대해서 얼마나 알고 있는가.","https://contents.kyobobook.co.kr/sih/fit-in/600x0/pdt/9791192559957.jpg"
"960","이클립스","서열의 교양","철학","모티브","2026-08-18","《서열의 교양: 알고도 모른 척해야 하는 지위의 법칙》은 우리가 애써 외면하지만 일상 곳곳에서 작동하는 인간의 ‘서열’과 ‘지위 게임’을 파헤치는 책입니다.","https://contents.kyobobook.co.kr/sih/fit-in/600x0/pdt/9791176880268.jpg"
"961","코이케 류노스케","초역 부처의 말 필사집","철학","포레스트북스","2025-03-19","“집착하지 마라, 세상만사에 집착하지 않으면 문제가 없다.” 「부처」 출간 즉시 베스트셀러, 계속해서 분야 1위를 기록하며 독자들의 뜨거운 사랑을 받는『초역 부처의 말』이 필사할 수 있도록 구성을 바꿔 『초역…","https://contents.kyobobook.co.kr/sih/fit-in/600x0/pdt/9791194530213.jpg"
"962","김용규","철학카페에서 문학 읽기","철학","웅진지식하우스","2026-07-24","2006년 출간 이후 10만 독자의 사랑을 받으며 인문 교양의 클래식으로 자리잡아온 《철학카페에서 문학 읽기》가 초판 발행 20주년을 맞아 개정증보판으로 새롭게 독자들과 만난다.","https://contents.kyobobook.co.kr/sih/fit-in/600x0/pdt/9788901300290.jpg"
"963","빅터 프랭클","죽음의 수용소 이후","철학","북하우스","2026-06-29","단행본으로 최초 공개된 빅터 프랭클의 미출간 유고작.","https://contents.kyobobook.co.kr/sih/fit-in/600x0/pdt/9791164053629.jpg"
"964","페터 비에리","자기 결정","철학","은행나무","2015-09-21","『자기 결정』은 독일의 저명 철학자이자 《리스본행 야간열차》의 작가 페터 비에리 교수의 신작으로, 전작 《삶의 격》에 이은 ‘삶과 존엄’ 3부작 중 두 번째 책이다.","https://contents.kyobobook.co.kr/sih/fit-in/600x0/pdt/9788956609249.jpg"
"965","강용수","마흔에 읽는 쇼펜하우어","철학","유노북스","2025-12-04","마흔의 마음은 복잡하다. 수많은 시험을 치르고 자리 잡기 시작했지만, 남은 인생이 기대되기보다 반복되는 일상이 짐스럽기만 하다.","https://contents.kyobobook.co.kr/sih/fit-in/600x0/pdt/9791192300818.jpg"
"966","루키우스 안나이우스 세네카","인생의 짧음에 대하여","철학","현대지성","2025-08-01","시간이 부족하다고 느끼는가? 늘 바쁘고, 할 일은 많고, 하루가 순식간에 사라지는가?","https://contents.kyobobook.co.kr/sih/fit-in/600x0/pdt/9791139725636.jpg"
"967","이은선","한나 아렌트의 전체주의의 기원 읽기","철학","세창미디어","2026-08-18","이 책은 두 차례의 세계대전이라는 인류사적 참사를 불러온 ‘전체주의’가 어떻게 발전하고 강화되었는지를 탐구한 한나 아렌트의 주저, 󰡔전체주의의 기원󰡕의 해설서이다.","https://contents.kyobobook.co.kr/sih/fit-in/600x0/pdt/9788955868579.jpg"
"968","에릭 사댕","멸종 위기의 사고","철학","헤이북스","2026-08-07","2022년 12월 오픈AI가 챗GPT를 발표한 뒤 인공지능 기술의 진화와 산업 규모의 성장이 빠르게 진행되었다.","https://contents.kyobobook.co.kr/sih/fit-in/600x0/pdt/9791188366460.jpg"
"969","쇠얀 키르케고르","철학의 부스러기","철학","카리스아카데미","2026-08-31","철학 분야의 한국어판 도서","https://contents.kyobobook.co.kr/sih/fit-in/600x0/pdt/9791192348599.jpg"
"970","히라야마 미키","질문으로 배우는 어린이 철학","철학","아이스크림미디어","2026-08-17","인공 지능은 답을 척척 알려 주지만, 내 생각까진 알려 주지 않아요.","https://contents.kyobobook.co.kr/sih/fit-in/600x0/pdt/9791159295584.jpg"
"971","마인드스테이","불안 비우기 연습","철학","리틀비프레스","2026-06-25","밀어낼수록 커지는 불안, 그 이유가 있습니다 ‘채움’에 지쳐 ‘비움’을 갈망하는 당신을 위한 가장 고요한 리추얼 『금강경』 × 『반야심경』 초역 아포리즘 100 불안을 없애야 한다고, 아무렇지 않아야 한다고…","https://contents.kyobobook.co.kr/sih/fit-in/600x0/pdt/9791194451396.jpg"
"972","크리스토프 크바르히","일상의 질문에 답하는 짧은 철학책","철학","갈매나무","2026-06-30","매일 똑같은 출퇴근길을 오가고, 습관대로 업무를 보고, SNS를 들여다보며 하루를 마무리하기까지, 반복되는 일상에 어떤 의미가 있는지 고개를 갸웃거려 본 경험이 있을 것이다.","https://contents.kyobobook.co.kr/sih/fit-in/600x0/pdt/9791124226131.jpg"
"973","이케다 다이사쿠","철학 르네상스의 대화","철학","중앙일보S","2026-07-03","철학 분야의 한국어판 도서","https://contents.kyobobook.co.kr/sih/fit-in/600x0/pdt/9788927881759.jpg"
"974","고쿠분 고이치로","우리는 왜 그냥 즐기지 못할까","철학","유유","2026-05-24","세상의 모든 행위는 어떤 목표를 성취하기 위한 수단으로 여겨진다.","https://contents.kyobobook.co.kr/sih/fit-in/600x0/pdt/9791167701534.jpg"
"975","쓰쓰미 구미코","사르트르의 인생수업","철학","더블북","2026-05-21","스마트폰과 AI가 세상을 지배하는 오늘날, 우리는 역설적으로 풍요 속의 빈곤을 느낀다.","https://contents.kyobobook.co.kr/sih/fit-in/600x0/pdt/9791124455050.jpg"
"976","장 프랑수아 리오타르","비인간","철학","이비","2026-05-31","철학자 리오타르의 시간에 관한 사유를 담은 책이다.","https://contents.kyobobook.co.kr/sih/fit-in/600x0/pdt/9791199155244.jpg"
"977","박은미","철학은 어떻게 불안을 이기는가","철학","서사원","2026-08-13","이기적 쾌락주의자로 오해받아 온 에피쿠로스는 사실 근거 없는 공포와 불안에 휩싸이는 사람들에게 존재하는 방식, 살아가는 방식, 관계 맺는 방식에서 모범을 제시하고자 노력한 철학자였다.","https://contents.kyobobook.co.kr/sih/fit-in/600x0/pdt/9791168226142.jpg"
"978","알베르 카뮈","내면혁명(2.알베르 카뮈)","철학","이너스북스","2026-08-10","『내면혁명 : 세상의 부조리를 직시하는 순간, 인간은 비로소 자신의 주인이 된다』는 프랑스의 철학자 알베르 카뮈의 사상을 통해, 혼란스러운 세상 속에서도 흔들리지 않는 내면을 세우는 방법을 전하는 책입니다.","https://contents.kyobobook.co.kr/sih/fit-in/600x0/pdt/9791124649640.jpg"
"979","김용하","서른의 불안을 다루는 법","철학","헤이북스","2026-07-01","왜 서른의 불안 앞에 다시 에피쿠로스인가?","https://contents.kyobobook.co.kr/sih/fit-in/600x0/pdt/9791188366446.jpg"
"980","랄프 왈도 에머슨","내면혁명(1.랄프 왈도 에머슨)","철학","이너스북스","2026-07-13","『내면혁명』은 19세기 미국 초월주의 철학자 랄프 왈도 에머슨의 핵심 사상을 오늘날의 독자들이 쉽게 읽고 실천할 수 있도록 엮은 철학서입니다.","https://contents.kyobobook.co.kr/sih/fit-in/600x0/pdt/9791124649282.jpg"
"981","김문식","빵 굽는 철학자","철학","미다스북스","2026-07-27","“만 년 전, 누군가 타인을 위해 빵을 구웠다.","https://contents.kyobobook.co.kr/sih/fit-in/600x0/pdt/9791176820240.jpg"
"982","이충진","철학자의 신","철학","소요서가","2026-08-01","무너지는 세계에서 철학은 다시 신을 물었다.","https://contents.kyobobook.co.kr/sih/fit-in/600x0/pdt/9791199202665.jpg"
"983","에피쿠로스 외","에피쿠로스의 쾌락과 행복","철학","북커스","2026-06-30","고대 그리스 철학자 에피쿠로스는 오랫동안 ‘쾌락주의자’라는 이름으로 불려 왔다.","https://contents.kyobobook.co.kr/sih/fit-in/600x0/pdt/9791124587003.jpg"
"984","심종석","자연은 답을 알고 있다","철학","북랩","2026-08-10","인간은 자연을 이해할 때 비로소 자신을 이해한다!","https://contents.kyobobook.co.kr/sih/fit-in/600x0/pdt/9791175984196.jpg"
"985","이즐라","철학자의 말 사전","철학","가나출판사","2026-07-17","학교생활을 하면서 궁금한 게 생길 때마다, 딱 맞는 철학자를 만나 보세요.","https://contents.kyobobook.co.kr/sih/fit-in/600x0/pdt/9791168092716.jpg"
"986","김범준","잠들기 전 마지막 생각이 내일을 결정한다","철학","웨일북(whalebooks)","2026-07-15","""잠들기 전, 당신 손에 쥐고 있는 것은 무엇입니까?"" 오늘도 알고리즘에 하루의 마지막 시간을 내어주고 비교와 자책을 안은 채 잠드는 당신을 위한 한 권의 책 깊은 밤, 철학자의 한 문장이 내일을 바꾼다 너무…","https://contents.kyobobook.co.kr/sih/fit-in/600x0/pdt/9791194627289.jpg"
"987","프리드리히 니체","인생, 니체는 이렇게 말했다 필사책","철학","정민미디어","2026-07-15","니체의 어록을 필사한다는 것은 그의 문장을 단순히 베껴 쓰는 일이 아니다.","https://contents.kyobobook.co.kr/sih/fit-in/600x0/pdt/9791124022177.jpg"
"988","변광배","카뮈의 시지프 신화 읽기","철학","세창미디어","2026-07-06","『시지프 신화』는 흔히 ‘부조리의 철학’으로 알려져 있지만, 실은 절망을 넘어 삶을 긍정하는 카뮈의 가장 뜨거운 철학이 담긴 작품이다.","https://contents.kyobobook.co.kr/sih/fit-in/600x0/pdt/9788955868593.jpg"
"989","정선애","율곡 이이의 마음 나침반","철학","아주좋은날","2026-07-23","한순간의 즐거움을 불나방처럼 좇는 '도파민 중독' 시대.","https://contents.kyobobook.co.kr/sih/fit-in/600x0/pdt/9791192058719.jpg"
"990","조엘 레비","사고실험","철학","이김","2026-08-01","AI가 답을 내놓는 시대, 인간에게 더 중요해진 것은 정답을 빠르게 얻는 능력이 아니라 자기만의 판단에 이르는 과정이다.","https://contents.kyobobook.co.kr/sih/fit-in/600x0/pdt/9791189680602.jpg"
"991","라이언 홀리데이","데일리 필로소피","철학","다산초당","2021-12-24","『타이탄의 도구들』 팀 페리스, 트위터 CEO 잭 도시의 철학 멘토 라이언 홀리데이 최고의 역작.","https://contents.kyobobook.co.kr/sih/fit-in/600x0/pdt/9791130679365.jpg"
"992","레프 톨스토이","삶은 사유가 아니라 돌파다","철학","페이지2북스","2026-06-24","톨스토이는 19세기 러시아 문학을 떠받친 대문호이자, 『전쟁과 평화』, 『안나 카레니나』로 세계적 명성과 부를 거머쥔 작가다.","https://contents.kyobobook.co.kr/sih/fit-in/600x0/pdt/9791169852067.jpg"
"993","에픽테토스","엥케이리디온","철학","그린비","2025-03-31","에픽테토스의 열렬한 제자였던 아리아노스는 스승의 강의를 정리‧편집하여 『강의』라는 책을 펴냈고, 다시 이 『강의』에서 도덕적 규칙들과 철학의 원리를 간추려 뽑아 『엥케이리디온』이라는 책자를 펴냈다.","https://contents.kyobobook.co.kr/sih/fit-in/600x0/pdt/9791194513087.jpg"
"994","루키우스 안나이우스 세네카","화에 대하여","철학","현대지성","2025-08-01","“감정에 휘둘리지 말고, 당신 삶의 주인이 되라” 무너질 것 같은 순간마다, 2000년을 살아남아 우리를 위로한 문장이 있었다.","https://contents.kyobobook.co.kr/sih/fit-in/600x0/pdt/9791139725612.jpg"
"995","라이너 풍크","우리는 여전히 삶을 사랑하는가","철학","김영사","2022-02-11","명실상부한 사랑의 철학자인 에리히 프롬이 이제 《사랑의 기술》이 말하는 관계의 사랑을 넘어, 보다 더 근본적이고 모든 사랑의 핵심인 ‘삶에 대한 사랑’을 말한다.","https://contents.kyobobook.co.kr/sih/fit-in/600x0/pdt/9788934949671.jpg"
"996","최진석","인간이 그리는 무늬","철학","소나무","2023-12-10","스티브 잡스는 인간의 손 안에 세계를 쥐어 주었다.","https://contents.kyobobook.co.kr/sih/fit-in/600x0/pdt/9788971391105.jpg"
"997","지바 마사야","현대사상 입문","철학","아르테(arte)","2023-05-30","현재 일본에서 가장 주목받는 젊은 철학자이자, 21세기 일본 철학의 흐름을 바꾸고 있다고 평가받는 지바 마사야의 신간 『현대사상 입문(現代思想入門)』이 아르테 필로스 시리즈 19번 도서로 출간되었다.","https://contents.kyobobook.co.kr/sih/fit-in/600x0/pdt/9788950927400.jpg"
"998","김만권","외로움의 습격","철학","혜다","2023-12-15","2018년 1월, 영국에서 세계 최초로 외로움부 장관이 탄생했다.","https://contents.kyobobook.co.kr/sih/fit-in/600x0/pdt/9791191183276.jpg"
"999","존 스튜어트 밀","자유론","철학","책세상","2025-03-10","《자유론》의 저자인 존 스튜어트 밀은 영국의 철학자, 경제학자, 사회개혁가로 자유주의와 개인주의 철학의 중요한 이론적 기초를 세운 인물이다.","https://contents.kyobobook.co.kr/sih/fit-in/600x0/pdt/9791171311606.jpg"
"1000","루트비히 비트겐슈타인","당신의 말이 곧 당신의 수준이다","철학","모티브","2025-12-23","루트비히 비트겐슈타인은 부유한 집안에서 태어났지만, 그 삶은 결코 안락하지 않았습니다.","https://contents.kyobobook.co.kr/sih/fit-in/600x0/pdt/9791194600831.jpg"
