"run_id","round_size","match_order","left_book_id","right_book_id","winner_book_id"
"1","16","0","166","199","166"
"1","16","1","4","228","228"
"1","16","2","163","196","196"
"1","16","3","1","229","1"
"1","16","4","164","197","164"
"1","16","5","2","230","2"
"1","16","6","165","198","198"
"1","16","7","3","231","231"
"1","8","0","166","228","166"
"1","8","1","196","1","196"
"1","8","2","164","2","164"
"1","8","3","198","231","231"
"1","4","0","166","196","196"
"1","4","1","164","231","231"
"1","2","0","196","231","196"
"2","16","0","246","301","246"
"2","16","1","274","247","274"
"2","16","2","302","275","302"
"2","16","3","248","303","303"
"2","16","4","276","249","249"
"2","16","5","304","277","277"
"2","16","6","250","305","250"
"2","16","7","300","273","300"
"2","8","0","246","274","274"
"2","8","1","302","303","303"
"2","8","2","249","277","277"
"2","8","3","250","300","250"
"2","4","0","274","303","274"
"2","4","1","277","250","277"
"2","2","0","274","277","277"
"3","16","0","371","322","322"
"3","16","1","396","347","347"
"3","16","2","372","323","323"
"3","16","3","397","348","397"
"3","16","4","373","320","373"
"3","16","5","394","345","394"
"3","16","6","370","321","321"
"3","16","7","395","346","346"
"3","8","0","322","347","322"
"3","8","1","323","397","323"
"3","8","2","373","394","373"
"3","8","3","321","346","346"
"3","4","0","322","323","323"
"3","4","1","373","346","373"
"3","2","0","323","373","323"
"4","16","0","480","481","480"
"4","16","1","482","483","482"
"4","16","2","493","494","493"
"4","16","3","495","496","496"
"4","16","4","497","498","498"
"4","16","5","499","476","476"
"4","16","6","500","477","500"
"4","16","7","478","479","478"
"4","8","0","480","482","482"
"4","8","1","493","496","496"
"4","8","2","498","476","476"
"4","8","3","500","478","500"
"4","4","0","482","496","482"
"4","4","1","476","500","500"
"4","2","0","482","500","500"
"5","16","0","365","43","43"
"5","16","1","730","408","408"
"5","16","2","86","773","773"
"5","16","3","451","129","451"
"5","16","4","816","494","816"
"5","16","5","172","859","172"
"5","16","6","537","215","215"
"5","16","7","902","687","687"
"5","8","0","43","408","43"
"5","8","1","773","451","773"
"5","8","2","816","172","816"
"5","8","3","215","687","687"
"5","4","0","43","773","773"
"5","4","1","816","687","816"
"5","2","0","773","816","773"
"6","16","0","438","933","438"
"6","16","1","419","914","419"
"6","16","2","400","895","400"
"6","16","3","381","876","876"
"6","16","4","362","857","857"
"6","16","5","495","990","495"
"6","16","6","476","971","476"
"6","16","7","457","952","457"
"6","8","0","438","419","419"
"6","8","1","400","876","876"
"6","8","2","857","495","857"
"6","8","3","476","457","476"
"6","4","0","419","876","419"
"6","4","1","857","476","476"
"6","2","0","419","476","476"
"7","16","0","70","244","244"
"7","16","1","418","592","418"
"7","16","2","766","174","766"
"7","16","3","348","522","348"
"7","16","4","696","870","870"
"7","16","5","35","209","209"
"7","16","6","383","557","557"
"7","16","7","731","905","731"
"7","8","0","244","418","244"
"7","8","1","766","348","348"
"7","8","2","870","209","209"
"7","8","3","557","731","731"
"7","4","0","244","348","244"
"7","4","1","209","731","209"
"7","2","0","244","209","209"
"8","16","0","228","163","228"
"8","16","1","196","1","1"
"8","16","2","229","164","164"
"8","16","3","197","2","2"
"8","16","4","230","165","230"
"8","16","5","198","3","198"
"8","16","6","231","166","231"
"8","16","7","199","4","4"
"8","8","0","228","1","1"
"8","8","1","164","2","164"
"8","8","2","230","198","230"
"8","8","3","231","4","231"
"8","4","0","1","164","164"
"8","4","1","230","231","231"
"8","2","0","164","231","164"
"9","16","0","247","302","247"
"9","16","1","275","248","275"
"9","16","2","303","276","303"
"9","16","3","249","304","304"
"9","16","4","277","250","250"
"9","16","5","305","300","300"
"9","16","6","273","246","273"
"9","16","7","301","274","301"
"9","8","0","247","275","275"
"9","8","1","303","304","304"
"9","8","2","250","300","300"
"9","8","3","273","301","273"
"9","4","0","275","304","275"
"9","4","1","300","273","300"
"9","2","0","275","300","300"
"10","16","0","347","372","372"
"10","16","1","323","397","397"
"10","16","2","348","373","373"
"10","16","3","320","394","320"
"10","16","4","345","370","345"
"10","16","5","321","395","321"
"10","16","6","346","371","371"
"10","16","7","322","396","396"
"10","8","0","372","397","372"
"10","8","1","373","320","373"
"10","8","2","345","321","345"
"10","8","3","371","396","396"
"10","4","0","372","373","373"
"10","4","1","345","396","396"
"10","2","0","373","396","373"
"11","16","0","592","766","766"
"11","16","1","174","348","174"
"11","16","2","522","696","522"
"11","16","3","870","35","870"
"11","16","4","209","383","383"
"11","16","5","557","731","731"
"11","16","6","905","70","70"
"11","16","7","244","418","244"
"11","8","0","766","174","766"
"11","8","1","522","870","870"
"11","8","2","383","731","731"
"11","8","3","70","244","244"
"11","4","0","766","870","766"
"11","4","1","731","244","731"
"11","2","0","766","731","731"
"12","16","0","451","129","129"
"12","16","1","816","494","494"
"12","16","2","172","859","859"
"12","16","3","537","215","537"
"12","16","4","902","687","902"
"12","16","5","365","43","365"
"12","16","6","730","408","408"
"12","16","7","86","773","773"
"12","8","0","129","494","129"
"12","8","1","859","537","859"
"12","8","2","902","365","902"
"12","8","3","408","773","773"
"12","4","0","129","859","859"
"12","4","1","902","773","902"
"12","2","0","859","902","859"
"13","16","0","381","876","381"
"13","16","1","362","857","362"
"13","16","2","495","990","495"
"13","16","3","476","971","971"
"13","16","4","457","952","952"
"13","16","5","438","933","933"
"13","16","6","419","914","419"
"13","16","7","400","895","400"
"13","8","0","381","362","362"
"13","8","1","495","971","971"
"13","8","2","952","933","933"
"13","8","3","419","400","419"
"13","4","0","362","971","362"
"13","4","1","933","419","419"
"13","2","0","362","419","419"
"14","16","0","667","496","496"
"14","16","1","325","154","154"
"14","16","2","992","821","821"
"14","16","3","650","479","650"
"14","16","4","308","137","308"
"14","16","5","975","804","975"
"14","16","6","633","462","462"
"14","16","7","291","838","838"
"14","8","0","496","154","496"
"14","8","1","821","650","821"
"14","8","2","308","975","308"
"14","8","3","462","838","838"
"14","4","0","496","821","821"
"14","4","1","308","838","308"
"14","2","0","821","308","821"
"15","16","0","249","304","304"
"15","16","1","277","250","277"
"15","16","2","305","300","305"
"15","16","3","273","246","273"
"15","16","4","301","274","274"
"15","16","5","247","302","302"
"15","16","6","275","248","248"
"15","16","7","303","276","303"
"15","8","0","304","277","304"
"15","8","1","305","273","273"
"15","8","2","274","302","302"
"15","8","3","248","303","303"
"15","4","0","304","273","304"
"15","4","1","302","303","302"
"15","2","0","304","302","302"
"16","16","0","320","394","320"
"16","16","1","345","370","370"
"16","16","2","321","395","395"
"16","16","3","346","371","371"
"16","16","4","322","396","322"
"16","16","5","347","372","347"
"16","16","6","323","397","323"
"16","16","7","348","373","373"
"16","8","0","320","370","370"
"16","8","1","395","371","395"
"16","8","2","322","347","322"
"16","8","3","323","373","323"
"16","4","0","370","395","395"
"16","4","1","322","323","323"
"16","2","0","395","323","395"
"17","16","0","498","499","498"
"17","16","1","476","500","476"
"17","16","2","477","478","477"
"17","16","3","479","480","480"
"17","16","4","481","482","482"
"17","16","5","483","493","493"
"17","16","6","494","495","494"
"17","16","7","496","497","496"
"17","8","0","498","476","476"
"17","8","1","477","480","480"
"17","8","2","482","493","493"
"17","8","3","494","496","494"
"17","4","0","476","480","476"
"17","4","1","493","494","493"
"17","2","0","476","493","493"
"18","16","0","494","172","172"
"18","16","1","859","537","537"
"18","16","2","215","902","902"
"18","16","3","687","365","687"
"18","16","4","43","730","43"
"18","16","5","408","86","408"
"18","16","6","773","451","451"
"18","16","7","129","816","816"
"18","8","0","172","537","172"
"18","8","1","902","687","902"
"18","8","2","43","408","43"
"18","8","3","451","816","816"
"18","4","0","172","902","902"
"18","4","1","43","816","816"
"18","2","0","902","816","902"
"19","16","0","857","495","857"
"19","16","1","990","476","990"
"19","16","2","971","457","971"
"19","16","3","952","438","438"
"19","16","4","933","419","419"
"19","16","5","914","400","400"
"19","16","6","895","381","895"
"19","16","7","876","362","876"
"19","8","0","857","990","990"
"19","8","1","971","438","438"
"19","8","2","419","400","400"
"19","8","3","895","876","895"
"19","4","0","990","438","990"
"19","4","1","400","895","895"
"19","2","0","990","895","895"
"20","16","0","154","992","992"
"20","16","1","821","650","650"
"20","16","2","479","308","308"
"20","16","3","137","975","137"
"20","16","4","804","633","804"
"20","16","5","462","291","462"
"20","16","6","838","667","667"
"20","16","7","496","325","325"
"20","8","0","992","650","992"
"20","8","1","308","137","308"
"20","8","2","804","462","804"
"20","8","3","667","325","325"
"20","4","0","992","308","308"
"20","4","1","804","325","804"
"20","2","0","308","804","308"
"21","16","0","870","35","35"
"21","16","1","209","383","209"
"21","16","2","557","731","557"
"21","16","3","905","70","905"
"21","16","4","244","418","418"
"21","16","5","592","766","766"
"21","16","6","174","348","348"
"21","16","7","522","696","522"
"21","8","0","35","209","35"
"21","8","1","557","905","905"
"21","8","2","418","766","766"
"21","8","3","348","522","522"
"21","4","0","35","905","35"
"21","4","1","766","522","766"
"21","2","0","35","766","766"
"22","16","0","165","198","165"
"22","16","1","3","231","231"
"22","16","2","166","199","199"
"22","16","3","4","228","228"
"22","16","4","163","196","163"
"22","16","5","1","229","1"
"22","16","6","164","197","164"
"22","16","7","2","230","230"
"22","8","0","165","231","231"
"22","8","1","199","228","199"
"22","8","2","163","1","163"
"22","8","3","164","230","164"
"22","4","0","231","199","199"
"22","4","1","163","164","164"
"22","2","0","199","164","199"
"23","16","0","250","305","305"
"23","16","1","300","273","300"
"23","16","2","246","301","246"
"23","16","3","274","247","274"
"23","16","4","302","275","275"
"23","16","5","248","303","303"
"23","16","6","276","249","249"
"23","16","7","304","277","304"
"23","8","0","305","300","305"
"23","8","1","246","274","274"
"23","8","2","275","303","303"
"23","8","3","249","304","304"
"23","4","0","305","274","305"
"23","4","1","303","304","303"
"23","2","0","305","303","303"
"24","16","0","370","321","370"
"24","16","1","395","346","346"
"24","16","2","371","322","322"
"24","16","3","396","347","347"
"24","16","4","372","323","372"
"24","16","5","397","348","397"
"24","16","6","373","320","373"
"24","16","7","394","345","345"
"24","8","0","370","346","346"
"24","8","1","322","347","322"
"24","8","2","372","397","372"
"24","8","3","373","345","373"
"24","4","0","346","322","322"
"24","4","1","372","373","373"
"24","2","0","322","373","322"
"25","16","0","500","477","477"
"25","16","1","478","479","478"
"25","16","2","480","481","480"
"25","16","3","482","483","482"
"25","16","4","493","494","494"
"25","16","5","495","496","496"
"25","16","6","497","498","498"
"25","16","7","499","476","499"
"25","8","0","477","478","477"
"25","8","1","480","482","482"
"25","8","2","494","496","496"
"25","8","3","498","499","498"
"25","4","0","477","482","477"
"25","4","1","496","498","496"
"25","2","0","477","496","496"
"26","16","0","383","557","557"
"26","16","1","731","905","905"
"26","16","2","70","244","70"
"26","16","3","418","592","418"
"26","16","4","766","174","766"
"26","16","5","348","522","522"
"26","16","6","696","870","870"
"26","16","7","35","209","35"
"26","8","0","557","905","557"
"26","8","1","70","418","418"
"26","8","2","766","522","522"
"26","8","3","870","35","35"
"26","4","0","557","418","557"
"26","4","1","522","35","522"
"26","2","0","557","522","557"
"27","16","0","231","166","231"
"27","16","1","199","4","4"
"27","16","2","228","163","163"
"27","16","3","196","1","1"
"27","16","4","229","164","229"
"27","16","5","197","2","197"
"27","16","6","230","165","230"
"27","16","7","198","3","3"
"27","8","0","231","4","4"
"27","8","1","163","1","163"
"27","8","2","229","197","229"
"27","8","3","230","3","230"
"27","4","0","4","163","163"
"27","4","1","229","230","230"
"27","2","0","163","230","163"
"28","16","0","952","438","952"
"28","16","1","933","419","933"
"28","16","2","914","400","914"
"28","16","3","895","381","381"
"28","16","4","876","362","362"
"28","16","5","857","495","495"
"28","16","6","990","476","990"
"28","16","7","971","457","971"
"28","8","0","952","933","933"
"28","8","1","914","381","381"
"28","8","2","362","495","495"
"28","8","3","990","971","990"
"28","4","0","933","381","933"
"28","4","1","495","990","495"
"28","2","0","933","495","495"
"29","16","0","137","975","975"
"29","16","1","804","633","633"
"29","16","2","462","291","291"
"29","16","3","838","667","838"
"29","16","4","496","325","496"
"29","16","5","154","992","154"
"29","16","6","821","650","650"
"29","16","7","479","308","308"
"29","8","0","975","633","975"
"29","8","1","291","838","291"
"29","8","2","496","154","496"
"29","8","3","650","308","308"
"29","4","0","975","291","291"
"29","4","1","496","308","308"
"29","2","0","291","308","291"
"30","16","0","396","347","396"
"30","16","1","372","323","323"
"30","16","2","397","348","348"
"30","16","3","373","320","320"
"30","16","4","394","345","394"
"30","16","5","370","321","370"
"30","16","6","395","346","395"
"30","16","7","371","322","322"
"30","8","0","396","323","323"
"30","8","1","348","320","348"
"30","8","2","394","370","394"
"30","8","3","395","322","395"
"30","4","0","323","348","348"
"30","4","1","394","395","395"
"30","2","0","348","395","348"
"31","16","0","482","483","483"
"31","16","1","493","494","493"
"31","16","2","495","496","495"
"31","16","3","497","498","497"
"31","16","4","499","476","476"
"31","16","5","500","477","477"
"31","16","6","478","479","479"
"31","16","7","480","481","480"
"31","8","0","483","493","483"
"31","8","1","495","497","497"
"31","8","2","476","477","477"
"31","8","3","479","480","480"
"31","4","0","483","497","483"
"31","4","1","477","480","477"
"31","2","0","483","477","477"
"32","16","0","730","408","730"
"32","16","1","86","773","773"
"32","16","2","451","129","129"
"32","16","3","816","494","494"
"32","16","4","172","859","172"
"32","16","5","537","215","537"
"32","16","6","902","687","902"
"32","16","7","365","43","43"
"32","8","0","730","773","773"
"32","8","1","129","494","129"
"32","8","2","172","537","172"
"32","8","3","902","43","902"
"32","4","0","773","129","129"
"32","4","1","172","902","902"
"32","2","0","129","902","129"
"33","16","0","419","914","914"
"33","16","1","400","895","400"
"33","16","2","381","876","381"
"33","16","3","362","857","362"
"33","16","4","495","990","990"
"33","16","5","476","971","971"
"33","16","6","457","952","952"
"33","16","7","438","933","438"
"33","8","0","914","400","914"
"33","8","1","381","362","362"
"33","8","2","990","971","971"
"33","8","3","952","438","952"
"33","4","0","914","362","914"
"33","4","1","971","952","971"
"33","2","0","914","971","971"
"34","16","0","633","462","633"
"34","16","1","291","838","838"
"34","16","2","667","496","496"
"34","16","3","325","154","325"
"34","16","4","992","821","992"
"34","16","5","650","479","650"
"34","16","6","308","137","137"
"34","16","7","975","804","804"
"34","8","0","633","838","633"
"34","8","1","496","325","496"
"34","8","2","992","650","992"
"34","8","3","137","804","804"
"34","4","0","633","496","496"
"34","4","1","992","804","804"
"34","2","0","496","804","496"
"35","16","0","418","592","592"
"35","16","1","766","174","174"
"35","16","2","348","522","348"
"35","16","3","696","870","696"
"35","16","4","35","209","35"
"35","16","5","383","557","557"
"35","16","6","731","905","905"
"35","16","7","70","244","244"
"35","8","0","592","174","592"
"35","8","1","348","696","348"
"35","8","2","35","557","557"
"35","8","3","905","244","244"
"35","4","0","592","348","592"
"35","4","1","557","244","557"
"35","2","0","592","557","592"
"36","16","0","196","1","196"
"36","16","1","229","164","229"
"36","16","2","197","2","2"
"36","16","3","230","165","165"
"36","16","4","198","3","3"
"36","16","5","231","166","231"
"36","16","6","199","4","199"
"36","16","7","228","163","228"
"36","8","0","196","229","229"
"36","8","1","2","165","165"
"36","8","2","3","231","3"
"36","8","3","199","228","199"
"36","4","0","229","165","165"
"36","4","1","3","199","199"
"36","2","0","165","199","199"
"37","16","0","275","248","248"
"37","16","1","303","276","276"
"37","16","2","249","304","249"
"37","16","3","277","250","277"
"37","16","4","305","300","305"
"37","16","5","273","246","246"
"37","16","6","301","274","274"
"37","16","7","247","302","247"
"37","8","0","248","276","248"
"37","8","1","249","277","277"
"37","8","2","305","246","246"
"37","8","3","274","247","247"
"37","4","0","248","277","248"
"37","4","1","246","247","246"
"37","2","0","248","246","248"
"38","16","0","323","397","323"
"38","16","1","348","373","373"
"38","16","2","320","394","394"
"38","16","3","345","370","370"
"38","16","4","321","395","321"
"38","16","5","346","371","346"
"38","16","6","322","396","322"
"38","16","7","347","372","372"
"38","8","0","323","373","373"
"38","8","1","394","370","394"
"38","8","2","321","346","321"
"38","8","3","322","372","322"
"38","4","0","373","394","394"
"38","4","1","321","322","322"
"38","2","0","394","322","394"
"39","16","0","494","495","495"
"39","16","1","496","497","496"
"39","16","2","498","499","498"
"39","16","3","476","500","476"
"39","16","4","477","478","478"
"39","16","5","479","480","480"
"39","16","6","481","482","482"
"39","16","7","483","493","483"
"39","8","0","495","496","495"
"39","8","1","498","476","476"
"39","8","2","478","480","480"
"39","8","3","482","483","483"
"39","4","0","495","476","495"
"39","4","1","480","483","480"
"39","2","0","495","480","480"
"40","16","0","773","451","773"
"40","16","1","129","816","816"
"40","16","2","494","172","172"
"40","16","3","859","537","537"
"40","16","4","215","902","215"
"40","16","5","687","365","687"
"40","16","6","43","730","43"
"40","16","7","408","86","86"
"40","8","0","773","816","816"
"40","8","1","172","537","172"
"40","8","2","215","687","215"
"40","8","3","43","86","43"
"40","4","0","816","172","172"
"40","4","1","215","43","43"
"40","2","0","172","43","172"
"41","16","0","174","348","348"
"41","16","1","522","696","696"
"41","16","2","870","35","870"
"41","16","3","209","383","209"
"41","16","4","557","731","557"
"41","16","5","905","70","70"
"41","16","6","244","418","418"
"41","16","7","592","766","766"
"41","8","0","348","696","348"
"41","8","1","870","209","870"
"41","8","2","557","70","70"
"41","8","3","418","766","766"
"41","4","0","348","870","348"
"41","4","1","70","766","70"
"41","2","0","348","70","348"
"42","16","0","164","197","164"
"42","16","1","2","230","2"
"42","16","2","165","198","198"
"42","16","3","3","231","231"
"42","16","4","166","199","199"
"42","16","5","4","228","4"
"42","16","6","163","196","163"
"42","16","7","1","229","1"
"42","8","0","164","2","2"
"42","8","1","198","231","231"
"42","8","2","199","4","199"
"42","8","3","163","1","163"
"42","4","0","2","231","231"
"42","4","1","199","163","163"
"42","2","0","231","163","163"
"43","16","0","276","249","249"
"43","16","1","304","277","277"
"43","16","2","250","305","250"
"43","16","3","300","273","300"
"43","16","4","246","301","246"
"43","16","5","274","247","247"
"43","16","6","302","275","275"
"43","16","7","248","303","303"
"43","8","0","249","277","249"
"43","8","1","250","300","250"
"43","8","2","246","247","247"
"43","8","3","275","303","303"
"43","4","0","249","250","249"
"43","4","1","247","303","247"
"43","2","0","249","247","249"
"44","16","0","325","154","325"
"44","16","1","992","821","821"
"44","16","2","650","479","479"
"44","16","3","308","137","137"
"44","16","4","975","804","975"
"44","16","5","633","462","633"
"44","16","6","291","838","291"
"44","16","7","667","496","496"
"44","8","0","325","821","821"
"44","8","1","479","137","479"
"44","8","2","975","633","975"
"44","8","3","291","496","291"
"44","4","0","821","479","479"
"44","4","1","975","291","291"
"44","2","0","479","291","479"
"45","16","0","476","500","500"
"45","16","1","477","478","478"
"45","16","2","479","480","479"
"45","16","3","481","482","481"
"45","16","4","483","493","483"
"45","16","5","494","495","495"
"45","16","6","496","497","497"
"45","16","7","498","499","498"
"45","8","0","500","478","500"
"45","8","1","479","481","481"
"45","8","2","483","495","495"
"45","8","3","497","498","498"
"45","4","0","500","481","500"
"45","4","1","495","498","495"
"45","2","0","500","495","500"
"46","16","0","859","537","859"
"46","16","1","215","902","902"
"46","16","2","687","365","365"
"46","16","3","43","730","730"
"46","16","4","408","86","408"
"46","16","5","773","451","773"
"46","16","6","129","816","129"
"46","16","7","494","172","172"
"46","8","0","859","902","902"
"46","8","1","365","730","365"
"46","8","2","408","773","408"
"46","8","3","129","172","129"
"46","4","0","902","365","365"
"46","4","1","408","129","129"
"46","2","0","365","129","365"
"47","16","0","990","476","476"
"47","16","1","971","457","971"
"47","16","2","952","438","952"
"47","16","3","933","419","933"
"47","16","4","914","400","400"
"47","16","5","895","381","381"
"47","16","6","876","362","362"
"47","16","7","857","495","857"
"47","8","0","476","971","476"
"47","8","1","952","933","933"
"47","8","2","400","381","381"
"47","8","3","362","857","857"
"47","4","0","476","933","476"
"47","4","1","381","857","381"
"47","2","0","476","381","381"
"48","16","0","821","650","821"
"48","16","1","479","308","308"
"48","16","2","137","975","975"
"48","16","3","804","633","633"
"48","16","4","462","291","462"
"48","16","5","838","667","838"
"48","16","6","496","325","496"
"48","16","7","154","992","992"
"48","8","0","821","308","308"
"48","8","1","975","633","975"
"48","8","2","462","838","462"
"48","8","3","496","992","496"
"48","4","0","308","975","975"
"48","4","1","462","496","496"
"48","2","0","975","496","975"
"49","16","0","3","231","3"
"49","16","1","166","199","166"
"49","16","2","4","228","228"
"49","16","3","163","196","196"
"49","16","4","1","229","229"
"49","16","5","164","197","164"
"49","16","6","2","230","2"
"49","16","7","165","198","165"
"49","8","0","3","166","166"
"49","8","1","228","196","196"
"49","8","2","229","164","229"
"49","8","3","2","165","2"
"49","4","0","166","196","166"
"49","4","1","229","2","2"
"49","2","0","166","2","2"
"50","16","0","300","273","273"
"50","16","1","246","301","301"
"50","16","2","274","247","274"
"50","16","3","302","275","302"
"50","16","4","248","303","248"
"50","16","5","276","249","249"
"50","16","6","304","277","277"
"50","16","7","250","305","305"
"50","8","0","273","301","273"
"50","8","1","274","302","274"
"50","8","2","248","249","249"
"50","8","3","277","305","305"
"50","4","0","273","274","273"
"50","4","1","249","305","249"
"50","2","0","273","249","273"
"51","16","0","395","346","395"
"51","16","1","371","322","371"
"51","16","2","396","347","347"
"51","16","3","372","323","323"
"51","16","4","397","348","348"
"51","16","5","373","320","373"
"51","16","6","394","345","394"
"51","16","7","370","321","370"
"51","8","0","395","371","371"
"51","8","1","347","323","323"
"51","8","2","348","373","348"
"51","8","3","394","370","394"
"51","4","0","371","323","323"
"51","4","1","348","394","394"
"51","2","0","323","394","394"
"52","16","0","478","479","479"
"52","16","1","480","481","481"
"52","16","2","482","483","482"
"52","16","3","493","494","493"
"52","16","4","495","496","495"
"52","16","5","497","498","498"
"52","16","6","499","476","476"
"52","16","7","500","477","477"
"52","8","0","479","481","479"
"52","8","1","482","493","482"
"52","8","2","495","498","498"
"52","8","3","476","477","477"
"52","4","0","479","482","479"
"52","4","1","498","477","498"
"52","2","0","479","498","479"
"53","16","0","902","687","902"
"53","16","1","365","43","365"
"53","16","2","730","408","408"
"53","16","3","86","773","773"
"53","16","4","451","129","451"
"53","16","5","816","494","816"
"53","16","6","172","859","172"
"53","16","7","537","215","215"
"53","8","0","902","365","365"
"53","8","1","408","773","408"
"53","8","2","451","816","451"
"53","8","3","172","215","172"
"53","4","0","365","408","408"
"53","4","1","451","172","172"
"53","2","0","408","172","172"
"54","16","0","457","952","952"
"54","16","1","438","933","438"
"54","16","2","419","914","419"
"54","16","3","400","895","400"
"54","16","4","381","876","876"
"54","16","5","362","857","857"
"54","16","6","495","990","990"
"54","16","7","476","971","476"
"54","8","0","952","438","952"
"54","8","1","419","400","400"
"54","8","2","876","857","857"
"54","8","3","990","476","476"
"54","4","0","952","400","952"
"54","4","1","857","476","857"
"54","2","0","952","857","857"
"55","16","0","731","905","905"
"55","16","1","70","244","244"
"55","16","2","418","592","592"
"55","16","3","766","174","766"
"55","16","4","348","522","348"
"55","16","5","696","870","696"
"55","16","6","35","209","209"
"55","16","7","383","557","557"
"55","8","0","905","244","905"
"55","8","1","592","766","592"
"55","8","2","348","696","348"
"55","8","3","209","557","557"
"55","4","0","905","592","592"
"55","4","1","348","557","348"
"55","2","0","592","348","592"
"56","16","0","199","4","199"
"56","16","1","228","163","228"
"56","16","2","196","1","1"
"56","16","3","229","164","164"
"56","16","4","197","2","2"
"56","16","5","230","165","230"
"56","16","6","198","3","198"
"56","16","7","231","166","231"
"56","8","0","199","228","228"
"56","8","1","1","164","164"
"56","8","2","2","230","2"
"56","8","3","198","231","198"
"56","4","0","228","164","228"
"56","4","1","2","198","198"
"56","2","0","228","198","198"
"57","16","0","301","274","274"
"57","16","1","247","302","302"
"57","16","2","275","248","275"
"57","16","3","303","276","303"
"57","16","4","249","304","249"
"57","16","5","277","250","250"
"57","16","6","305","300","300"
"57","16","7","273","246","246"
"57","8","0","274","302","274"
"57","8","1","275","303","275"
"57","8","2","249","250","250"
"57","8","3","300","246","246"
"57","4","0","274","275","275"
"57","4","1","250","246","250"
"57","2","0","275","250","275"
"58","16","0","322","396","322"
"58","16","1","347","372","347"
"58","16","2","323","397","397"
"58","16","3","348","373","373"
"58","16","4","320","394","394"
"58","16","5","345","370","345"
"58","16","6","321","395","321"
"58","16","7","346","371","346"
"58","8","0","322","347","347"
"58","8","1","397","373","373"
"58","8","2","394","345","394"
"58","8","3","321","346","321"
"58","4","0","347","373","373"
"58","4","1","394","321","321"
"58","2","0","373","321","321"
"59","16","0","244","418","418"
"59","16","1","592","766","766"
"59","16","2","174","348","348"
"59","16","3","522","696","522"
"59","16","4","870","35","870"
"59","16","5","209","383","209"
"59","16","6","557","731","731"
"59","16","7","905","70","70"
"59","8","0","418","766","418"
"59","8","1","348","522","348"
"59","8","2","870","209","870"
"59","8","3","731","70","70"
"59","4","0","418","348","348"
"59","4","1","870","70","870"
"59","2","0","348","870","348"
"60","16","0","86","773","86"
"60","16","1","451","129","451"
"60","16","2","816","494","494"
"60","16","3","172","859","859"
"60","16","4","537","215","215"
"60","16","5","902","687","902"
"60","16","6","365","43","365"
"60","16","7","730","408","730"
"60","8","0","86","451","451"
"60","8","1","494","859","859"
"60","8","2","215","902","215"
"60","8","3","365","730","365"
"60","4","0","451","859","859"
"60","4","1","215","365","365"
"60","2","0","859","365","365"
"61","16","0","400","895","895"
"61","16","1","381","876","876"
"61","16","2","362","857","362"
"61","16","3","495","990","495"
"61","16","4","476","971","476"
"61","16","5","457","952","952"
"61","16","6","438","933","933"
"61","16","7","419","914","914"
"61","8","0","895","876","895"
"61","8","1","362","495","362"
"61","8","2","476","952","952"
"61","8","3","933","914","914"
"61","4","0","895","362","895"
"61","4","1","952","914","952"
"61","2","0","895","952","895"
"62","16","0","291","838","291"
"62","16","1","667","496","667"
"62","16","2","325","154","154"
"62","16","3","992","821","821"
"62","16","4","650","479","650"
"62","16","5","308","137","308"
"62","16","6","975","804","975"
"62","16","7","633","462","462"
"62","8","0","291","667","667"
"62","8","1","154","821","154"
"62","8","2","650","308","650"
"62","8","3","975","462","975"
"62","4","0","667","154","154"
"62","4","1","650","975","975"
"62","2","0","154","975","975"
"63","16","0","303","276","276"
"63","16","1","249","304","304"
"63","16","2","277","250","250"
"63","16","3","305","300","305"
"63","16","4","273","246","273"
"63","16","5","301","274","301"
"63","16","6","247","302","302"
"63","16","7","275","248","248"
"63","8","0","276","304","276"
"63","8","1","250","305","250"
"63","8","2","273","301","273"
"63","8","3","302","248","248"
"63","4","0","276","250","250"
"63","4","1","273","248","273"
"63","2","0","250","273","250"
"64","16","0","348","373","348"
"64","16","1","320","394","320"
"64","16","2","345","370","370"
"64","16","3","321","395","395"
"64","16","4","346","371","371"
"64","16","5","322","396","322"
"64","16","6","347","372","347"
"64","16","7","323","397","323"
"64","8","0","348","320","320"
"64","8","1","370","395","395"
"64","8","2","371","322","371"
"64","8","3","347","323","347"
"64","4","0","320","395","320"
"64","4","1","371","347","347"
"64","2","0","320","347","347"
"65","16","0","496","497","497"
"65","16","1","498","499","499"
"65","16","2","476","500","476"
"65","16","3","477","478","477"
"65","16","4","479","480","479"
"65","16","5","481","482","482"
"65","16","6","483","493","493"
"65","16","7","494","495","495"
"65","8","0","497","499","497"
"65","8","1","476","477","476"
"65","8","2","479","482","482"
"65","8","3","493","495","495"
"65","4","0","497","476","476"
"65","4","1","482","495","482"
"65","2","0","476","482","476"
"66","16","0","129","816","129"
"66","16","1","494","172","494"
"66","16","2","859","537","537"
"66","16","3","215","902","902"
"66","16","4","687","365","365"
"66","16","5","43","730","43"
"66","16","6","408","86","408"
"66","16","7","773","451","773"
"66","8","0","129","494","494"
"66","8","1","537","902","902"
"66","8","2","365","43","365"
"66","8","3","408","773","408"
"66","4","0","494","902","902"
"66","4","1","365","408","408"
"66","2","0","902","408","408"
"67","16","0","876","362","362"
"67","16","1","857","495","495"
"67","16","2","990","476","990"
"67","16","3","971","457","971"
"67","16","4","952","438","952"
"67","16","5","933","419","419"
"67","16","6","914","400","400"
"67","16","7","895","381","381"
"67","8","0","362","495","362"
"67","8","1","990","971","990"
"67","8","2","952","419","419"
"67","8","3","400","381","381"
"67","4","0","362","990","362"
"67","4","1","419","381","419"
"67","2","0","362","419","362"
"68","16","0","496","325","496"
"68","16","1","154","992","154"
"68","16","2","821","650","650"
"68","16","3","479","308","308"
"68","16","4","137","975","975"
"68","16","5","804","633","804"
"68","16","6","462","291","462"
"68","16","7","838","667","838"
"68","8","0","496","154","154"
"68","8","1","650","308","308"
"68","8","2","975","804","975"
"68","8","3","462","838","462"
"68","4","0","154","308","308"
"68","4","1","975","462","462"
"68","2","0","308","462","462"
"69","16","0","522","696","696"
"69","16","1","870","35","35"
"69","16","2","209","383","383"
"69","16","3","557","731","557"
"69","16","4","905","70","905"
"69","16","5","244","418","244"
"69","16","6","592","766","766"
"69","16","7","174","348","348"
"69","8","0","696","35","696"
"69","8","1","383","557","383"
"69","8","2","905","244","905"
"69","8","3","766","348","348"
"69","4","0","696","383","383"
"69","4","1","905","348","905"
"69","2","0","383","905","383"
"70","16","0","2","230","2"
"70","16","1","165","198","165"
"70","16","2","3","231","3"
"70","16","3","166","199","199"
"70","16","4","4","228","228"
"70","16","5","163","196","196"
"70","16","6","1","229","1"
"70","16","7","164","197","164"
"70","8","0","2","165","165"
"70","8","1","3","199","199"
"70","8","2","228","196","196"
"70","8","3","1","164","1"
"70","4","0","165","199","165"
"70","4","1","196","1","1"
"70","2","0","165","1","1"
"71","16","0","304","277","277"
"71","16","1","250","305","305"
"71","16","2","300","273","273"
"71","16","3","246","301","246"
"71","16","4","274","247","274"
"71","16","5","302","275","302"
"71","16","6","248","303","303"
"71","16","7","276","249","249"
"71","8","0","277","305","277"
"71","8","1","273","246","273"
"71","8","2","274","302","274"
"71","8","3","303","249","249"
"71","4","0","277","273","273"
"71","4","1","274","249","274"
"71","2","0","273","274","273"
"72","16","0","394","345","394"
"72","16","1","370","321","370"
"72","16","2","395","346","395"
"72","16","3","371","322","322"
"72","16","4","396","347","347"
"72","16","5","372","323","323"
"72","16","6","397","348","397"
"72","16","7","373","320","373"
"72","8","0","394","370","370"
"72","8","1","395","322","322"
"72","8","2","347","323","347"
"72","8","3","397","373","397"
"72","4","0","370","322","370"
"72","4","1","347","397","397"
"72","2","0","370","397","397"
"73","16","0","499","476","476"
"73","16","1","500","477","477"
"73","16","2","478","479","478"
"73","16","3","480","481","480"
"73","16","4","482","483","482"
"73","16","5","493","494","494"
"73","16","6","495","496","496"
"73","16","7","497","498","498"
"73","8","0","476","477","476"
"73","8","1","478","480","478"
"73","8","2","482","494","494"
"73","8","3","496","498","498"
"73","4","0","476","478","478"
"73","4","1","494","498","494"
"73","2","0","478","494","478"
"74","16","0","35","209","209"
"74","16","1","383","557","557"
"74","16","2","731","905","905"
"74","16","3","70","244","70"
"74","16","4","418","592","418"
"74","16","5","766","174","766"
"74","16","6","348","522","522"
"74","16","7","696","870","870"
"74","8","0","209","557","209"
"74","8","1","905","70","905"
"74","8","2","418","766","418"
"74","8","3","522","870","870"
"74","4","0","209","905","905"
"74","4","1","418","870","870"
"74","2","0","905","870","905"
"75","16","0","198","3","198"
"75","16","1","231","166","231"
"75","16","2","199","4","199"
"75","16","3","228","163","163"
"75","16","4","196","1","1"
"75","16","5","229","164","164"
"75","16","6","197","2","197"
"75","16","7","230","165","230"
"75","8","0","198","231","231"
"75","8","1","199","163","163"
"75","8","2","1","164","164"
"75","8","3","197","230","197"
"75","4","0","231","163","231"
"75","4","1","164","197","164"
"75","2","0","231","164","164"
"76","16","0","971","457","457"
"76","16","1","952","438","438"
"76","16","2","933","419","933"
"76","16","3","914","400","914"
"76","16","4","895","381","895"
"76","16","5","876","362","362"
"76","16","6","857","495","495"
"76","16","7","990","476","476"
"76","8","0","457","438","457"
"76","8","1","933","914","933"
"76","8","2","895","362","362"
"76","8","3","495","476","476"
"76","4","0","457","933","933"
"76","4","1","362","476","362"
"76","2","0","933","362","933"
"77","16","0","479","308","479"
"77","16","1","137","975","137"
"77","16","2","804","633","633"
"77","16","3","462","291","291"
"77","16","4","838","667","667"
"77","16","5","496","325","496"
"77","16","6","154","992","154"
"77","16","7","821","650","821"
"77","8","0","479","137","137"
"77","8","1","633","291","291"
"77","8","2","667","496","667"
"77","8","3","154","821","154"
"77","4","0","137","291","291"
"77","4","1","667","154","154"
"77","2","0","291","154","154"
"78","16","0","371","322","371"
"78","16","1","396","347","396"
"78","16","2","372","323","372"
"78","16","3","397","348","348"
"78","16","4","373","320","320"
"78","16","5","394","345","345"
"78","16","6","370","321","370"
"78","16","7","395","346","395"
"78","8","0","371","396","396"
"78","8","1","372","348","348"
"78","8","2","320","345","345"
"78","8","3","370","395","370"
"78","4","0","396","348","396"
"78","4","1","345","370","370"
"78","2","0","396","370","370"
"79","16","0","480","481","481"
"79","16","1","482","483","483"
"79","16","2","493","494","494"
"79","16","3","495","496","495"
"79","16","4","497","498","497"
"79","16","5","499","476","499"
"79","16","6","500","477","477"
"79","16","7","478","479","479"
"79","8","0","481","483","481"
"79","8","1","494","495","494"
"79","8","2","497","499","497"
"79","8","3","477","479","479"
"79","4","0","481","494","494"
"79","4","1","497","479","497"
"79","2","0","494","497","494"
"80","16","0","365","43","365"
"80","16","1","730","408","730"
"80","16","2","86","773","86"
"80","16","3","451","129","129"
"80","16","4","816","494","494"
"80","16","5","172","859","859"
"80","16","6","537","215","537"
"80","16","7","902","687","902"
"80","8","0","365","730","730"
"80","8","1","86","129","129"
"80","8","2","494","859","494"
"80","8","3","537","902","537"
"80","4","0","730","129","730"
"80","4","1","494","537","537"
"80","2","0","730","537","537"
"81","16","0","438","933","933"
"81","16","1","419","914","914"
"81","16","2","400","895","400"
"81","16","3","381","876","381"
"81","16","4","362","857","362"
"81","16","5","495","990","990"
"81","16","6","476","971","971"
"81","16","7","457","952","952"
"81","8","0","933","914","933"
"81","8","1","400","381","400"
"81","8","2","362","990","990"
"81","8","3","971","952","952"
"81","4","0","933","400","400"
"81","4","1","990","952","990"
"81","2","0","400","990","400"
"82","16","0","975","804","975"
"82","16","1","633","462","633"
"82","16","2","291","838","838"
"82","16","3","667","496","496"
"82","16","4","325","154","154"
"82","16","5","992","821","992"
"82","16","6","650","479","650"
"82","16","7","308","137","308"
"82","8","0","975","633","633"
"82","8","1","838","496","496"
"82","8","2","154","992","154"
"82","8","3","650","308","650"
"82","4","0","633","496","633"
"82","4","1","154","650","650"
"82","2","0","633","650","650"
"83","16","0","70","244","70"
"83","16","1","418","592","592"
"83","16","2","766","174","174"
"83","16","3","348","522","522"
"83","16","4","696","870","696"
"83","16","5","35","209","35"
"83","16","6","383","557","383"
"83","16","7","731","905","905"
"83","8","0","70","592","592"
"83","8","1","174","522","174"
"83","8","2","696","35","696"
"83","8","3","383","905","383"
"83","4","0","592","174","174"
"83","4","1","696","383","383"
"83","2","0","174","383","174"
"84","16","0","228","163","163"
"84","16","1","196","1","196"
"84","16","2","229","164","229"
"84","16","3","197","2","197"
"84","16","4","230","165","165"
"84","16","5","198","3","3"
"84","16","6","231","166","231"
"84","16","7","199","4","199"
"84","8","0","163","196","196"
"84","8","1","229","197","197"
"84","8","2","165","3","3"
"84","8","3","231","199","231"
"84","4","0","196","197","196"
"84","4","1","3","231","3"
"84","2","0","196","3","3"
"85","16","0","247","302","302"
"85","16","1","275","248","248"
"85","16","2","303","276","276"
"85","16","3","249","304","249"
"85","16","4","277","250","277"
"85","16","5","305","300","305"
"85","16","6","273","246","246"
"85","16","7","301","274","274"
"85","8","0","302","248","302"
"85","8","1","276","249","276"
"85","8","2","277","305","277"
"85","8","3","246","274","274"
"85","4","0","302","276","276"
"85","4","1","277","274","274"
"85","2","0","276","274","276"
"86","16","0","347","372","347"
"86","16","1","323","397","323"
"86","16","2","348","373","348"
"86","16","3","320","394","394"
"86","16","4","345","370","370"
"86","16","5","321","395","395"
"86","16","6","346","371","346"
"86","16","7","322","396","322"
"86","8","0","347","323","323"
"86","8","1","348","394","394"
"86","8","2","370","395","395"
"86","8","3","346","322","346"
"86","4","0","323","394","323"
"86","4","1","395","346","395"
"86","2","0","323","395","395"
"87","16","0","483","493","493"
"87","16","1","494","495","495"
"87","16","2","496","497","497"
"87","16","3","498","499","498"
"87","16","4","476","500","476"
"87","16","5","477","478","477"
"87","16","6","479","480","480"
"87","16","7","481","482","482"
"87","8","0","493","495","493"
"87","8","1","497","498","497"
"87","8","2","476","477","476"
"87","8","3","480","482","482"
"87","4","0","493","497","497"
"87","4","1","476","482","476"
"87","2","0","497","476","497"
"88","16","0","408","86","408"
"88","16","1","773","451","773"
"88","16","2","129","816","129"
"88","16","3","494","172","172"
"88","16","4","859","537","537"
"88","16","5","215","902","902"
"88","16","6","687","365","687"
"88","16","7","43","730","43"
"88","8","0","408","773","773"
"88","8","1","129","172","172"
"88","8","2","537","902","902"
"88","8","3","687","43","687"
"88","4","0","773","172","773"
"88","4","1","902","687","687"
"88","2","0","773","687","687"
"89","16","0","592","766","592"
"89","16","1","174","348","348"
"89","16","2","522","696","696"
"89","16","3","870","35","35"
"89","16","4","209","383","209"
"89","16","5","557","731","557"
"89","16","6","905","70","905"
"89","16","7","244","418","418"
"89","8","0","592","348","348"
"89","8","1","696","35","696"
"89","8","2","209","557","209"
"89","8","3","905","418","905"
"89","4","0","348","696","696"
"89","4","1","209","905","905"
"89","2","0","696","905","696"
"90","16","0","1","229","229"
"90","16","1","164","197","164"
"90","16","2","2","230","2"
"90","16","3","165","198","165"
"90","16","4","3","231","231"
"90","16","5","166","199","199"
"90","16","6","4","228","228"
"90","16","7","163","196","163"
"90","8","0","229","164","229"
"90","8","1","2","165","165"
"90","8","2","231","199","199"
"90","8","3","228","163","163"
"90","4","0","229","165","229"
"90","4","1","199","163","199"
"90","2","0","229","199","199"
"91","16","0","248","303","248"
"91","16","1","276","249","249"
"91","16","2","304","277","277"
"91","16","3","250","305","250"
"91","16","4","300","273","300"
"91","16","5","246","301","246"
"91","16","6","274","247","247"
"91","16","7","302","275","275"
"91","8","0","248","249","248"
"91","8","1","277","250","277"
"91","8","2","300","246","300"
"91","8","3","247","275","275"
"91","4","0","248","277","277"
"91","4","1","300","275","275"
"91","2","0","277","275","277"
"92","16","0","667","496","667"
"92","16","1","325","154","325"
"92","16","2","992","821","992"
"92","16","3","650","479","479"
"92","16","4","308","137","137"
"92","16","5","975","804","804"
"92","16","6","633","462","633"
"92","16","7","291","838","291"
"92","8","0","667","325","325"
"92","8","1","992","479","479"
"92","8","2","137","804","137"
"92","8","3","633","291","633"
"92","4","0","325","479","325"
"92","4","1","137","633","633"
"92","2","0","325","633","633"
"93","16","0","498","499","499"
"93","16","1","476","500","500"
"93","16","2","477","478","478"
"93","16","3","479","480","479"
"93","16","4","481","482","481"
"93","16","5","483","493","483"
"93","16","6","494","495","495"
"93","16","7","496","497","497"
"93","8","0","499","500","499"
"93","8","1","478","479","478"
"93","8","2","481","483","481"
"93","8","3","495","497","497"
"93","4","0","499","478","478"
"93","4","1","481","497","497"
"93","2","0","478","497","478"
"94","16","0","494","172","494"
"94","16","1","859","537","859"
"94","16","2","215","902","215"
"94","16","3","687","365","365"
"94","16","4","43","730","730"
"94","16","5","408","86","86"
"94","16","6","773","451","773"
"94","16","7","129","816","129"
"94","8","0","494","859","859"
"94","8","1","215","365","365"
"94","8","2","730","86","86"
"94","8","3","773","129","773"
"94","4","0","859","365","859"
"94","4","1","86","773","86"
"94","2","0","859","86","86"
"95","16","0","857","495","495"
"95","16","1","990","476","476"
"95","16","2","971","457","457"
"95","16","3","952","438","952"
"95","16","4","933","419","933"
"95","16","5","914","400","914"
"95","16","6","895","381","381"
"95","16","7","876","362","362"
"95","8","0","495","476","495"
"95","8","1","457","952","457"
"95","8","2","933","914","933"
"95","8","3","381","362","362"
"95","4","0","495","457","457"
"95","4","1","933","362","933"
"95","2","0","457","933","457"
"96","16","0","154","992","154"
"96","16","1","821","650","821"
"96","16","2","479","308","479"
"96","16","3","137","975","975"
"96","16","4","804","633","633"
"96","16","5","462","291","291"
"96","16","6","838","667","838"
"96","16","7","496","325","496"
"96","8","0","154","821","821"
"96","8","1","479","975","975"
"96","8","2","633","291","291"
"96","8","3","838","496","838"
"96","4","0","821","975","821"
"96","4","1","291","838","838"
"96","2","0","821","838","838"
"97","16","0","165","198","198"
"97","16","1","3","231","3"
"97","16","2","166","199","166"
"97","16","3","4","228","4"
"97","16","4","163","196","196"
"97","16","5","1","229","229"
"97","16","6","164","197","197"
"97","16","7","2","230","2"
"97","8","0","198","3","198"
"97","8","1","166","4","4"
"97","8","2","196","229","229"
"97","8","3","197","2","2"
"97","4","0","198","4","198"
"97","4","1","229","2","229"
"97","2","0","198","229","229"
"98","16","0","250","305","250"
"98","16","1","300","273","273"
"98","16","2","246","301","301"
"98","16","3","274","247","247"
"98","16","4","302","275","302"
"98","16","5","248","303","248"
"98","16","6","276","249","276"
"98","16","7","304","277","277"
"98","8","0","250","273","273"
"98","8","1","301","247","301"
"98","8","2","302","248","302"
"98","8","3","276","277","276"
"98","4","0","273","301","301"
"98","4","1","302","276","276"
"98","2","0","301","276","301"
"99","16","0","370","321","321"
"99","16","1","395","346","395"
"99","16","2","371","322","371"
"99","16","3","396","347","396"
"99","16","4","372","323","323"
"99","16","5","397","348","348"
"99","16","6","373","320","320"
"99","16","7","394","345","394"
"99","8","0","321","395","321"
"99","8","1","371","396","396"
"99","8","2","323","348","348"
"99","8","3","320","394","394"
"99","4","0","321","396","321"
"99","4","1","348","394","348"
"99","2","0","321","348","348"
"100","16","0","500","477","500"
"100","16","1","478","479","479"
"100","16","2","480","481","481"
"100","16","3","482","483","482"
"100","16","4","493","494","493"
"100","16","5","495","496","495"
"100","16","6","497","498","498"
"100","16","7","499","476","476"
"100","8","0","500","479","500"
"100","8","1","481","482","481"
"100","8","2","493","495","493"
"100","8","3","498","476","476"
"100","4","0","500","481","481"
"100","4","1","493","476","476"
"100","2","0","481","476","481"
"101","16","0","537","215","537"
"101","16","1","902","687","902"
"101","16","2","365","43","365"
"101","16","3","730","408","408"
"101","16","4","86","773","773"
"101","16","5","451","129","129"
"101","16","6","816","494","816"
"101","16","7","172","859","172"
"101","8","0","537","902","902"
"101","8","1","365","408","408"
"101","8","2","773","129","129"
"101","8","3","816","172","816"
"101","4","0","902","408","902"
"101","4","1","129","816","129"
"101","2","0","902","129","129"
"102","16","0","476","971","971"
"102","16","1","457","952","952"
"102","16","2","438","933","933"
"102","16","3","419","914","419"
"102","16","4","400","895","400"
"102","16","5","381","876","381"
"102","16","6","362","857","857"
"102","16","7","495","990","990"
"102","8","0","971","952","971"
"102","8","1","933","419","933"
"102","8","2","400","381","400"
"102","8","3","857","990","990"
"102","4","0","971","933","933"
"102","4","1","400","990","400"
"102","2","0","933","400","933"
"103","16","0","383","557","383"
"103","16","1","731","905","905"
"103","16","2","70","244","244"
"103","16","3","418","592","592"
"103","16","4","766","174","766"
"103","16","5","348","522","348"
"103","16","6","696","870","696"
"103","16","7","35","209","209"
"103","8","0","383","905","905"
"103","8","1","244","592","244"
"103","8","2","766","348","766"
"103","8","3","696","209","696"
"103","4","0","905","244","244"
"103","4","1","766","696","696"
"103","2","0","244","696","244"
"104","16","0","231","166","166"
"104","16","1","199","4","199"
"104","16","2","228","163","228"
"104","16","3","196","1","196"
"104","16","4","229","164","164"
"104","16","5","197","2","2"
"104","16","6","230","165","165"
"104","16","7","198","3","198"
"104","8","0","166","199","166"
"104","8","1","228","196","196"
"104","8","2","164","2","2"
"104","8","3","165","198","198"
"104","4","0","166","196","166"
"104","4","1","2","198","2"
"104","2","0","166","2","2"
"105","16","0","273","246","273"
"105","16","1","301","274","274"
"105","16","2","247","302","302"
"105","16","3","275","248","248"
"105","16","4","303","276","303"
"105","16","5","249","304","249"
"105","16","6","277","250","277"
"105","16","7","305","300","300"
"105","8","0","273","274","274"
"105","8","1","302","248","302"
"105","8","2","303","249","303"
"105","8","3","277","300","277"
"105","4","0","274","302","302"
"105","4","1","303","277","277"
"105","2","0","302","277","302"
"106","16","0","346","371","371"
"106","16","1","322","396","322"
"106","16","2","347","372","347"
"106","16","3","323","397","323"
"106","16","4","348","373","373"
"106","16","5","320","394","394"
"106","16","6","345","370","370"
"106","16","7","321","395","321"
"106","8","0","371","322","371"
"106","8","1","347","323","323"
"106","8","2","373","394","394"
"106","8","3","370","321","321"
"106","4","0","371","323","371"
"106","4","1","394","321","394"
"106","2","0","371","394","394"
"107","16","0","905","70","905"
"107","16","1","244","418","244"
"107","16","2","592","766","766"
"107","16","3","174","348","348"
"107","16","4","522","696","696"
"107","16","5","870","35","870"
"107","16","6","209","383","209"
"107","16","7","557","731","557"
"107","8","0","905","244","244"
"107","8","1","766","348","766"
"107","8","2","696","870","696"
"107","8","3","209","557","209"
"107","4","0","244","766","766"
"107","4","1","696","209","209"
"107","2","0","766","209","209"
"108","16","0","730","408","408"
"108","16","1","86","773","86"
"108","16","2","451","129","451"
"108","16","3","816","494","816"
"108","16","4","172","859","859"
"108","16","5","537","215","215"
"108","16","6","902","687","687"
"108","16","7","365","43","365"
"108","8","0","408","86","408"
"108","8","1","451","816","816"
"108","8","2","859","215","215"
"108","8","3","687","365","365"
"108","4","0","408","816","408"
"108","4","1","215","365","215"
"108","2","0","408","215","215"
"109","16","0","419","914","419"
"109","16","1","400","895","895"
"109","16","2","381","876","876"
"109","16","3","362","857","362"
"109","16","4","495","990","495"
"109","16","5","476","971","476"
"109","16","6","457","952","952"
"109","16","7","438","933","933"
"109","8","0","419","895","419"
"109","8","1","876","362","876"
"109","8","2","495","476","495"
"109","8","3","952","933","933"
"109","4","0","419","876","876"
"109","4","1","495","933","933"
"109","2","0","876","933","876"
"110","16","0","633","462","633"
"110","16","1","291","838","291"
"110","16","2","667","496","667"
"110","16","3","325","154","154"
"110","16","4","992","821","821"
"110","16","5","650","479","479"
"110","16","6","308","137","308"
"110","16","7","975","804","975"
"110","8","0","633","291","291"
"110","8","1","667","154","154"
"110","8","2","821","479","479"
"110","8","3","308","975","308"
"110","4","0","291","154","291"
"110","4","1","479","308","479"
"110","2","0","291","479","479"
"111","16","0","275","248","275"
"111","16","1","303","276","276"
"111","16","2","249","304","304"
"111","16","3","277","250","250"
"111","16","4","305","300","305"
"111","16","5","273","246","273"
"111","16","6","301","274","301"
"111","16","7","247","302","302"
"111","8","0","275","276","276"
"111","8","1","304","250","304"
"111","8","2","305","273","305"
"111","8","3","301","302","301"
"111","4","0","276","304","304"
"111","4","1","305","301","301"
"111","2","0","304","301","304"
"112","16","0","323","397","397"
"112","16","1","348","373","348"
"112","16","2","320","394","320"
"112","16","3","345","370","345"
"112","16","4","321","395","395"
"112","16","5","346","371","371"
"112","16","6","322","396","396"
"112","16","7","347","372","347"
"112","8","0","397","348","397"
"112","8","1","320","345","345"
"112","8","2","395","371","371"
"112","8","3","396","347","347"
"112","4","0","397","345","397"
"112","4","1","371","347","371"
"112","2","0","397","371","371"
"113","16","0","494","495","494"
"113","16","1","496","497","497"
"113","16","2","498","499","499"
"113","16","3","476","500","500"
"113","16","4","477","478","477"
"113","16","5","479","480","479"
"113","16","6","481","482","481"
"113","16","7","483","493","493"
"113","8","0","494","497","497"
"113","8","1","499","500","499"
"113","8","2","477","479","477"
"113","8","3","481","493","481"
"113","4","0","497","499","499"
"113","4","1","477","481","481"
"113","2","0","499","481","499"
"114","16","0","773","451","451"
"114","16","1","129","816","129"
"114","16","2","494","172","494"
"114","16","3","859","537","859"
"114","16","4","215","902","902"
"114","16","5","687","365","365"
"114","16","6","43","730","730"
"114","16","7","408","86","408"
"114","8","0","451","129","451"
"114","8","1","494","859","859"
"114","8","2","902","365","365"
"114","8","3","730","408","408"
"114","4","0","451","859","451"
"114","4","1","365","408","365"
"114","2","0","451","365","365"
"115","16","0","895","381","895"
"115","16","1","876","362","362"
"115","16","2","857","495","495"
"115","16","3","990","476","476"
"115","16","4","971","457","971"
"115","16","5","952","438","952"
"115","16","6","933","419","933"
"115","16","7","914","400","400"
"115","8","0","895","362","362"
"115","8","1","495","476","495"
"115","8","2","971","952","971"
"115","8","3","933","400","933"
"115","4","0","362","495","495"
"115","4","1","971","933","933"
"115","2","0","495","933","495"
"116","16","0","838","667","667"
"116","16","1","496","325","496"
"116","16","2","154","992","154"
"116","16","3","821","650","821"
"116","16","4","479","308","308"
"116","16","5","137","975","975"
"116","16","6","804","633","804"
"116","16","7","462","291","462"
"116","8","0","667","496","496"
"116","8","1","154","821","821"
"116","8","2","308","975","975"
"116","8","3","804","462","804"
"116","4","0","496","821","496"
"116","4","1","975","804","975"
"116","2","0","496","975","975"
"117","16","0","174","348","174"
"117","16","1","522","696","522"
"117","16","2","870","35","35"
"117","16","3","209","383","383"
"117","16","4","557","731","731"
"117","16","5","905","70","905"
"117","16","6","244","418","244"
"117","16","7","592","766","592"
"117","8","0","174","522","522"
"117","8","1","35","383","383"
"117","8","2","731","905","731"
"117","8","3","244","592","244"
"117","4","0","522","383","383"
"117","4","1","731","244","244"
"117","2","0","383","244","244"
"118","16","0","164","197","197"
"118","16","1","2","230","230"
"118","16","2","165","198","165"
"118","16","3","3","231","3"
"118","16","4","166","199","166"
"118","16","5","4","228","228"
"118","16","6","163","196","196"
"118","16","7","1","229","229"
"118","8","0","197","230","197"
"118","8","1","165","3","165"
"118","8","2","166","228","228"
"118","8","3","196","229","229"
"118","4","0","197","165","197"
"118","4","1","228","229","228"
"118","2","0","197","228","197"
"119","16","0","276","249","276"
"119","16","1","304","277","304"
"119","16","2","250","305","305"
"119","16","3","300","273","273"
"119","16","4","246","301","301"
"119","16","5","274","247","274"
"119","16","6","302","275","302"
"119","16","7","248","303","248"
"119","8","0","276","304","304"
"119","8","1","305","273","305"
"119","8","2","301","274","301"
"119","8","3","302","248","302"
"119","4","0","304","305","305"
"119","4","1","301","302","302"
"119","2","0","305","302","302"
"120","16","0","373","320","320"
"120","16","1","394","345","394"
"120","16","2","370","321","370"
"120","16","3","395","346","395"
"120","16","4","371","322","322"
"120","16","5","396","347","347"
"120","16","6","372","323","323"
"120","16","7","397","348","397"
"120","8","0","320","394","320"
"120","8","1","370","395","395"
"120","8","2","322","347","347"
"120","8","3","323","397","397"
"120","4","0","320","395","320"
"120","4","1","347","397","347"
"120","2","0","320","347","320"
"121","16","0","497","498","497"
"121","16","1","499","476","476"
"121","16","2","500","477","477"
"121","16","3","478","479","479"
"121","16","4","480","481","480"
"121","16","5","482","483","482"
"121","16","6","493","494","493"
"121","16","7","495","496","496"
"121","8","0","497","476","476"
"121","8","1","477","479","477"
"121","8","2","480","482","480"
"121","8","3","493","496","493"
"121","4","0","476","477","477"
"121","4","1","480","493","493"
"121","2","0","477","493","477"
"122","16","0","696","870","696"
"122","16","1","35","209","35"
"122","16","2","383","557","557"
"122","16","3","731","905","905"
"122","16","4","70","244","244"
"122","16","5","418","592","418"
"122","16","6","766","174","766"
"122","16","7","348","522","348"
"122","8","0","696","35","35"
"122","8","1","557","905","905"
"122","8","2","244","418","244"
"122","8","3","766","348","766"
"122","4","0","35","905","35"
"122","4","1","244","766","766"
"122","2","0","35","766","766"
"123","16","0","230","165","165"
"123","16","1","198","3","3"
"123","16","2","231","166","231"
"123","16","3","199","4","199"
"123","16","4","228","163","228"
"123","16","5","196","1","1"
"123","16","6","229","164","164"
"123","16","7","197","2","2"
"123","8","0","165","3","165"
"123","8","1","231","199","231"
"123","8","2","228","1","1"
"123","8","3","164","2","2"
"123","4","0","165","231","165"
"123","4","1","1","2","1"
"123","2","0","165","1","165"
"124","16","0","990","476","990"
"124","16","1","971","457","457"
"124","16","2","952","438","438"
"124","16","3","933","419","419"
"124","16","4","914","400","914"
"124","16","5","895","381","895"
"124","16","6","876","362","876"
"124","16","7","857","495","495"
"124","8","0","990","457","457"
"124","8","1","438","419","438"
"124","8","2","914","895","914"
"124","8","3","876","495","876"
"124","4","0","457","438","438"
"124","4","1","914","876","876"
"124","2","0","438","876","438"
"125","16","0","821","650","650"
"125","16","1","479","308","479"
"125","16","2","137","975","137"
"125","16","3","804","633","804"
"125","16","4","462","291","291"
"125","16","5","838","667","667"
"125","16","6","496","325","325"
"125","16","7","154","992","154"
"125","8","0","650","479","650"
"125","8","1","137","804","804"
"125","8","2","291","667","667"
"125","8","3","325","154","154"
"125","4","0","650","804","650"
"125","4","1","667","154","667"
"125","2","0","650","667","667"
"126","16","0","395","346","346"
"126","16","1","371","322","322"
"126","16","2","396","347","396"
"126","16","3","372","323","372"
"126","16","4","397","348","397"
"126","16","5","373","320","320"
"126","16","6","394","345","345"
"126","16","7","370","321","321"
"126","8","0","346","322","346"
"126","8","1","396","372","396"
"126","8","2","397","320","320"
"126","8","3","345","321","321"
"126","4","0","346","396","346"
"126","4","1","320","321","320"
"126","2","0","346","320","346"
"127","16","0","478","479","478"
"127","16","1","480","481","480"
"127","16","2","482","483","483"
"127","16","3","493","494","494"
"127","16","4","495","496","496"
"127","16","5","497","498","497"
"127","16","6","499","476","499"
"127","16","7","500","477","500"
"127","8","0","478","480","480"
"127","8","1","483","494","483"
"127","8","2","496","497","496"
"127","8","3","499","500","499"
"127","4","0","480","483","483"
"127","4","1","496","499","499"
"127","2","0","483","499","499"
"128","16","0","902","687","687"
"128","16","1","365","43","365"
"128","16","2","730","408","730"
"128","16","3","86","773","86"
"128","16","4","451","129","129"
"128","16","5","816","494","494"
"128","16","6","172","859","859"
"128","16","7","537","215","537"
"128","8","0","687","365","687"
"128","8","1","730","86","86"
"128","8","2","129","494","494"
"128","8","3","859","537","537"
"128","4","0","687","86","687"
"128","4","1","494","537","494"
"128","2","0","687","494","687"
"129","16","0","457","952","457"
"129","16","1","438","933","933"
"129","16","2","419","914","914"
"129","16","3","400","895","895"
"129","16","4","381","876","381"
"129","16","5","362","857","362"
"129","16","6","495","990","495"
"129","16","7","476","971","971"
"129","8","0","457","933","933"
"129","8","1","914","895","914"
"129","8","2","381","362","381"
"129","8","3","495","971","495"
"129","4","0","933","914","914"
"129","4","1","381","495","495"
"129","2","0","914","495","914"
"130","16","0","308","137","137"
"130","16","1","975","804","975"
"130","16","2","633","462","633"
"130","16","3","291","838","291"
"130","16","4","667","496","496"
"130","16","5","325","154","154"
"130","16","6","992","821","821"
"130","16","7","650","479","650"
"130","8","0","137","975","137"
"130","8","1","633","291","291"
"130","8","2","496","154","154"
"130","8","3","821","650","650"
"130","4","0","137","291","137"
"130","4","1","154","650","154"
"130","2","0","137","154","154"
"131","16","0","731","905","731"
"131","16","1","70","244","70"
"131","16","2","418","592","418"
"131","16","3","766","174","174"
"131","16","4","348","522","522"
"131","16","5","696","870","696"
"131","16","6","35","209","35"
"131","16","7","383","557","383"
"131","8","0","731","70","70"
"131","8","1","418","174","174"
"131","8","2","522","696","522"
"131","8","3","35","383","35"
"131","4","0","70","174","70"
"131","4","1","522","35","35"
"131","2","0","70","35","35"
"132","16","0","199","4","4"
"132","16","1","228","163","163"
"132","16","2","196","1","196"
"132","16","3","229","164","229"
"132","16","4","197","2","197"
"132","16","5","230","165","165"
"132","16","6","198","3","3"
"132","16","7","231","166","166"
"132","8","0","4","163","4"
"132","8","1","196","229","196"
"132","8","2","197","165","165"
"132","8","3","3","166","166"
"132","4","0","4","196","196"
"132","4","1","165","166","165"
"132","2","0","196","165","196"
"133","16","0","301","274","301"
"133","16","1","247","302","247"
"133","16","2","275","248","248"
"133","16","3","303","276","276"
"133","16","4","249","304","304"
"133","16","5","277","250","277"
"133","16","6","305","300","305"
"133","16","7","273","246","273"
"133","8","0","301","247","247"
"133","8","1","248","276","276"
"133","8","2","304","277","304"
"133","8","3","305","273","305"
"133","4","0","247","276","247"
"133","4","1","304","305","305"
"133","2","0","247","305","305"
"134","16","0","322","396","396"
"134","16","1","347","372","372"
"134","16","2","323","397","323"
"134","16","3","348","373","348"
"134","16","4","320","394","320"
"134","16","5","345","370","370"
"134","16","6","321","395","395"
"134","16","7","346","371","371"
"134","8","0","396","372","396"
"134","8","1","323","348","323"
"134","8","2","320","370","370"
"134","8","3","395","371","371"
"134","4","0","396","323","396"
"134","4","1","370","371","370"
"134","2","0","396","370","396"
"135","16","0","481","482","481"
"135","16","1","483","493","483"
"135","16","2","494","495","495"
"135","16","3","496","497","497"
"135","16","4","498","499","499"
"135","16","5","476","500","476"
"135","16","6","477","478","477"
"135","16","7","479","480","479"
"135","8","0","481","483","483"
"135","8","1","495","497","497"
"135","8","2","499","476","499"
"135","8","3","477","479","477"
"135","4","0","483","497","497"
"135","4","1","499","477","477"
"135","2","0","497","477","477"
"136","16","0","43","730","730"
"136","16","1","408","86","86"
"136","16","2","773","451","773"
"136","16","3","129","816","129"
"136","16","4","494","172","494"
"136","16","5","859","537","537"
"136","16","6","215","902","902"
"136","16","7","687","365","687"
"136","8","0","730","86","730"
"136","8","1","773","129","773"
"136","8","2","494","537","537"
"136","8","3","902","687","687"
"136","4","0","730","773","730"
"136","4","1","537","687","537"
"136","2","0","730","537","730"
"137","16","0","244","418","244"
"137","16","1","592","766","592"
"137","16","2","174","348","174"
"137","16","3","522","696","696"
"137","16","4","870","35","35"
"137","16","5","209","383","383"
"137","16","6","557","731","557"
"137","16","7","905","70","905"
"137","8","0","244","592","592"
"137","8","1","174","696","696"
"137","8","2","35","383","383"
"137","8","3","557","905","557"
"137","4","0","592","696","592"
"137","4","1","383","557","557"
"137","2","0","592","557","557"
"138","16","0","163","196","196"
"138","16","1","1","229","229"
"138","16","2","164","197","164"
"138","16","3","2","230","2"
"138","16","4","165","198","165"
"138","16","5","3","231","231"
"138","16","6","166","199","199"
"138","16","7","4","228","228"
"138","8","0","196","229","196"
"138","8","1","164","2","164"
"138","8","2","165","231","231"
"138","8","3","199","228","228"
"138","4","0","196","164","164"
"138","4","1","231","228","231"
"138","2","0","164","231","164"
"139","16","0","302","275","302"
"139","16","1","248","303","248"
"139","16","2","276","249","249"
"139","16","3","304","277","277"
"139","16","4","250","305","305"
"139","16","5","300","273","300"
"139","16","6","246","301","246"
"139","16","7","274","247","274"
"139","8","0","302","248","248"
"139","8","1","249","277","277"
"139","8","2","305","300","305"
"139","8","3","246","274","246"
"139","4","0","248","277","248"
"139","4","1","305","246","246"
"139","2","0","248","246","246"
"140","16","0","291","838","838"
"140","16","1","667","496","667"
"140","16","2","325","154","325"
"140","16","3","992","821","992"
"140","16","4","650","479","479"
"140","16","5","308","137","137"
"140","16","6","975","804","804"
"140","16","7","633","462","633"
"140","8","0","838","667","838"
"140","8","1","325","992","992"
"140","8","2","479","137","137"
"140","8","3","804","633","633"
"140","4","0","838","992","838"
"140","4","1","137","633","137"
"140","2","0","838","137","838"
"141","16","0","496","497","496"
"141","16","1","498","499","498"
"141","16","2","476","500","500"
"141","16","3","477","478","478"
"141","16","4","479","480","480"
"141","16","5","481","482","481"
"141","16","6","483","493","483"
"141","16","7","494","495","494"
"141","8","0","496","498","498"
"141","8","1","500","478","478"
"141","8","2","480","481","480"
"141","8","3","483","494","483"
"141","4","0","498","478","498"
"141","4","1","480","483","483"
"141","2","0","498","483","483"
"142","16","0","129","816","816"
"142","16","1","494","172","172"
"142","16","2","859","537","859"
"142","16","3","215","902","215"
"142","16","4","687","365","687"
"142","16","5","43","730","730"
"142","16","6","408","86","86"
"142","16","7","773","451","451"
"142","8","0","816","172","816"
"142","8","1","859","215","859"
"142","8","2","687","730","730"
"142","8","3","86","451","451"
"142","4","0","816","859","816"
"142","4","1","730","451","730"
"142","2","0","816","730","816"
"143","16","0","876","362","876"
"143","16","1","857","495","857"
"143","16","2","990","476","476"
"143","16","3","971","457","457"
"143","16","4","952","438","438"
"143","16","5","933","419","933"
"143","16","6","914","400","914"
"143","16","7","895","381","895"
"143","8","0","876","857","857"
"143","8","1","476","457","457"
"143","8","2","438","933","438"
"143","8","3","914","895","914"
"143","4","0","857","457","457"
"143","4","1","438","914","914"
"143","2","0","457","914","914"
"144","16","0","496","325","325"
"144","16","1","154","992","992"
"144","16","2","821","650","821"
"144","16","3","479","308","479"
"144","16","4","137","975","137"
"144","16","5","804","633","633"
"144","16","6","462","291","291"
"144","16","7","838","667","838"
"144","8","0","325","992","325"
"144","8","1","821","479","821"
"144","8","2","137","633","633"
"144","8","3","291","838","838"
"144","4","0","325","821","325"
"144","4","1","633","838","633"
"144","2","0","325","633","325"
"145","16","0","2","230","230"
"145","16","1","165","198","198"
"145","16","2","3","231","231"
"145","16","3","166","199","166"
"145","16","4","4","228","4"
"145","16","5","163","196","163"
"145","16","6","1","229","229"
"145","16","7","164","197","197"
"145","8","0","230","198","230"
"145","8","1","231","166","231"
"145","8","2","4","163","4"
"145","8","3","229","197","197"
"145","4","0","230","231","231"
"145","4","1","4","197","4"
"145","2","0","231","4","231"
"146","16","0","304","277","304"
"146","16","1","250","305","250"
"146","16","2","300","273","300"
"146","16","3","246","301","301"
"146","16","4","274","247","247"
"146","16","5","302","275","275"
"146","16","6","248","303","248"
"146","16","7","276","249","276"
"146","8","0","304","250","250"
"146","8","1","300","301","301"
"146","8","2","247","275","275"
"146","8","3","248","276","248"
"146","4","0","250","301","250"
"146","4","1","275","248","248"
"146","2","0","250","248","248"
"147","16","0","394","345","345"
"147","16","1","370","321","321"
"147","16","2","395","346","395"
"147","16","3","371","322","371"
"147","16","4","396","347","396"
"147","16","5","372","323","323"
"147","16","6","397","348","348"
"147","16","7","373","320","320"
"147","8","0","345","321","345"
"147","8","1","395","371","395"
"147","8","2","396","323","323"
"147","8","3","348","320","320"
"147","4","0","345","395","395"
"147","4","1","323","320","323"
"147","2","0","395","323","395"
"148","16","0","499","476","499"
"148","16","1","500","477","500"
"148","16","2","478","479","479"
"148","16","3","480","481","481"
"148","16","4","482","483","483"
"148","16","5","493","494","493"
"148","16","6","495","496","495"
"148","16","7","497","498","497"
"148","8","0","499","500","500"
"148","8","1","479","481","481"
"148","8","2","483","493","483"
"148","8","3","495","497","495"
"148","4","0","500","481","500"
"148","4","1","483","495","495"
"148","2","0","500","495","495"
"149","16","0","172","859","859"
"149","16","1","537","215","215"
"149","16","2","902","687","902"
"149","16","3","365","43","365"
"149","16","4","730","408","730"
"149","16","5","86","773","773"
"149","16","6","451","129","129"
"149","16","7","816","494","494"
"149","8","0","859","215","859"
"149","8","1","902","365","902"
"149","8","2","730","773","773"
"149","8","3","129","494","494"
"149","4","0","859","902","859"
"149","4","1","773","494","773"
"149","2","0","859","773","859"
"150","16","0","495","990","495"
"150","16","1","476","971","476"
"150","16","2","457","952","952"
"150","16","3","438","933","933"
"150","16","4","419","914","914"
"150","16","5","400","895","400"
"150","16","6","381","876","381"
"150","16","7","362","857","362"
"150","8","0","495","476","476"
"150","8","1","952","933","933"
"150","8","2","914","400","914"
"150","8","3","381","362","381"
"150","4","0","476","933","933"
"150","4","1","914","381","381"
"150","2","0","933","381","381"
"151","16","0","35","209","35"
"151","16","1","383","557","383"
"151","16","2","731","905","731"
"151","16","3","70","244","244"
"151","16","4","418","592","592"
"151","16","5","766","174","174"
"151","16","6","348","522","348"
"151","16","7","696","870","696"
"151","8","0","35","383","383"
"151","8","1","731","244","244"
"151","8","2","592","174","174"
"151","8","3","348","696","348"
"151","4","0","383","244","383"
"151","4","1","174","348","174"
"151","2","0","383","174","174"
"152","16","0","198","3","3"
"152","16","1","231","166","166"
"152","16","2","199","4","4"
"152","16","3","228","163","228"
"152","16","4","196","1","196"
"152","16","5","229","164","229"
"152","16","6","197","2","2"
"152","16","7","230","165","165"
"152","8","0","3","166","3"
"152","8","1","4","228","4"
"152","8","2","196","229","196"
"152","8","3","2","165","165"
"152","4","0","3","4","4"
"152","4","1","196","165","196"
"152","2","0","4","196","4"
"153","16","0","305","300","305"
"153","16","1","273","246","273"
"153","16","2","301","274","301"
"153","16","3","247","302","302"
"153","16","4","275","248","248"
"153","16","5","303","276","276"
"153","16","6","249","304","249"
"153","16","7","277","250","277"
"153","8","0","305","273","273"
"153","8","1","301","302","302"
"153","8","2","248","276","276"
"153","8","3","249","277","249"
"153","4","0","273","302","273"
"153","4","1","276","249","249"
"153","2","0","273","249","249"
"154","16","0","321","395","395"
"154","16","1","346","371","371"
"154","16","2","322","396","396"
"154","16","3","347","372","347"
"154","16","4","323","397","323"
"154","16","5","348","373","348"
"154","16","6","320","394","394"
"154","16","7","345","370","370"
"154","8","0","395","371","395"
"154","8","1","396","347","396"
"154","8","2","323","348","323"
"154","8","3","394","370","370"
"154","4","0","395","396","396"
"154","4","1","323","370","323"
"154","2","0","396","323","396"
"155","16","0","557","731","557"
"155","16","1","905","70","905"
"155","16","2","244","418","244"
"155","16","3","592","766","766"
"155","16","4","174","348","348"
"155","16","5","522","696","696"
"155","16","6","870","35","870"
"155","16","7","209","383","209"
"155","8","0","557","905","905"
"155","8","1","244","766","766"
"155","8","2","348","696","696"
"155","8","3","870","209","870"
"155","4","0","905","766","905"
"155","4","1","696","870","696"
"155","2","0","905","696","696"
"156","16","0","365","43","43"
"156","16","1","730","408","408"
"156","16","2","86","773","86"
"156","16","3","451","129","451"
"156","16","4","816","494","816"
"156","16","5","172","859","859"
"156","16","6","537","215","215"
"156","16","7","902","687","687"
"156","8","0","43","408","43"
"156","8","1","86","451","86"
"156","8","2","816","859","859"
"156","8","3","215","687","687"
"156","4","0","43","86","86"
"156","4","1","859","687","859"
"156","2","0","86","859","86"
"157","16","0","438","933","438"
"157","16","1","419","914","419"
"157","16","2","400","895","895"
"157","16","3","381","876","876"
"157","16","4","362","857","857"
"157","16","5","495","990","495"
"157","16","6","476","971","476"
"157","16","7","457","952","457"
"157","8","0","438","419","419"
"157","8","1","895","876","876"
"157","8","2","857","495","857"
"157","8","3","476","457","476"
"157","4","0","419","876","419"
"157","4","1","857","476","476"
"157","2","0","419","476","476"
"158","16","0","975","804","804"
"158","16","1","633","462","462"
"158","16","2","291","838","291"
"158","16","3","667","496","667"
"158","16","4","325","154","325"
"158","16","5","992","821","821"
"158","16","6","650","479","479"
"158","16","7","308","137","137"
"158","8","0","804","462","804"
"158","8","1","291","667","291"
"158","8","2","325","821","821"
"158","8","3","479","137","137"
"158","4","0","804","291","804"
"158","4","1","821","137","821"
"158","2","0","804","821","804"
"159","16","0","247","302","247"
"159","16","1","275","248","275"
"159","16","2","303","276","303"
"159","16","3","249","304","304"
"159","16","4","277","250","250"
"159","16","5","305","300","300"
"159","16","6","273","246","273"
"159","16","7","301","274","301"
"159","8","0","247","275","275"
"159","8","1","303","304","304"
"159","8","2","250","300","300"
"159","8","3","273","301","273"
"159","4","0","275","304","275"
"159","4","1","300","273","300"
"159","2","0","275","300","300"
"160","16","0","347","372","372"
"160","16","1","323","397","397"
"160","16","2","348","373","373"
"160","16","3","320","394","320"
"160","16","4","345","370","345"
"160","16","5","321","395","321"
"160","16","6","346","371","371"
"160","16","7","322","396","396"
"160","8","0","372","397","372"
"160","8","1","373","320","373"
"160","8","2","345","321","345"
"160","8","3","371","396","396"
"160","4","0","372","373","373"
"160","4","1","345","396","345"
"160","2","0","373","345","373"
"161","16","0","483","493","483"
"161","16","1","494","495","494"
"161","16","2","496","497","496"
"161","16","3","498","499","499"
"161","16","4","476","500","500"
"161","16","5","477","478","478"
"161","16","6","479","480","479"
"161","16","7","481","482","481"
"161","8","0","483","494","494"
"161","8","1","496","499","499"
"161","8","2","500","478","478"
"161","8","3","479","481","479"
"161","4","0","494","499","494"
"161","4","1","478","479","479"
"161","2","0","494","479","479"
"162","16","0","408","86","86"
"162","16","1","773","451","451"
"162","16","2","129","816","816"
"162","16","3","494","172","494"
"162","16","4","859","537","859"
"162","16","5","215","902","215"
"162","16","6","687","365","365"
"162","16","7","43","730","730"
"162","8","0","86","451","86"
"162","8","1","816","494","816"
"162","8","2","859","215","859"
"162","8","3","365","730","730"
"162","4","0","86","816","816"
"162","4","1","859","730","859"
"162","2","0","816","859","816"
"163","16","0","914","400","914"
"163","16","1","895","381","895"
"163","16","2","876","362","876"
"163","16","3","857","495","495"
"163","16","4","990","476","476"
"163","16","5","971","457","971"
"163","16","6","952","438","952"
"163","16","7","933","419","933"
"163","8","0","914","895","895"
"163","8","1","876","495","495"
"163","8","2","476","971","476"
"163","8","3","952","933","952"
"163","4","0","895","495","895"
"163","4","1","476","952","952"
"163","2","0","895","952","952"
"164","16","0","462","291","291"
"164","16","1","838","667","667"
"164","16","2","496","325","496"
"164","16","3","154","992","154"
"164","16","4","821","650","821"
"164","16","5","479","308","308"
"164","16","6","137","975","975"
"164","16","7","804","633","633"
"164","8","0","291","667","291"
"164","8","1","496","154","496"
"164","8","2","821","308","308"
"164","8","3","975","633","633"
"164","4","0","291","496","496"
"164","4","1","308","633","308"
"164","2","0","496","308","496"
"165","16","0","592","766","766"
"165","16","1","174","348","174"
"165","16","2","522","696","522"
"165","16","3","870","35","870"
"165","16","4","209","383","383"
"165","16","5","557","731","731"
"165","16","6","905","70","70"
"165","16","7","244","418","244"
"165","8","0","766","174","766"
"165","8","1","522","870","870"
"165","8","2","383","731","731"
"165","8","3","70","244","244"
"165","4","0","766","870","766"
"165","4","1","731","244","731"
"165","2","0","766","731","731"
"166","16","0","1","229","1"
"166","16","1","164","197","197"
"166","16","2","2","230","230"
"166","16","3","165","198","198"
"166","16","4","3","231","3"
"166","16","5","166","199","166"
"166","16","6","4","228","4"
"166","16","7","163","196","196"
"166","8","0","1","197","1"
"166","8","1","230","198","230"
"166","8","2","3","166","3"
"166","8","3","4","196","196"
"166","4","0","1","230","230"
"166","4","1","3","196","196"
"166","2","0","230","196","230"
"167","16","0","248","303","248"
"167","16","1","276","249","276"
"167","16","2","304","277","304"
"167","16","3","250","305","305"
"167","16","4","300","273","273"
"167","16","5","246","301","301"
"167","16","6","274","247","274"
"167","16","7","302","275","302"
"167","8","0","248","276","276"
"167","8","1","304","305","305"
"167","8","2","273","301","301"
"167","8","3","274","302","274"
"167","4","0","276","305","276"
"167","4","1","301","274","301"
"167","2","0","276","301","301"
"168","16","0","397","348","348"
"168","16","1","373","320","320"
"168","16","2","394","345","345"
"168","16","3","370","321","370"
"168","16","4","395","346","395"
"168","16","5","371","322","371"
"168","16","6","396","347","347"
"168","16","7","372","323","323"
"168","8","0","348","320","348"
"168","8","1","345","370","345"
"168","8","2","395","371","395"
"168","8","3","347","323","323"
"168","4","0","348","345","345"
"168","4","1","395","323","323"
"168","2","0","345","323","345"
"169","16","0","495","496","495"
"169","16","1","497","498","497"
"169","16","2","499","476","499"
"169","16","3","500","477","477"
"169","16","4","478","479","479"
"169","16","5","480","481","481"
"169","16","6","482","483","482"
"169","16","7","493","494","493"
"169","8","0","495","497","497"
"169","8","1","499","477","477"
"169","8","2","479","481","481"
"169","8","3","482","493","482"
"169","4","0","497","477","497"
"169","4","1","481","482","482"
"169","2","0","497","482","482"
"170","16","0","348","522","522"
"170","16","1","696","870","696"
"170","16","2","35","209","35"
"170","16","3","383","557","383"
"170","16","4","731","905","905"
"170","16","5","70","244","244"
"170","16","6","418","592","592"
"170","16","7","766","174","766"
"170","8","0","522","696","522"
"170","8","1","35","383","383"
"170","8","2","905","244","244"
"170","8","3","592","766","766"
"170","4","0","522","383","522"
"170","4","1","244","766","244"
"170","2","0","522","244","244"
"171","16","0","197","2","197"
"171","16","1","230","165","165"
"171","16","2","198","3","3"
"171","16","3","231","166","166"
"171","16","4","199","4","199"
"171","16","5","228","163","228"
"171","16","6","196","1","196"
"171","16","7","229","164","164"
"171","8","0","197","165","165"
"171","8","1","3","166","3"
"171","8","2","199","228","199"
"171","8","3","196","164","196"
"171","4","0","165","3","3"
"171","4","1","199","196","196"
"171","2","0","3","196","3"
"172","16","0","857","495","857"
"172","16","1","990","476","990"
"172","16","2","971","457","971"
"172","16","3","952","438","438"
"172","16","4","933","419","419"
"172","16","5","914","400","400"
"172","16","6","895","381","895"
"172","16","7","876","362","876"
"172","8","0","857","990","990"
"172","8","1","971","438","438"
"172","8","2","419","400","400"
"172","8","3","895","876","895"
"172","4","0","990","438","990"
"172","4","1","400","895","895"
"172","2","0","990","895","895"
"173","16","0","154","992","992"
"173","16","1","821","650","650"
"173","16","2","479","308","308"
"173","16","3","137","975","137"
"173","16","4","804","633","804"
"173","16","5","462","291","462"
"173","16","6","838","667","667"
"173","16","7","496","325","325"
"173","8","0","992","650","992"
"173","8","1","308","137","308"
"173","8","2","804","462","804"
"173","8","3","667","325","325"
"173","4","0","992","308","308"
"173","4","1","804","325","804"
"173","2","0","308","804","308"
"174","16","0","370","321","370"
"174","16","1","395","346","346"
"174","16","2","371","322","322"
"174","16","3","396","347","347"
"174","16","4","372","323","372"
"174","16","5","397","348","397"
"174","16","6","373","320","373"
"174","16","7","394","345","345"
"174","8","0","370","346","370"
"174","8","1","322","347","322"
"174","8","2","372","397","372"
"174","8","3","373","345","345"
"174","4","0","370","322","322"
"174","4","1","372","345","345"
"174","2","0","322","345","322"
"175","16","0","500","477","500"
"175","16","1","478","479","478"
"175","16","2","480","481","480"
"175","16","3","482","483","483"
"175","16","4","493","494","494"
"175","16","5","495","496","496"
"175","16","6","497","498","497"
"175","16","7","499","476","499"
"175","8","0","500","478","478"
"175","8","1","480","483","483"
"175","8","2","494","496","496"
"175","8","3","497","499","497"
"175","4","0","478","483","478"
"175","4","1","496","497","496"
"175","2","0","478","496","496"
"176","16","0","537","215","215"
"176","16","1","902","687","687"
"176","16","2","365","43","43"
"176","16","3","730","408","730"
"176","16","4","86","773","86"
"176","16","5","451","129","451"
"176","16","6","816","494","494"
"176","16","7","172","859","859"
"176","8","0","215","687","215"
"176","8","1","43","730","43"
"176","8","2","86","451","86"
"176","8","3","494","859","859"
"176","4","0","215","43","43"
"176","4","1","86","859","859"
"176","2","0","43","859","43"
"177","16","0","476","971","476"
"177","16","1","457","952","457"
"177","16","2","438","933","438"
"177","16","3","419","914","914"
"177","16","4","400","895","895"
"177","16","5","381","876","876"
"177","16","6","362","857","362"
"177","16","7","495","990","495"
"177","8","0","476","457","457"
"177","8","1","438","914","914"
"177","8","2","895","876","876"
"177","8","3","362","495","362"
"177","4","0","457","914","457"
"177","4","1","876","362","362"
"177","2","0","457","362","362"
"178","16","0","650","479","479"
"178","16","1","308","137","137"
"178","16","2","975","804","804"
"178","16","3","633","462","633"
"178","16","4","291","838","291"
"178","16","5","667","496","667"
"178","16","6","325","154","154"
"178","16","7","992","821","821"
"178","8","0","479","137","479"
"178","8","1","804","633","804"
"178","8","2","291","667","291"
"178","8","3","154","821","821"
"178","4","0","479","804","804"
"178","4","1","291","821","291"
"178","2","0","804","291","804"
"179","16","0","383","557","557"
"179","16","1","731","905","731"
"179","16","2","70","244","70"
"179","16","3","418","592","418"
"179","16","4","766","174","174"
"179","16","5","348","522","522"
"179","16","6","696","870","870"
"179","16","7","35","209","35"
"179","8","0","557","731","557"
"179","8","1","70","418","418"
"179","8","2","174","522","522"
"179","8","3","870","35","35"
"179","4","0","557","418","557"
"179","4","1","522","35","522"
"179","2","0","557","522","522"
"180","16","0","231","166","231"
"180","16","1","199","4","4"
"180","16","2","228","163","163"
"180","16","3","196","1","1"
"180","16","4","229","164","229"
"180","16","5","197","2","197"
"180","16","6","230","165","230"
"180","16","7","198","3","3"
"180","8","0","231","4","4"
"180","8","1","163","1","163"
"180","8","2","229","197","229"
"180","8","3","230","3","230"
"180","4","0","4","163","163"
"180","4","1","229","230","230"
"180","2","0","163","230","163"
"181","16","0","273","246","246"
"181","16","1","301","274","301"
"181","16","2","247","302","247"
"181","16","3","275","248","275"
"181","16","4","303","276","276"
"181","16","5","249","304","304"
"181","16","6","277","250","250"
"181","16","7","305","300","305"
"181","8","0","246","301","246"
"181","8","1","247","275","275"
"181","8","2","276","304","304"
"181","8","3","250","305","305"
"181","4","0","246","275","246"
"181","4","1","304","305","304"
"181","2","0","246","304","304"
"182","16","0","346","371","346"
"182","16","1","322","396","396"
"182","16","2","347","372","372"
"182","16","3","323","397","397"
"182","16","4","348","373","348"
"182","16","5","320","394","320"
"182","16","6","345","370","345"
"182","16","7","321","395","395"
"182","8","0","346","396","396"
"182","8","1","372","397","372"
"182","8","2","348","320","348"
"182","8","3","345","395","345"
"182","4","0","396","372","372"
"182","4","1","348","345","345"
"182","2","0","372","345","372"
"183","16","0","479","480","480"
"183","16","1","481","482","481"
"183","16","2","483","493","483"
"183","16","3","494","495","494"
"183","16","4","496","497","497"
"183","16","5","498","499","499"
"183","16","6","476","500","476"
"183","16","7","477","478","477"
"183","8","0","480","481","480"
"183","8","1","483","494","494"
"183","8","2","497","499","499"
"183","8","3","476","477","476"
"183","4","0","480","494","480"
"183","4","1","499","476","499"
"183","2","0","480","499","499"
"184","16","0","687","365","365"
"184","16","1","43","730","730"
"184","16","2","408","86","86"
"184","16","3","773","451","773"
"184","16","4","129","816","129"
"184","16","5","494","172","494"
"184","16","6","859","537","537"
"184","16","7","215","902","902"
"184","8","0","365","730","365"
"184","8","1","86","773","86"
"184","8","2","129","494","129"
"184","8","3","537","902","902"
"184","4","0","365","86","86"
"184","4","1","129","902","902"
"184","2","0","86","902","86"
"185","16","0","905","70","70"
"185","16","1","244","418","244"
"185","16","2","592","766","592"
"185","16","3","174","348","174"
"185","16","4","522","696","696"
"185","16","5","870","35","35"
"185","16","6","209","383","383"
"185","16","7","557","731","557"
"185","8","0","70","244","70"
"185","8","1","592","174","174"
"185","8","2","696","35","35"
"185","8","3","383","557","557"
"185","4","0","70","174","70"
"185","4","1","35","557","35"
"185","2","0","70","35","70"
"186","16","0","4","228","4"
"186","16","1","163","196","196"
"186","16","2","1","229","229"
"186","16","3","164","197","197"
"186","16","4","2","230","2"
"186","16","5","165","198","165"
"186","16","6","3","231","3"
"186","16","7","166","199","199"
"186","8","0","4","196","196"
"186","8","1","229","197","229"
"186","8","2","2","165","2"
"186","8","3","3","199","3"
"186","4","0","196","229","229"
"186","4","1","2","3","3"
"186","2","0","229","3","229"
"187","16","0","274","247","247"
"187","16","1","302","275","302"
"187","16","2","248","303","248"
"187","16","3","276","249","276"
"187","16","4","304","277","277"
"187","16","5","250","305","305"
"187","16","6","300","273","273"
"187","16","7","246","301","246"
"187","8","0","247","302","247"
"187","8","1","248","276","276"
"187","8","2","277","305","305"
"187","8","3","273","246","246"
"187","4","0","247","276","247"
"187","4","1","305","246","305"
"187","2","0","247","305","305"
"188","16","0","633","462","462"
"188","16","1","291","838","838"
"188","16","2","667","496","496"
"188","16","3","325","154","325"
"188","16","4","992","821","992"
"188","16","5","650","479","650"
"188","16","6","308","137","137"
"188","16","7","975","804","804"
"188","8","0","462","838","462"
"188","8","1","496","325","496"
"188","8","2","992","650","992"
"188","8","3","137","804","804"
"188","4","0","462","496","496"
"188","4","1","992","804","804"
"188","2","0","496","804","496"
"189","16","0","494","495","495"
"189","16","1","496","497","496"
"189","16","2","498","499","498"
"189","16","3","476","500","476"
"189","16","4","477","478","478"
"189","16","5","479","480","480"
"189","16","6","481","482","482"
"189","16","7","483","493","483"
"189","8","0","495","496","495"
"189","8","1","498","476","476"
"189","8","2","478","480","480"
"189","8","3","482","483","483"
"189","4","0","495","476","495"
"189","4","1","480","483","480"
"189","2","0","495","480","480"
"190","16","0","773","451","773"
"190","16","1","129","816","816"
"190","16","2","494","172","172"
"190","16","3","859","537","537"
"190","16","4","215","902","215"
"190","16","5","687","365","687"
"190","16","6","43","730","43"
"190","16","7","408","86","86"
"190","8","0","773","816","816"
"190","8","1","172","537","172"
"190","8","2","215","687","215"
"190","8","3","43","86","43"
"190","4","0","816","172","172"
"190","4","1","215","43","43"
"190","2","0","172","43","172"
"191","16","0","895","381","381"
"191","16","1","876","362","876"
"191","16","2","857","495","857"
"191","16","3","990","476","990"
"191","16","4","971","457","457"
"191","16","5","952","438","438"
"191","16","6","933","419","933"
"191","16","7","914","400","914"
"191","8","0","381","876","381"
"191","8","1","857","990","990"
"191","8","2","457","438","438"
"191","8","3","933","914","933"
"191","4","0","381","990","381"
"191","4","1","438","933","438"
"191","2","0","381","438","438"
"192","16","0","838","667","667"
"192","16","1","496","325","325"
"192","16","2","154","992","992"
"192","16","3","821","650","821"
"192","16","4","479","308","479"
"192","16","5","137","975","137"
"192","16","6","804","633","633"
"192","16","7","462","291","291"
"192","8","0","667","325","667"
"192","8","1","992","821","992"
"192","8","2","479","137","479"
"192","8","3","633","291","291"
"192","4","0","667","992","992"
"192","4","1","479","291","291"
"192","2","0","992","291","992"
"193","16","0","164","197","164"
"193","16","1","2","230","2"
"193","16","2","165","198","198"
"193","16","3","3","231","231"
"193","16","4","166","199","199"
"193","16","5","4","228","4"
"193","16","6","163","196","163"
"193","16","7","1","229","1"
"193","8","0","164","2","2"
"193","8","1","198","231","231"
"193","8","2","199","4","199"
"193","8","3","163","1","163"
"193","4","0","2","231","231"
"193","4","1","199","163","163"
"193","2","0","231","163","163"
"194","16","0","276","249","249"
"194","16","1","304","277","304"
"194","16","2","250","305","250"
"194","16","3","300","273","300"
"194","16","4","246","301","301"
"194","16","5","274","247","247"
"194","16","6","302","275","275"
"194","16","7","248","303","248"
"194","8","0","249","304","249"
"194","8","1","250","300","300"
"194","8","2","301","247","247"
"194","8","3","275","248","248"
"194","4","0","249","300","249"
"194","4","1","247","248","247"
"194","2","0","249","247","249"
"195","16","0","373","320","373"
"195","16","1","394","345","345"
"195","16","2","370","321","321"
"195","16","3","395","346","346"
"195","16","4","371","322","371"
"195","16","5","396","347","396"
"195","16","6","372","323","372"
"195","16","7","397","348","348"
"195","8","0","373","345","345"
"195","8","1","321","346","321"
"195","8","2","371","396","371"
"195","8","3","372","348","372"
"195","4","0","345","321","321"
"195","4","1","371","372","372"
"195","2","0","321","372","321"
"196","16","0","497","498","498"
"196","16","1","499","476","499"
"196","16","2","500","477","500"
"196","16","3","478","479","478"
"196","16","4","480","481","481"
"196","16","5","482","483","483"
"196","16","6","493","494","494"
"196","16","7","495","496","495"
"196","8","0","498","499","498"
"196","8","1","500","478","478"
"196","8","2","481","483","483"
"196","8","3","494","495","495"
"196","4","0","498","478","498"
"196","4","1","483","495","483"
"196","2","0","498","483","483"
"197","16","0","816","494","816"
"197","16","1","172","859","859"
"197","16","2","537","215","215"
"197","16","3","902","687","687"
"197","16","4","365","43","365"
"197","16","5","730","408","730"
"197","16","6","86","773","86"
"197","16","7","451","129","129"
"197","8","0","816","859","859"
"197","8","1","215","687","215"
"197","8","2","365","730","365"
"197","8","3","86","129","86"
"197","4","0","859","215","215"
"197","4","1","365","86","86"
"197","2","0","215","86","215"
"198","16","0","362","857","857"
"198","16","1","495","990","495"
"198","16","2","476","971","476"
"198","16","3","457","952","457"
"198","16","4","438","933","933"
"198","16","5","419","914","914"
"198","16","6","400","895","895"
"198","16","7","381","876","381"
"198","8","0","857","495","857"
"198","8","1","476","457","457"
"198","8","2","933","914","914"
"198","8","3","895","381","381"
"198","4","0","857","457","857"
"198","4","1","914","381","914"
"198","2","0","857","914","914"
"199","16","0","696","870","870"
"199","16","1","35","209","209"
"199","16","2","383","557","383"
"199","16","3","731","905","731"
"199","16","4","70","244","70"
"199","16","5","418","592","592"
"199","16","6","766","174","174"
"199","16","7","348","522","522"
"199","8","0","870","209","870"
"199","8","1","383","731","383"
"199","8","2","70","592","592"
"199","8","3","174","522","522"
"199","4","0","870","383","870"
"199","4","1","592","522","592"
"199","2","0","870","592","870"
"200","16","0","230","165","230"
"200","16","1","198","3","198"
"200","16","2","231","166","166"
"200","16","3","199","4","4"
"200","16","4","228","163","163"
"200","16","5","196","1","196"
"200","16","6","229","164","229"
"200","16","7","197","2","197"
"200","8","0","230","198","198"
"200","8","1","166","4","4"
"200","8","2","163","196","163"
"200","8","3","229","197","229"
"200","4","0","198","4","4"
"200","4","1","163","229","229"
"200","2","0","4","229","229"
"201","16","0","277","250","250"
"201","16","1","305","300","300"
"201","16","2","273","246","273"
"201","16","3","301","274","301"
"201","16","4","247","302","247"
"201","16","5","275","248","248"
"201","16","6","303","276","276"
"201","16","7","249","304","304"
"201","8","0","250","300","250"
"201","8","1","273","301","273"
"201","8","2","247","248","248"
"201","8","3","276","304","304"
"201","4","0","250","273","250"
"201","4","1","248","304","248"
"201","2","0","250","248","250"
"202","16","0","345","370","345"
"202","16","1","321","395","321"
"202","16","2","346","371","371"
"202","16","3","322","396","396"
"202","16","4","347","372","347"
"202","16","5","323","397","323"
"202","16","6","348","373","348"
"202","16","7","320","394","394"
"202","8","0","345","321","321"
"202","8","1","371","396","371"
"202","8","2","347","323","347"
"202","8","3","348","394","348"
"202","4","0","321","371","371"
"202","4","1","347","348","348"
"202","2","0","371","348","348"
"203","16","0","209","383","383"
"203","16","1","557","731","731"
"203","16","2","905","70","905"
"203","16","3","244","418","244"
"203","16","4","592","766","592"
"203","16","5","174","348","348"
"203","16","6","522","696","696"
"203","16","7","870","35","35"
"203","8","0","383","731","383"
"203","8","1","905","244","905"
"203","8","2","592","348","348"
"203","8","3","696","35","35"
"203","4","0","383","905","905"
"203","4","1","348","35","348"
"203","2","0","905","348","905"
"204","16","0","902","687","902"
"204","16","1","365","43","43"
"204","16","2","730","408","408"
"204","16","3","86","773","773"
"204","16","4","451","129","451"
"204","16","5","816","494","816"
"204","16","6","172","859","172"
"204","16","7","537","215","215"
"204","8","0","902","43","43"
"204","8","1","408","773","408"
"204","8","2","451","816","451"
"204","8","3","172","215","172"
"204","4","0","43","408","408"
"204","4","1","451","172","172"
"204","2","0","408","172","408"
"205","16","0","457","952","952"
"205","16","1","438","933","438"
"205","16","2","419","914","419"
"205","16","3","400","895","400"
"205","16","4","381","876","876"
"205","16","5","362","857","857"
"205","16","6","495","990","990"
"205","16","7","476","971","476"
"205","8","0","952","438","952"
"205","8","1","419","400","400"
"205","8","2","876","857","857"
"205","8","3","990","476","476"
"205","4","0","952","400","952"
"205","4","1","857","476","857"
"205","2","0","952","857","857"
"206","16","0","308","137","308"
"206","16","1","975","804","804"
"206","16","2","633","462","462"
"206","16","3","291","838","838"
"206","16","4","667","496","667"
"206","16","5","325","154","325"
"206","16","6","992","821","992"
"206","16","7","650","479","479"
"206","8","0","308","804","804"
"206","8","1","462","838","462"
"206","8","2","667","325","667"
"206","8","3","992","479","992"
"206","4","0","804","462","462"
"206","4","1","667","992","992"
"206","2","0","462","992","462"
"207","16","0","301","274","274"
"207","16","1","247","302","302"
"207","16","2","275","248","275"
"207","16","3","303","276","303"
"207","16","4","249","304","249"
"207","16","5","277","250","250"
"207","16","6","305","300","300"
"207","16","7","273","246","246"
"207","8","0","274","302","274"
"207","8","1","275","303","275"
"207","8","2","249","250","250"
"207","8","3","300","246","246"
"207","4","0","274","275","274"
"207","4","1","250","246","250"
"207","2","0","274","250","274"
"208","16","0","322","396","322"
"208","16","1","347","372","347"
"208","16","2","323","397","397"
"208","16","3","348","373","373"
"208","16","4","320","394","394"
"208","16","5","345","370","345"
"208","16","6","321","395","321"
"208","16","7","346","371","346"
"208","8","0","322","347","347"
"208","8","1","397","373","373"
"208","8","2","394","345","394"
"208","8","3","321","346","321"
"208","4","0","347","373","373"
"208","4","1","394","321","321"
"208","2","0","373","321","321"
"209","16","0","481","482","482"
"209","16","1","483","493","493"
"209","16","2","494","495","494"
"209","16","3","496","497","496"
"209","16","4","498","499","498"
"209","16","5","476","500","500"
"209","16","6","477","478","478"
"209","16","7","479","480","480"
"209","8","0","482","493","482"
"209","8","1","494","496","494"
"209","8","2","498","500","500"
"209","8","3","478","480","480"
"209","4","0","482","494","482"
"209","4","1","500","480","500"
"209","2","0","482","500","482"
"210","16","0","43","730","43"
"210","16","1","408","86","408"
"210","16","2","773","451","451"
"210","16","3","129","816","816"
"210","16","4","494","172","494"
"210","16","5","859","537","859"
"210","16","6","215","902","215"
"210","16","7","687","365","365"
"210","8","0","43","408","408"
"210","8","1","451","816","451"
"210","8","2","494","859","494"
"210","8","3","215","365","215"
"210","4","0","408","451","451"
"210","4","1","494","215","215"
"210","2","0","451","215","215"
"211","16","0","933","419","419"
"211","16","1","914","400","914"
"211","16","2","895","381","895"
"211","16","3","876","362","876"
"211","16","4","857","495","495"
"211","16","5","990","476","476"
"211","16","6","971","457","457"
"211","16","7","952","438","952"
"211","8","0","419","914","419"
"211","8","1","895","876","876"
"211","8","2","495","476","476"
"211","8","3","457","952","952"
"211","4","0","419","876","419"
"211","4","1","476","952","476"
"211","2","0","419","476","476"
"212","16","0","804","633","804"
"212","16","1","462","291","291"
"212","16","2","838","667","667"
"212","16","3","496","325","325"
"212","16","4","154","992","154"
"212","16","5","821","650","821"
"212","16","6","479","308","479"
"212","16","7","137","975","975"
"212","8","0","804","291","291"
"212","8","1","667","325","667"
"212","8","2","154","821","154"
"212","8","3","479","975","479"
"212","4","0","291","667","667"
"212","4","1","154","479","479"
"212","2","0","667","479","667"
"213","16","0","244","418","418"
"213","16","1","592","766","766"
"213","16","2","174","348","348"
"213","16","3","522","696","522"
"213","16","4","870","35","870"
"213","16","5","209","383","209"
"213","16","6","557","731","731"
"213","16","7","905","70","70"
"213","8","0","418","766","418"
"213","8","1","348","522","348"
"213","8","2","870","209","209"
"213","8","3","731","70","70"
"213","4","0","418","348","348"
"213","4","1","209","70","209"
"213","2","0","348","209","348"
"214","16","0","163","196","163"
"214","16","1","1","229","1"
"214","16","2","164","197","197"
"214","16","3","2","230","230"
"214","16","4","165","198","198"
"214","16","5","3","231","3"
"214","16","6","166","199","166"
"214","16","7","4","228","4"
"214","8","0","163","1","1"
"214","8","1","197","230","230"
"214","8","2","198","3","198"
"214","8","3","166","4","166"
"214","4","0","1","230","1"
"214","4","1","198","166","166"
"214","2","0","1","166","166"
"215","16","0","302","275","275"
"215","16","1","248","303","303"
"215","16","2","276","249","276"
"215","16","3","304","277","304"
"215","16","4","250","305","250"
"215","16","5","300","273","273"
"215","16","6","246","301","301"
"215","16","7","274","247","247"
"215","8","0","275","303","275"
"215","8","1","276","304","276"
"215","8","2","250","273","273"
"215","8","3","301","247","247"
"215","4","0","275","276","276"
"215","4","1","273","247","273"
"215","2","0","276","273","276"
"216","16","0","372","323","372"
"216","16","1","397","348","397"
"216","16","2","373","320","320"
"216","16","3","394","345","345"
"216","16","4","370","321","321"
"216","16","5","395","346","395"
"216","16","6","371","322","371"
"216","16","7","396","347","396"
"216","8","0","372","397","397"
"216","8","1","320","345","345"
"216","8","2","321","395","321"
"216","8","3","371","396","371"
"216","4","0","397","345","345"
"216","4","1","321","371","371"
"216","2","0","345","371","371"
"217","16","0","493","494","494"
"217","16","1","495","496","496"
"217","16","2","497","498","497"
"217","16","3","499","476","499"
"217","16","4","500","477","500"
"217","16","5","478","479","479"
"217","16","6","480","481","481"
"217","16","7","482","483","483"
"217","8","0","494","496","494"
"217","8","1","497","499","497"
"217","8","2","500","479","479"
"217","8","3","481","483","483"
"217","4","0","494","497","494"
"217","4","1","479","483","479"
"217","2","0","494","479","494"
"218","16","0","766","174","174"
"218","16","1","348","522","522"
"218","16","2","696","870","870"
"218","16","3","35","209","35"
"218","16","4","383","557","383"
"218","16","5","731","905","731"
"218","16","6","70","244","244"
"218","16","7","418","592","592"
"218","8","0","174","522","174"
"218","8","1","870","35","870"
"218","8","2","383","731","383"
"218","8","3","244","592","592"
"218","4","0","174","870","870"
"218","4","1","383","592","383"
"218","2","0","870","383","870"
"219","16","0","229","164","229"
"219","16","1","197","2","197"
"219","16","2","230","165","230"
"219","16","3","198","3","3"
"219","16","4","231","166","166"
"219","16","5","199","4","199"
"219","16","6","228","163","228"
"219","16","7","196","1","196"
"219","8","0","229","197","197"
"219","8","1","230","3","3"
"219","8","2","166","199","166"
"219","8","3","228","196","228"
"219","4","0","197","3","197"
"219","4","1","166","228","228"
"219","2","0","197","228","228"
"220","16","0","876","362","362"
"220","16","1","857","495","495"
"220","16","2","990","476","990"
"220","16","3","971","457","971"
"220","16","4","952","438","952"
"220","16","5","933","419","419"
"220","16","6","914","400","400"
"220","16","7","895","381","381"
"220","8","0","362","495","362"
"220","8","1","990","971","990"
"220","8","2","952","419","419"
"220","8","3","400","381","381"
"220","4","0","362","990","362"
"220","4","1","419","381","419"
"220","2","0","362","419","362"
"221","16","0","496","325","496"
"221","16","1","154","992","154"
"221","16","2","821","650","650"
"221","16","3","479","308","308"
"221","16","4","137","975","137"
"221","16","5","804","633","804"
"221","16","6","462","291","462"
"221","16","7","838","667","667"
"221","8","0","496","154","154"
"221","8","1","650","308","650"
"221","8","2","137","804","137"
"221","8","3","462","667","462"
"221","4","0","154","650","650"
"221","4","1","137","462","462"
"221","2","0","650","462","462"
"222","16","0","394","345","394"
"222","16","1","370","321","370"
"222","16","2","395","346","346"
"222","16","3","371","322","322"
"222","16","4","396","347","347"
"222","16","5","372","323","372"
"222","16","6","397","348","397"
"222","16","7","373","320","373"
"222","8","0","394","370","370"
"222","8","1","346","322","322"
"222","8","2","347","372","347"
"222","8","3","397","373","397"
"222","4","0","370","322","370"
"222","4","1","347","397","397"
"222","2","0","370","397","397"
"223","16","0","499","476","476"
"223","16","1","500","477","477"
"223","16","2","478","479","478"
"223","16","3","480","481","480"
"223","16","4","482","483","482"
"223","16","5","493","494","494"
"223","16","6","495","496","496"
"223","16","7","497","498","498"
"223","8","0","476","477","476"
"223","8","1","478","480","478"
"223","8","2","482","494","494"
"223","8","3","496","498","498"
"223","4","0","476","478","478"
"223","4","1","494","498","494"
"223","2","0","478","494","478"
"224","16","0","172","859","172"
"224","16","1","537","215","537"
"224","16","2","902","687","687"
"224","16","3","365","43","43"
"224","16","4","730","408","408"
"224","16","5","86","773","86"
"224","16","6","451","129","451"
"224","16","7","816","494","816"
"224","8","0","172","537","537"
"224","8","1","687","43","43"
"224","8","2","408","86","408"
"224","8","3","451","816","451"
"224","4","0","537","43","43"
"224","4","1","408","451","451"
"224","2","0","43","451","451"
"225","16","0","495","990","990"
"225","16","1","476","971","971"
"225","16","2","457","952","457"
"225","16","3","438","933","438"
"225","16","4","419","914","419"
"225","16","5","400","895","895"
"225","16","6","381","876","876"
"225","16","7","362","857","857"
"225","8","0","990","971","990"
"225","8","1","457","438","457"
"225","8","2","419","895","895"
"225","8","3","876","857","857"
"225","4","0","990","457","990"
"225","4","1","895","857","895"
"225","2","0","990","895","990"
"226","16","0","992","821","992"
"226","16","1","650","479","650"
"226","16","2","308","137","137"
"226","16","3","975","804","804"
"226","16","4","633","462","462"
"226","16","5","291","838","291"
"226","16","6","667","496","667"
"226","16","7","325","154","325"
"226","8","0","992","650","650"
"226","8","1","137","804","804"
"226","8","2","462","291","462"
"226","8","3","667","325","667"
"226","4","0","650","804","804"
"226","4","1","462","667","667"
"226","2","0","804","667","667"
"227","16","0","35","209","209"
"227","16","1","383","557","557"
"227","16","2","731","905","905"
"227","16","3","70","244","70"
"227","16","4","418","592","418"
"227","16","5","766","174","766"
"227","16","6","348","522","522"
"227","16","7","696","870","870"
"227","8","0","209","557","209"
"227","8","1","905","70","905"
"227","8","2","418","766","418"
"227","8","3","522","870","870"
"227","4","0","209","905","905"
"227","4","1","418","870","418"
"227","2","0","905","418","905"
"228","16","0","198","3","198"
"228","16","1","231","166","231"
"228","16","2","199","4","199"
"228","16","3","228","163","163"
"228","16","4","196","1","1"
"228","16","5","229","164","164"
"228","16","6","197","2","197"
"228","16","7","230","165","230"
"228","8","0","198","231","231"
"228","8","1","199","163","163"
"228","8","2","1","164","164"
"228","8","3","197","230","197"
"228","4","0","231","163","231"
"228","4","1","164","197","197"
"228","2","0","231","197","197"
"229","16","0","305","300","300"
"229","16","1","273","246","246"
"229","16","2","301","274","274"
"229","16","3","247","302","247"
"229","16","4","275","248","275"
"229","16","5","303","276","303"
"229","16","6","249","304","304"
"229","16","7","277","250","250"
"229","8","0","300","246","300"
"229","8","1","274","247","274"
"229","8","2","275","303","275"
"229","8","3","304","250","250"
"229","4","0","300","274","274"
"229","4","1","275","250","275"
"229","2","0","274","275","274"
"230","16","0","321","395","321"
"230","16","1","346","371","346"
"230","16","2","322","396","322"
"230","16","3","347","372","372"
"230","16","4","323","397","397"
"230","16","5","348","373","348"
"230","16","6","320","394","320"
"230","16","7","345","370","345"
"230","8","0","321","346","346"
"230","8","1","322","372","372"
"230","8","2","397","348","397"
"230","8","3","320","345","320"
"230","4","0","346","372","346"
"230","4","1","397","320","320"
"230","2","0","346","320","320"
"231","16","0","477","478","478"
"231","16","1","479","480","480"
"231","16","2","481","482","481"
"231","16","3","483","493","483"
"231","16","4","494","495","494"
"231","16","5","496","497","497"
"231","16","6","498","499","499"
"231","16","7","476","500","500"
"231","8","0","478","480","478"
"231","8","1","481","483","481"
"231","8","2","494","497","497"
"231","8","3","499","500","500"
"231","4","0","478","481","481"
"231","4","1","497","500","497"
"231","2","0","481","497","481"
"232","16","0","215","902","215"
"232","16","1","687","365","687"
"232","16","2","43","730","730"
"232","16","3","408","86","86"
"232","16","4","773","451","451"
"232","16","5","129","816","129"
"232","16","6","494","172","494"
"232","16","7","859","537","859"
"232","8","0","215","687","687"
"232","8","1","730","86","86"
"232","8","2","451","129","451"
"232","8","3","494","859","494"
"232","4","0","687","86","687"
"232","4","1","451","494","494"
"232","2","0","687","494","494"
"233","16","0","557","731","731"
"233","16","1","905","70","70"
"233","16","2","244","418","418"
"233","16","3","592","766","592"
"233","16","4","174","348","174"
"233","16","5","522","696","522"
"233","16","6","870","35","35"
"233","16","7","209","383","383"
"233","8","0","731","70","731"
"233","8","1","418","592","418"
"233","8","2","174","522","174"
"233","8","3","35","383","383"
"233","4","0","731","418","418"
"233","4","1","174","383","383"
"233","2","0","418","383","418"
"234","16","0","166","199","166"
"234","16","1","4","228","4"
"234","16","2","163","196","163"
"234","16","3","1","229","229"
"234","16","4","164","197","197"
"234","16","5","2","230","230"
"234","16","6","165","198","165"
"234","16","7","3","231","3"
"234","8","0","166","4","4"
"234","8","1","163","229","229"
"234","8","2","197","230","230"
"234","8","3","165","3","165"
"234","4","0","4","229","4"
"234","4","1","230","165","165"
"234","2","0","4","165","165"
"235","16","0","246","301","301"
"235","16","1","274","247","247"
"235","16","2","302","275","275"
"235","16","3","248","303","248"
"235","16","4","276","249","276"
"235","16","5","304","277","304"
"235","16","6","250","305","305"
"235","16","7","300","273","273"
"235","8","0","301","247","301"
"235","8","1","275","248","275"
"235","8","2","276","304","276"
"235","8","3","305","273","273"
"235","4","0","301","275","275"
"235","4","1","276","273","276"
"235","2","0","275","276","275"
"236","16","0","975","804","975"
"236","16","1","633","462","633"
"236","16","2","291","838","838"
"236","16","3","667","496","496"
"236","16","4","325","154","154"
"236","16","5","992","821","992"
"236","16","6","650","479","650"
"236","16","7","308","137","308"
"236","8","0","975","633","633"
"236","8","1","838","496","496"
"236","8","2","154","992","154"
"236","8","3","650","308","650"
"236","4","0","633","496","496"
"236","4","1","154","650","650"
"236","2","0","496","650","650"
"237","16","0","483","493","493"
"237","16","1","494","495","495"
"237","16","2","496","497","497"
"237","16","3","498","499","498"
"237","16","4","476","500","476"
"237","16","5","477","478","477"
"237","16","6","479","480","480"
"237","16","7","481","482","482"
"237","8","0","493","495","493"
"237","8","1","497","498","497"
"237","8","2","476","477","476"
"237","8","3","480","482","482"
"237","4","0","493","497","497"
"237","4","1","476","482","476"
"237","2","0","497","476","497"
"238","16","0","408","86","408"
"238","16","1","773","451","773"
"238","16","2","129","816","129"
"238","16","3","494","172","172"
"238","16","4","859","537","537"
"238","16","5","215","902","215"
"238","16","6","687","365","687"
"238","16","7","43","730","43"
"238","8","0","408","773","773"
"238","8","1","129","172","172"
"238","8","2","537","215","537"
"238","8","3","687","43","687"
"238","4","0","773","172","773"
"238","4","1","537","687","687"
"238","2","0","773","687","687"
"239","16","0","914","400","400"
"239","16","1","895","381","381"
"239","16","2","876","362","876"
"239","16","3","857","495","857"
"239","16","4","990","476","990"
"239","16","5","971","457","457"
"239","16","6","952","438","438"
"239","16","7","933","419","419"
"239","8","0","400","381","400"
"239","8","1","876","857","876"
"239","8","2","990","457","457"
"239","8","3","438","419","419"
"239","4","0","400","876","876"
"239","4","1","457","419","457"
"239","2","0","876","457","876"
"240","16","0","462","291","462"
"240","16","1","838","667","838"
"240","16","2","496","325","325"
"240","16","3","154","992","992"
"240","16","4","821","650","650"
"240","16","5","479","308","479"
"240","16","6","137","975","137"
"240","16","7","804","633","804"
"240","8","0","462","838","838"
"240","8","1","325","992","992"
"240","8","2","650","479","650"
"240","8","3","137","804","137"
"240","4","0","838","992","838"
"240","4","1","650","137","137"
"240","2","0","838","137","137"
"241","16","0","1","229","1"
"241","16","1","164","197","164"
"241","16","2","2","230","2"
"241","16","3","165","198","198"
"241","16","4","3","231","231"
"241","16","5","166","199","199"
"241","16","6","4","228","4"
"241","16","7","163","196","163"
"241","8","0","1","164","164"
"241","8","1","2","198","198"
"241","8","2","231","199","199"
"241","8","3","4","163","4"
"241","4","0","164","198","164"
"241","4","1","199","4","199"
"241","2","0","164","199","199"
"242","16","0","248","303","303"
"242","16","1","276","249","249"
"242","16","2","304","277","277"
"242","16","3","250","305","250"
"242","16","4","300","273","300"
"242","16","5","246","301","246"
"242","16","6","274","247","247"
"242","16","7","302","275","275"
"242","8","0","303","249","303"
"242","8","1","277","250","277"
"242","8","2","300","246","300"
"242","8","3","247","275","275"
"242","4","0","303","277","277"
"242","4","1","300","275","275"
"242","2","0","277","275","277"
"243","16","0","397","348","397"
"243","16","1","373","320","373"
"243","16","2","394","345","394"
"243","16","3","370","321","321"
"243","16","4","395","346","346"
"243","16","5","371","322","322"
"243","16","6","396","347","396"
"243","16","7","372","323","372"
"243","8","0","397","373","373"
"243","8","1","394","321","321"
"243","8","2","346","322","322"
"243","8","3","396","372","396"
"243","4","0","373","321","373"
"243","4","1","322","396","396"
"243","2","0","373","396","396"
"244","16","0","495","496","496"
"244","16","1","497","498","498"
"244","16","2","499","476","476"
"244","16","3","500","477","500"
"244","16","4","478","479","478"
"244","16","5","480","481","480"
"244","16","6","482","483","483"
"244","16","7","493","494","494"
"244","8","0","496","498","496"
"244","8","1","476","500","476"
"244","8","2","478","480","478"
"244","8","3","483","494","494"
"244","4","0","496","476","476"
"244","4","1","478","494","478"
"244","2","0","476","478","476"
"245","16","0","451","129","451"
"245","16","1","816","494","816"
"245","16","2","172","859","172"
"245","16","3","537","215","215"
"245","16","4","902","687","687"
"245","16","5","365","43","43"
"245","16","6","730","408","730"
"245","16","7","86","773","86"
"245","8","0","451","816","816"
"245","8","1","172","215","215"
"245","8","2","687","43","43"
"245","8","3","730","86","730"
"245","4","0","816","215","816"
"245","4","1","43","730","730"
"245","2","0","816","730","730"
"246","16","0","381","876","876"
"246","16","1","362","857","857"
"246","16","2","495","990","990"
"246","16","3","476","971","476"
"246","16","4","457","952","457"
"246","16","5","438","933","438"
"246","16","6","419","914","914"
"246","16","7","400","895","895"
"246","8","0","876","857","876"
"246","8","1","990","476","990"
"246","8","2","457","438","438"
"246","8","3","914","895","895"
"246","4","0","876","990","990"
"246","4","1","438","895","438"
"246","2","0","990","438","990"
"247","16","0","348","522","348"
"247","16","1","696","870","870"
"247","16","2","35","209","209"
"247","16","3","383","557","557"
"247","16","4","731","905","731"
"247","16","5","70","244","70"
"247","16","6","418","592","418"
"247","16","7","766","174","174"
"247","8","0","348","870","870"
"247","8","1","209","557","209"
"247","8","2","731","70","731"
"247","8","3","418","174","418"
"247","4","0","870","209","209"
"247","4","1","731","418","418"
"247","2","0","209","418","209"
"248","16","0","197","2","2"
"248","16","1","230","165","230"
"248","16","2","198","3","198"
"248","16","3","231","166","231"
"248","16","4","199","4","4"
"248","16","5","228","163","163"
"248","16","6","196","1","1"
"248","16","7","229","164","229"
"248","8","0","2","230","2"
"248","8","1","198","231","231"
"248","8","2","4","163","163"
"248","8","3","1","229","1"
"248","4","0","2","231","2"
"248","4","1","163","1","163"
"248","2","0","2","163","163"
"249","16","0","249","304","249"
"249","16","1","277","250","250"
"249","16","2","305","300","300"
"249","16","3","273","246","273"
"249","16","4","301","274","301"
"249","16","5","247","302","247"
"249","16","6","275","248","248"
"249","16","7","303","276","276"
"249","8","0","249","250","249"
"249","8","1","300","273","300"
"249","8","2","301","247","301"
"249","8","3","248","276","276"
"249","4","0","249","300","300"
"249","4","1","301","276","276"
"249","2","0","300","276","300"
"250","16","0","320","394","320"
"250","16","1","345","370","345"
"250","16","2","321","395","321"
"250","16","3","346","371","371"
"250","16","4","322","396","396"
"250","16","5","347","372","372"
"250","16","6","323","397","323"
"250","16","7","348","373","348"
"250","8","0","320","345","345"
"250","8","1","321","371","371"
"250","8","2","396","372","372"
"250","8","3","323","348","323"
"250","4","0","345","371","345"
"250","4","1","372","323","372"
"250","2","0","345","372","372"
"251","16","0","870","35","870"
"251","16","1","209","383","383"
"251","16","2","557","731","731"
"251","16","3","905","70","70"
"251","16","4","244","418","244"
"251","16","5","592","766","592"
"251","16","6","174","348","174"
"251","16","7","522","696","696"
"251","8","0","870","383","383"
"251","8","1","731","70","731"
"251","8","2","244","592","244"
"251","8","3","174","696","174"
"251","4","0","383","731","731"
"251","4","1","244","174","174"
"251","2","0","731","174","731"
"252","16","0","537","215","537"
"252","16","1","902","687","902"
"252","16","2","365","43","365"
"252","16","3","730","408","408"
"252","16","4","86","773","773"
"252","16","5","451","129","129"
"252","16","6","816","494","816"
"252","16","7","172","859","172"
"252","8","0","537","902","902"
"252","8","1","365","408","408"
"252","8","2","773","129","129"
"252","8","3","816","172","816"
"252","4","0","902","408","902"
"252","4","1","129","816","816"
"252","2","0","902","816","816"
"253","16","0","476","971","971"
"253","16","1","457","952","952"
"253","16","2","438","933","933"
"253","16","3","419","914","419"
"253","16","4","400","895","400"
"253","16","5","381","876","381"
"253","16","6","362","857","857"
"253","16","7","495","990","990"
"253","8","0","971","952","971"
"253","8","1","933","419","933"
"253","8","2","400","381","400"
"253","8","3","857","990","990"
"253","4","0","971","933","933"
"253","4","1","400","990","400"
"253","2","0","933","400","933"
"254","16","0","650","479","650"
"254","16","1","308","137","308"
"254","16","2","975","804","975"
"254","16","3","633","462","462"
"254","16","4","291","838","838"
"254","16","5","667","496","496"
"254","16","6","325","154","325"
"254","16","7","992","821","992"
"254","8","0","650","308","308"
"254","8","1","975","462","462"
"254","8","2","838","496","496"
"254","8","3","325","992","325"
"254","4","0","308","462","308"
"254","4","1","496","325","325"
"254","2","0","308","325","325"
"255","16","0","273","246","273"
"255","16","1","301","274","274"
"255","16","2","247","302","302"
"255","16","3","275","248","248"
"255","16","4","303","276","303"
"255","16","5","249","304","249"
"255","16","6","277","250","277"
"255","16","7","305","300","300"
"255","8","0","273","274","274"
"255","8","1","302","248","302"
"255","8","2","303","249","303"
"255","8","3","277","300","277"
"255","4","0","274","302","302"
"255","4","1","303","277","277"
"255","2","0","302","277","302"
"256","16","0","346","371","371"
"256","16","1","322","396","322"
"256","16","2","347","372","347"
"256","16","3","323","397","323"
"256","16","4","348","373","373"
"256","16","5","320","394","394"
"256","16","6","345","370","370"
"256","16","7","321","395","321"
"256","8","0","371","322","371"
"256","8","1","347","323","323"
"256","8","2","373","394","394"
"256","8","3","370","321","370"
"256","4","0","371","323","371"
"256","4","1","394","370","394"
"256","2","0","371","394","394"
"257","16","0","479","480","479"
"257","16","1","481","482","482"
"257","16","2","483","493","493"
"257","16","3","494","495","494"
"257","16","4","496","497","496"
"257","16","5","498","499","498"
"257","16","6","476","500","500"
"257","16","7","477","478","478"
"257","8","0","479","482","479"
"257","8","1","493","494","493"
"257","8","2","496","498","496"
"257","8","3","500","478","478"
"257","4","0","479","493","493"
"257","4","1","496","478","478"
"257","2","0","493","478","493"
"258","16","0","687","365","687"
"258","16","1","43","730","43"
"258","16","2","408","86","408"
"258","16","3","773","451","451"
"258","16","4","129","816","816"
"258","16","5","494","172","172"
"258","16","6","859","537","859"
"258","16","7","215","902","215"
"258","8","0","687","43","43"
"258","8","1","408","451","451"
"258","8","2","816","172","172"
"258","8","3","859","215","859"
"258","4","0","43","451","43"
"258","4","1","172","859","172"
"258","2","0","43","172","172"
"259","16","0","952","438","438"
"259","16","1","933","419","419"
"259","16","2","914","400","400"
"259","16","3","895","381","895"
"259","16","4","876","362","876"
"259","16","5","857","495","857"
"259","16","6","990","476","476"
"259","16","7","971","457","457"
"259","8","0","438","419","438"
"259","8","1","400","895","400"
"259","8","2","876","857","876"
"259","8","3","476","457","457"
"259","4","0","438","400","400"
"259","4","1","876","457","876"
"259","2","0","400","876","400"
"260","16","0","137","975","137"
"260","16","1","804","633","804"
"260","16","2","462","291","462"
"260","16","3","838","667","667"
"260","16","4","496","325","325"
"260","16","5","154","992","992"
"260","16","6","821","650","821"
"260","16","7","479","308","479"
"260","8","0","137","804","804"
"260","8","1","462","667","667"
"260","8","2","325","992","992"
"260","8","3","821","479","821"
"260","4","0","804","667","804"
"260","4","1","992","821","821"
"260","2","0","804","821","821"
"261","16","0","905","70","905"
"261","16","1","244","418","418"
"261","16","2","592","766","766"
"261","16","3","174","348","348"
"261","16","4","522","696","522"
"261","16","5","870","35","870"
"261","16","6","209","383","209"
"261","16","7","557","731","731"
"261","8","0","905","418","418"
"261","8","1","766","348","766"
"261","8","2","522","870","522"
"261","8","3","209","731","209"
"261","4","0","418","766","766"
"261","4","1","522","209","209"
"261","2","0","766","209","766"
"262","16","0","4","228","228"
"262","16","1","163","196","163"
"262","16","2","1","229","1"
"262","16","3","164","197","164"
"262","16","4","2","230","230"
"262","16","5","165","198","198"
"262","16","6","3","231","231"
"262","16","7","166","199","166"
"262","8","0","228","163","228"
"262","8","1","1","164","164"
"262","8","2","230","198","198"
"262","8","3","231","166","166"
"262","4","0","228","164","228"
"262","4","1","198","166","198"
"262","2","0","228","198","198"
"263","16","0","274","247","274"
"263","16","1","302","275","275"
"263","16","2","248","303","303"
"263","16","3","276","249","249"
"263","16","4","304","277","304"
"263","16","5","250","305","250"
"263","16","6","300","273","300"
"263","16","7","246","301","301"
"263","8","0","274","275","275"
"263","8","1","303","249","303"
"263","8","2","304","250","304"
"263","8","3","300","301","300"
"263","4","0","275","303","303"
"263","4","1","304","300","300"
"263","2","0","303","300","303"
"264","16","0","396","347","347"
"264","16","1","372","323","372"
"264","16","2","397","348","397"
"264","16","3","373","320","373"
"264","16","4","394","345","345"
"264","16","5","370","321","321"
"264","16","6","395","346","346"
"264","16","7","371","322","371"
"264","8","0","347","372","347"
"264","8","1","397","373","373"
"264","8","2","345","321","321"
"264","8","3","346","371","371"
"264","4","0","347","373","347"
"264","4","1","321","371","321"
"264","2","0","347","321","321"
"265","16","0","482","483","482"
"265","16","1","493","494","494"
"265","16","2","495","496","496"
"265","16","3","497","498","498"
"265","16","4","499","476","499"
"265","16","5","500","477","500"
"265","16","6","478","479","478"
"265","16","7","480","481","481"
"265","8","0","482","494","494"
"265","8","1","496","498","496"
"265","8","2","499","500","499"
"265","8","3","478","481","478"
"265","4","0","494","496","496"
"265","4","1","499","478","478"
"265","2","0","496","478","496"
"266","16","0","418","592","418"
"266","16","1","766","174","766"
"266","16","2","348","522","522"
"266","16","3","696","870","870"
"266","16","4","35","209","35"
"266","16","5","383","557","383"
"266","16","6","731","905","731"
"266","16","7","70","244","244"
"266","8","0","418","766","766"
"266","8","1","522","870","522"
"266","8","2","35","383","35"
"266","8","3","731","244","731"
"266","4","0","766","522","522"
"266","4","1","35","731","731"
"266","2","0","522","731","731"
"267","16","0","196","1","1"
"267","16","1","229","164","229"
"267","16","2","197","2","197"
"267","16","3","230","165","230"
"267","16","4","198","3","3"
"267","16","5","231","166","166"
"267","16","6","199","4","4"
"267","16","7","228","163","228"
"267","8","0","1","229","1"
"267","8","1","197","230","230"
"267","8","2","3","166","166"
"267","8","3","4","228","228"
"267","4","0","1","230","1"
"267","4","1","166","228","166"
"267","2","0","1","166","166"
"268","16","0","895","381","895"
"268","16","1","876","362","362"
"268","16","2","857","495","495"
"268","16","3","990","476","990"
"268","16","4","971","457","971"
"268","16","5","952","438","952"
"268","16","6","933","419","419"
"268","16","7","914","400","400"
"268","8","0","895","362","895"
"268","8","1","495","990","495"
"268","8","2","971","952","971"
"268","8","3","419","400","400"
"268","4","0","895","495","495"
"268","4","1","971","400","400"
"268","2","0","495","400","495"
"269","16","0","838","667","838"
"269","16","1","496","325","496"
"269","16","2","154","992","154"
"269","16","3","821","650","650"
"269","16","4","479","308","308"
"269","16","5","137","975","975"
"269","16","6","804","633","804"
"269","16","7","462","291","462"
"269","8","0","838","496","496"
"269","8","1","154","650","650"
"269","8","2","308","975","975"
"269","8","3","804","462","804"
"269","4","0","496","650","496"
"269","4","1","975","804","975"
"269","2","0","496","975","975"
"270","16","0","373","320","320"
"270","16","1","394","345","394"
"270","16","2","370","321","370"
"270","16","3","395","346","395"
"270","16","4","371","322","322"
"270","16","5","396","347","347"
"270","16","6","372","323","323"
"270","16","7","397","348","397"
"270","8","0","320","394","320"
"270","8","1","370","395","395"
"270","8","2","322","347","347"
"270","8","3","323","397","397"
"270","4","0","320","395","320"
"270","4","1","347","397","347"
"270","2","0","320","347","347"
"271","16","0","497","498","497"
"271","16","1","499","476","476"
"271","16","2","500","477","477"
"271","16","3","478","479","479"
"271","16","4","480","481","480"
"271","16","5","482","483","482"
"271","16","6","493","494","493"
"271","16","7","495","496","496"
"271","8","0","497","476","476"
"271","8","1","477","479","477"
"271","8","2","480","482","480"
"271","8","3","493","496","493"
"271","4","0","476","477","477"
"271","4","1","480","493","493"
"271","2","0","477","493","477"
"272","16","0","816","494","494"
"272","16","1","172","859","172"
"272","16","2","537","215","537"
"272","16","3","902","687","902"
"272","16","4","365","43","43"
"272","16","5","730","408","408"
"272","16","6","86","773","773"
"272","16","7","451","129","451"
"272","8","0","494","172","494"
"272","8","1","537","902","902"
"272","8","2","43","408","408"
"272","8","3","773","451","451"
"272","4","0","494","902","494"
"272","4","1","408","451","408"
"272","2","0","494","408","408"
"273","16","0","362","857","362"
"273","16","1","495","990","990"
"273","16","2","476","971","971"
"273","16","3","457","952","952"
"273","16","4","438","933","438"
"273","16","5","419","914","419"
"273","16","6","400","895","400"
"273","16","7","381","876","876"
"273","8","0","362","990","990"
"273","8","1","971","952","971"
"273","8","2","438","419","438"
"273","8","3","400","876","400"
"273","4","0","990","971","971"
"273","4","1","438","400","400"
"273","2","0","971","400","971"
"274","16","0","325","154","325"
"274","16","1","992","821","992"
"274","16","2","650","479","650"
"274","16","3","308","137","137"
"274","16","4","975","804","804"
"274","16","5","633","462","462"
"274","16","6","291","838","291"
"274","16","7","667","496","667"
"274","8","0","325","992","992"
"274","8","1","650","137","137"
"274","8","2","804","462","462"
"274","8","3","291","667","291"
"274","4","0","992","137","992"
"274","4","1","462","291","462"
"274","2","0","992","462","462"
"275","16","0","696","870","696"
"275","16","1","35","209","35"
"275","16","2","383","557","557"
"275","16","3","731","905","905"
"275","16","4","70","244","244"
"275","16","5","418","592","418"
"275","16","6","766","174","766"
"275","16","7","348","522","348"
"275","8","0","696","35","35"
"275","8","1","557","905","905"
"275","8","2","244","418","244"
"275","8","3","766","348","766"
"275","4","0","35","905","905"
"275","4","1","244","766","766"
"275","2","0","905","766","766"
"276","16","0","230","165","165"
"276","16","1","198","3","3"
"276","16","2","231","166","231"
"276","16","3","199","4","199"
"276","16","4","228","163","228"
"276","16","5","196","1","1"
"276","16","6","229","164","164"
"276","16","7","197","2","2"
"276","8","0","165","3","165"
"276","8","1","231","199","231"
"276","8","2","228","1","1"
"276","8","3","164","2","2"
"276","4","0","165","231","165"
"276","4","1","1","2","1"
"276","2","0","165","1","165"
"277","16","0","277","250","277"
"277","16","1","305","300","305"
"277","16","2","273","246","246"
"277","16","3","301","274","274"
"277","16","4","247","302","247"
"277","16","5","275","248","275"
"277","16","6","303","276","303"
"277","16","7","249","304","304"
"277","8","0","277","305","305"
"277","8","1","246","274","246"
"277","8","2","247","275","247"
"277","8","3","303","304","303"
"277","4","0","305","246","246"
"277","4","1","247","303","303"
"277","2","0","246","303","303"
"278","16","0","345","370","370"
"278","16","1","321","395","321"
"278","16","2","346","371","346"
"278","16","3","322","396","322"
"278","16","4","347","372","372"
"278","16","5","323","397","397"
"278","16","6","348","373","373"
"278","16","7","320","394","320"
"278","8","0","370","321","370"
"278","8","1","346","322","322"
"278","8","2","372","397","397"
"278","8","3","373","320","320"
"278","4","0","370","322","370"
"278","4","1","397","320","397"
"278","2","0","370","397","397"
"279","16","0","476","500","476"
"279","16","1","477","478","478"
"279","16","2","479","480","480"
"279","16","3","481","482","482"
"279","16","4","483","493","483"
"279","16","5","494","495","494"
"279","16","6","496","497","496"
"279","16","7","498","499","499"
"279","8","0","476","478","478"
"279","8","1","480","482","480"
"279","8","2","483","494","483"
"279","8","3","496","499","496"
"279","4","0","478","480","480"
"279","4","1","483","496","496"
"279","2","0","480","496","480"
"280","16","0","859","537","537"
"280","16","1","215","902","215"
"280","16","2","687","365","687"
"280","16","3","43","730","43"
"280","16","4","408","86","86"
"280","16","5","773","451","451"
"280","16","6","129","816","816"
"280","16","7","494","172","494"
"280","8","0","537","215","537"
"280","8","1","687","43","43"
"280","8","2","86","451","451"
"280","8","3","816","494","494"
"280","4","0","537","43","537"
"280","4","1","451","494","451"
"280","2","0","537","451","451"
"281","16","0","209","383","209"
"281","16","1","557","731","557"
"281","16","2","905","70","70"
"281","16","3","244","418","418"
"281","16","4","592","766","766"
"281","16","5","174","348","174"
"281","16","6","522","696","522"
"281","16","7","870","35","870"
"281","8","0","209","557","557"
"281","8","1","70","418","418"
"281","8","2","766","174","766"
"281","8","3","522","870","522"
"281","4","0","557","418","418"
"281","4","1","766","522","522"
"281","2","0","418","522","522"
"282","16","0","3","231","231"
"282","16","1","166","199","199"
"282","16","2","4","228","4"
"282","16","3","163","196","163"
"282","16","4","1","229","1"
"282","16","5","164","197","197"
"282","16","6","2","230","230"
"282","16","7","165","198","198"
"282","8","0","231","199","231"
"282","8","1","4","163","4"
"282","8","2","1","197","197"
"282","8","3","230","198","198"
"282","4","0","231","4","231"
"282","4","1","197","198","197"
"282","2","0","231","197","231"
"283","16","0","300","273","300"
"283","16","1","246","301","246"
"283","16","2","274","247","247"
"283","16","3","302","275","275"
"283","16","4","248","303","303"
"283","16","5","276","249","276"
"283","16","6","304","277","304"
"283","16","7","250","305","250"
"283","8","0","300","246","246"
"283","8","1","247","275","275"
"283","8","2","303","276","303"
"283","8","3","304","250","304"
"283","4","0","246","275","275"
"283","4","1","303","304","304"
"283","2","0","275","304","304"
"284","16","0","308","137","137"
"284","16","1","975","804","975"
"284","16","2","633","462","633"
"284","16","3","291","838","291"
"284","16","4","667","496","496"
"284","16","5","325","154","154"
"284","16","6","992","821","821"
"284","16","7","650","479","650"
"284","8","0","137","975","137"
"284","8","1","633","291","291"
"284","8","2","496","154","154"
"284","8","3","821","650","650"
"284","4","0","137","291","137"
"284","4","1","154","650","154"
"284","2","0","137","154","154"
"285","16","0","481","482","481"
"285","16","1","483","493","483"
"285","16","2","494","495","495"
"285","16","3","496","497","497"
"285","16","4","498","499","498"
"285","16","5","476","500","476"
"285","16","6","477","478","477"
"285","16","7","479","480","480"
"285","8","0","481","483","483"
"285","8","1","495","497","495"
"285","8","2","498","476","498"
"285","8","3","477","480","477"
"285","4","0","483","495","495"
"285","4","1","498","477","477"
"285","2","0","495","477","477"
"286","16","0","43","730","730"
"286","16","1","408","86","408"
"286","16","2","773","451","773"
"286","16","3","129","816","129"
"286","16","4","494","172","172"
"286","16","5","859","537","537"
"286","16","6","215","902","902"
"286","16","7","687","365","687"
"286","8","0","730","408","730"
"286","8","1","773","129","129"
"286","8","2","172","537","537"
"286","8","3","902","687","687"
"286","4","0","730","129","730"
"286","4","1","537","687","537"
"286","2","0","730","537","537"
"287","16","0","933","419","933"
"287","16","1","914","400","400"
"287","16","2","895","381","381"
"287","16","3","876","362","362"
"287","16","4","857","495","857"
"287","16","5","990","476","990"
"287","16","6","971","457","971"
"287","16","7","952","438","438"
"287","8","0","933","400","400"
"287","8","1","381","362","381"
"287","8","2","857","990","857"
"287","8","3","971","438","971"
"287","4","0","400","381","381"
"287","4","1","857","971","971"
"287","2","0","381","971","381"
"288","16","0","804","633","633"
"288","16","1","462","291","462"
"288","16","2","838","667","838"
"288","16","3","496","325","496"
"288","16","4","154","992","992"
"288","16","5","821","650","650"
"288","16","6","479","308","308"
"288","16","7","137","975","137"
"288","8","0","633","462","633"
"288","8","1","838","496","496"
"288","8","2","992","650","650"
"288","8","3","308","137","137"
"288","4","0","633","496","633"
"288","4","1","650","137","650"
"288","2","0","633","650","650"
"289","16","0","163","196","196"
"289","16","1","1","229","229"
"289","16","2","164","197","164"
"289","16","3","2","230","2"
"289","16","4","165","198","165"
"289","16","5","3","231","231"
"289","16","6","166","199","199"
"289","16","7","4","228","228"
"289","8","0","196","229","196"
"289","8","1","164","2","164"
"289","8","2","165","231","231"
"289","8","3","199","228","228"
"289","4","0","196","164","164"
"289","4","1","231","228","231"
"289","2","0","164","231","164"
"290","16","0","302","275","302"
"290","16","1","248","303","248"
"290","16","2","276","249","249"
"290","16","3","304","277","277"
"290","16","4","250","305","305"
"290","16","5","300","273","300"
"290","16","6","246","301","246"
"290","16","7","274","247","274"
"290","8","0","302","248","248"
"290","8","1","249","277","277"
"290","8","2","305","300","305"
"290","8","3","246","274","246"
"290","4","0","248","277","277"
"290","4","1","305","246","246"
"290","2","0","277","246","246"
"291","16","0","372","323","323"
"291","16","1","397","348","348"
"291","16","2","373","320","373"
"291","16","3","394","345","394"
"291","16","4","370","321","370"
"291","16","5","395","346","346"
"291","16","6","371","322","322"
"291","16","7","396","347","347"
"291","8","0","323","348","323"
"291","8","1","373","394","373"
"291","8","2","370","346","346"
"291","8","3","322","347","347"
"291","4","0","323","373","323"
"291","4","1","346","347","346"
"291","2","0","323","346","323"
"292","16","0","493","494","493"
"292","16","1","495","496","495"
"292","16","2","497","498","498"
"292","16","3","499","476","476"
"292","16","4","500","477","477"
"292","16","5","478","479","478"
"292","16","6","480","481","480"
"292","16","7","482","483","482"
"292","8","0","493","495","495"
"292","8","1","498","476","476"
"292","8","2","477","478","477"
"292","8","3","480","482","480"
"292","4","0","495","476","476"
"292","4","1","477","480","480"
"292","2","0","476","480","480"
"293","16","0","86","773","773"
"293","16","1","451","129","129"
"293","16","2","816","494","816"
"293","16","3","172","859","172"
"293","16","4","537","215","537"
"293","16","5","902","687","687"
"293","16","6","365","43","43"
"293","16","7","730","408","730"
"293","8","0","773","129","773"
"293","8","1","816","172","172"
"293","8","2","537","687","687"
"293","8","3","43","730","730"
"293","4","0","773","172","773"
"293","4","1","687","730","687"
"293","2","0","773","687","773"
"294","16","0","400","895","400"
"294","16","1","381","876","876"
"294","16","2","362","857","857"
"294","16","3","495","990","990"
"294","16","4","476","971","476"
"294","16","5","457","952","457"
"294","16","6","438","933","438"
"294","16","7","419","914","914"
"294","8","0","400","876","876"
"294","8","1","857","990","857"
"294","8","2","476","457","476"
"294","8","3","438","914","438"
"294","4","0","876","857","857"
"294","4","1","476","438","438"
"294","2","0","857","438","857"
"295","16","0","766","174","766"
"295","16","1","348","522","348"
"295","16","2","696","870","696"
"295","16","3","35","209","209"
"295","16","4","383","557","557"
"295","16","5","731","905","905"
"295","16","6","70","244","70"
"295","16","7","418","592","418"
"295","8","0","766","348","348"
"295","8","1","696","209","209"
"295","8","2","557","905","557"
"295","8","3","70","418","70"
"295","4","0","348","209","348"
"295","4","1","557","70","70"
"295","2","0","348","70","70"
"296","16","0","229","164","164"
"296","16","1","197","2","2"
"296","16","2","230","165","230"
"296","16","3","198","3","198"
"296","16","4","231","166","231"
"296","16","5","199","4","4"
"296","16","6","228","163","163"
"296","16","7","196","1","1"
"296","8","0","164","2","164"
"296","8","1","230","198","230"
"296","8","2","231","4","4"
"296","8","3","163","1","1"
"296","4","0","164","230","230"
"296","4","1","4","1","4"
"296","2","0","230","4","230"
"297","16","0","303","276","303"
"297","16","1","249","304","249"
"297","16","2","277","250","250"
"297","16","3","305","300","300"
"297","16","4","273","246","246"
"297","16","5","301","274","301"
"297","16","6","247","302","247"
"297","16","7","275","248","275"
"297","8","0","303","249","249"
"297","8","1","250","300","300"
"297","8","2","246","301","246"
"297","8","3","247","275","247"
"297","4","0","249","300","249"
"297","4","1","246","247","247"
"297","2","0","249","247","247"
"298","16","0","348","373","373"
"298","16","1","320","394","394"
"298","16","2","345","370","345"
"298","16","3","321","395","321"
"298","16","4","346","371","346"
"298","16","5","322","396","396"
"298","16","6","347","372","372"
"298","16","7","323","397","397"
"298","8","0","373","394","373"
"298","8","1","345","321","345"
"298","8","2","346","396","396"
"298","8","3","372","397","397"
"298","4","0","373","345","373"
"298","4","1","396","397","396"
"298","2","0","373","396","373"
"299","16","0","522","696","522"
"299","16","1","870","35","870"
"299","16","2","209","383","209"
"299","16","3","557","731","731"
"299","16","4","905","70","70"
"299","16","5","244","418","418"
"299","16","6","592","766","592"
"299","16","7","174","348","174"
"299","8","0","522","870","870"
"299","8","1","209","731","731"
"299","8","2","70","418","418"
"299","8","3","592","174","592"
"299","4","0","870","731","870"
"299","4","1","418","592","592"
"299","2","0","870","592","592"
"300","16","0","172","859","859"
"300","16","1","537","215","215"
"300","16","2","902","687","902"
"300","16","3","365","43","365"
"300","16","4","730","408","730"
"300","16","5","86","773","773"
"300","16","6","451","129","129"
"300","16","7","816","494","494"
"300","8","0","859","215","859"
"300","8","1","902","365","902"
"300","8","2","730","773","773"
"300","8","3","129","494","494"
"300","4","0","859","902","859"
"300","4","1","773","494","773"
"300","2","0","859","773","859"
"301","16","0","495","990","495"
"301","16","1","476","971","476"
"301","16","2","457","952","952"
"301","16","3","438","933","933"
"301","16","4","419","914","914"
"301","16","5","400","895","400"
"301","16","6","381","876","381"
"301","16","7","362","857","362"
"301","8","0","495","476","476"
"301","8","1","952","933","933"
"301","8","2","914","400","914"
"301","8","3","381","362","381"
"301","4","0","476","933","933"
"301","4","1","914","381","381"
"301","2","0","933","381","381"
"302","16","0","992","821","821"
"302","16","1","650","479","479"
"302","16","2","308","137","308"
"302","16","3","975","804","975"
"302","16","4","633","462","633"
"302","16","5","291","838","838"
"302","16","6","667","496","496"
"302","16","7","325","154","325"
"302","8","0","821","479","821"
"302","8","1","308","975","975"
"302","8","2","633","838","838"
"302","8","3","496","325","325"
"302","4","0","821","975","821"
"302","4","1","838","325","838"
"302","2","0","821","838","821"
"303","16","0","305","300","305"
"303","16","1","273","246","273"
"303","16","2","301","274","301"
"303","16","3","247","302","302"
"303","16","4","275","248","248"
"303","16","5","303","276","276"
"303","16","6","249","304","249"
"303","16","7","277","250","277"
"303","8","0","305","273","273"
"303","8","1","301","302","302"
"303","8","2","248","276","248"
"303","8","3","249","277","249"
"303","4","0","273","302","273"
"303","4","1","248","249","249"
"303","2","0","273","249","249"
"304","16","0","321","395","395"
"304","16","1","346","371","371"
"304","16","2","322","396","322"
"304","16","3","347","372","347"
"304","16","4","323","397","323"
"304","16","5","348","373","373"
"304","16","6","320","394","394"
"304","16","7","345","370","370"
"304","8","0","395","371","395"
"304","8","1","322","347","322"
"304","8","2","323","373","373"
"304","8","3","394","370","370"
"304","4","0","395","322","322"
"304","4","1","373","370","373"
"304","2","0","322","373","322"
"305","16","0","477","478","477"
"305","16","1","479","480","479"
"305","16","2","481","482","482"
"305","16","3","483","493","493"
"305","16","4","494","495","495"
"305","16","5","496","497","496"
"305","16","6","498","499","498"
"305","16","7","476","500","476"
"305","8","0","477","479","479"
"305","8","1","482","493","493"
"305","8","2","495","496","495"
"305","8","3","498","476","498"
"305","4","0","479","493","479"
"305","4","1","495","498","498"
"305","2","0","479","498","498"
"306","16","0","215","902","902"
"306","16","1","687","365","365"
"306","16","2","43","730","43"
"306","16","3","408","86","408"
"306","16","4","773","451","773"
"306","16","5","129","816","816"
"306","16","6","494","172","172"
"306","16","7","859","537","537"
"306","8","0","902","365","902"
"306","8","1","43","408","43"
"306","8","2","773","816","816"
"306","8","3","172","537","537"
"306","4","0","902","43","902"
"306","4","1","816","537","816"
"306","2","0","902","816","902"
"307","16","0","971","457","971"
"307","16","1","952","438","952"
"307","16","2","933","419","419"
"307","16","3","914","400","400"
"307","16","4","895","381","381"
"307","16","5","876","362","876"
"307","16","6","857","495","857"
"307","16","7","990","476","990"
"307","8","0","971","952","952"
"307","8","1","419","400","400"
"307","8","2","381","876","381"
"307","8","3","857","990","857"
"307","4","0","952","400","400"
"307","4","1","381","857","857"
"307","2","0","400","857","857"
"308","16","0","479","308","308"
"308","16","1","137","975","975"
"308","16","2","804","633","804"
"308","16","3","462","291","462"
"308","16","4","838","667","838"
"308","16","5","496","325","325"
"308","16","6","154","992","992"
"308","16","7","821","650","650"
"308","8","0","308","975","308"
"308","8","1","804","462","804"
"308","8","2","838","325","325"
"308","8","3","992","650","650"
"308","4","0","308","804","308"
"308","4","1","325","650","325"
"308","2","0","308","325","308"
"309","16","0","557","731","557"
"309","16","1","905","70","905"
"309","16","2","244","418","244"
"309","16","3","592","766","766"
"309","16","4","174","348","348"
"309","16","5","522","696","696"
"309","16","6","870","35","870"
"309","16","7","209","383","209"
"309","8","0","557","905","905"
"309","8","1","244","766","766"
"309","8","2","348","696","696"
"309","8","3","870","209","870"
"309","4","0","905","766","905"
"309","4","1","696","870","696"
"309","2","0","905","696","696"
"310","16","0","166","199","199"
"310","16","1","4","228","228"
"310","16","2","163","196","196"
"310","16","3","1","229","1"
"310","16","4","164","197","164"
"310","16","5","2","230","2"
"310","16","6","165","198","198"
"310","16","7","3","231","231"
"310","8","0","199","228","199"
"310","8","1","196","1","196"
"310","8","2","164","2","164"
"310","8","3","198","231","231"
"310","4","0","199","196","196"
"310","4","1","164","231","164"
"310","2","0","196","164","196"
"311","16","0","246","301","246"
"311","16","1","274","247","274"
"311","16","2","302","275","302"
"311","16","3","248","303","303"
"311","16","4","276","249","249"
"311","16","5","304","277","277"
"311","16","6","250","305","250"
"311","16","7","300","273","300"
"311","8","0","246","274","274"
"311","8","1","302","303","303"
"311","8","2","249","277","277"
"311","8","3","250","300","250"
"311","4","0","274","303","274"
"311","4","1","277","250","250"
"311","2","0","274","250","250"
"312","16","0","371","322","322"
"312","16","1","396","347","347"
"312","16","2","372","323","323"
"312","16","3","397","348","397"
"312","16","4","373","320","373"
"312","16","5","394","345","394"
"312","16","6","370","321","321"
"312","16","7","395","346","346"
"312","8","0","322","347","322"
"312","8","1","323","397","323"
"312","8","2","373","394","373"
"312","8","3","321","346","346"
"312","4","0","322","323","323"
"312","4","1","373","346","373"
"312","2","0","323","373","323"
"313","16","0","480","481","480"
"313","16","1","482","483","482"
"313","16","2","493","494","494"
"313","16","3","495","496","496"
"313","16","4","497","498","498"
"313","16","5","499","476","499"
"313","16","6","500","477","500"
"313","16","7","478","479","478"
"313","8","0","480","482","482"
"313","8","1","494","496","496"
"313","8","2","498","499","498"
"313","8","3","500","478","500"
"313","4","0","482","496","482"
"313","4","1","498","500","500"
"313","2","0","482","500","500"
"314","16","0","70","244","70"
"314","16","1","418","592","418"
"314","16","2","766","174","766"
"314","16","3","348","522","522"
"314","16","4","696","870","870"
"314","16","5","35","209","209"
"314","16","6","383","557","383"
"314","16","7","731","905","731"
"314","8","0","70","418","418"
"314","8","1","766","522","522"
"314","8","2","870","209","209"
"314","8","3","383","731","383"
"314","4","0","418","522","418"
"314","4","1","209","383","209"
"314","2","0","418","209","209"
"315","16","0","228","163","163"
"315","16","1","196","1","1"
"315","16","2","229","164","164"
"315","16","3","197","2","197"
"315","16","4","230","165","230"
"315","16","5","198","3","198"
"315","16","6","231","166","166"
"315","16","7","199","4","4"
"315","8","0","163","1","163"
"315","8","1","164","197","164"
"315","8","2","230","198","230"
"315","8","3","166","4","4"
"315","4","0","163","164","164"
"315","4","1","230","4","230"
"315","2","0","164","230","164"
"316","16","0","914","400","914"
"316","16","1","895","381","895"
"316","16","2","876","362","362"
"316","16","3","857","495","495"
"316","16","4","990","476","476"
"316","16","5","971","457","971"
"316","16","6","952","438","952"
"316","16","7","933","419","933"
"316","8","0","914","895","895"
"316","8","1","362","495","495"
"316","8","2","476","971","476"
"316","8","3","952","933","952"
"316","4","0","895","495","895"
"316","4","1","476","952","952"
"316","2","0","895","952","952"
"317","16","0","462","291","291"
"317","16","1","838","667","667"
"317","16","2","496","325","496"
"317","16","3","154","992","154"
"317","16","4","821","650","821"
"317","16","5","479","308","308"
"317","16","6","137","975","975"
"317","16","7","804","633","633"
"317","8","0","291","667","291"
"317","8","1","496","154","496"
"317","8","2","821","308","308"
"317","8","3","975","633","633"
"317","4","0","291","496","291"
"317","4","1","308","633","308"
"317","2","0","291","308","291"
"318","16","0","397","348","348"
"318","16","1","373","320","320"
"318","16","2","394","345","345"
"318","16","3","370","321","370"
"318","16","4","395","346","395"
"318","16","5","371","322","371"
"318","16","6","396","347","347"
"318","16","7","372","323","323"
"318","8","0","348","320","348"
"318","8","1","345","370","345"
"318","8","2","395","371","395"
"318","8","3","347","323","323"
"318","4","0","348","345","345"
"318","4","1","395","323","395"
"318","2","0","345","395","345"
"319","16","0","495","496","495"
"319","16","1","497","498","497"
"319","16","2","499","476","499"
"319","16","3","500","477","477"
"319","16","4","478","479","479"
"319","16","5","480","481","481"
"319","16","6","482","483","482"
"319","16","7","493","494","493"
"319","8","0","495","497","497"
"319","8","1","499","477","477"
"319","8","2","479","481","481"
"319","8","3","482","493","482"
"319","4","0","497","477","497"
"319","4","1","481","482","482"
"319","2","0","497","482","482"
"320","16","0","451","129","129"
"320","16","1","816","494","494"
"320","16","2","172","859","859"
"320","16","3","537","215","537"
"320","16","4","902","687","902"
"320","16","5","365","43","365"
"320","16","6","730","408","408"
"320","16","7","86","773","773"
"320","8","0","129","494","129"
"320","8","1","859","537","859"
"320","8","2","902","365","902"
"320","8","3","408","773","773"
"320","4","0","129","859","859"
"320","4","1","902","773","902"
"320","2","0","859","902","859"
"321","16","0","381","876","381"
"321","16","1","362","857","362"
"321","16","2","495","990","990"
"321","16","3","476","971","971"
"321","16","4","457","952","952"
"321","16","5","438","933","438"
"321","16","6","419","914","419"
"321","16","7","400","895","400"
"321","8","0","381","362","362"
"321","8","1","990","971","971"
"321","8","2","952","438","952"
"321","8","3","419","400","419"
"321","4","0","362","971","362"
"321","4","1","952","419","419"
"321","2","0","362","419","419"
"322","16","0","667","496","496"
"322","16","1","325","154","154"
"322","16","2","992","821","992"
"322","16","3","650","479","650"
"322","16","4","308","137","308"
"322","16","5","975","804","804"
"322","16","6","633","462","462"
"322","16","7","291","838","838"
"322","8","0","496","154","496"
"322","8","1","992","650","992"
"322","8","2","308","804","804"
"322","8","3","462","838","838"
"322","4","0","496","992","992"
"322","4","1","804","838","804"
"322","2","0","992","804","992"
"323","16","0","348","522","522"
"323","16","1","696","870","696"
"323","16","2","35","209","35"
"323","16","3","383","557","383"
"323","16","4","731","905","905"
"323","16","5","70","244","244"
"323","16","6","418","592","592"
"323","16","7","766","174","766"
"323","8","0","522","696","522"
"323","8","1","35","383","383"
"323","8","2","905","244","244"
"323","8","3","592","766","766"
"323","4","0","522","383","522"
"323","4","1","244","766","244"
"323","2","0","522","244","244"
"324","16","0","197","2","197"
"324","16","1","230","165","165"
"324","16","2","198","3","3"
"324","16","3","231","166","231"
"324","16","4","199","4","199"
"324","16","5","228","163","228"
"324","16","6","196","1","1"
"324","16","7","229","164","164"
"324","8","0","197","165","197"
"324","8","1","3","231","3"
"324","8","2","199","228","199"
"324","8","3","1","164","164"
"324","4","0","197","3","3"
"324","4","1","199","164","164"
"324","2","0","3","164","3"
"325","16","0","249","304","249"
"325","16","1","277","250","277"
"325","16","2","305","300","305"
"325","16","3","273","246","246"
"325","16","4","301","274","274"
"325","16","5","247","302","302"
"325","16","6","275","248","275"
"325","16","7","303","276","303"
"325","8","0","249","277","277"
"325","8","1","305","246","246"
"325","8","2","274","302","302"
"325","8","3","275","303","275"
"325","4","0","277","246","277"
"325","4","1","302","275","302"
"325","2","0","277","302","302"
"326","16","0","320","394","394"
"326","16","1","345","370","370"
"326","16","2","321","395","395"
"326","16","3","346","371","346"
"326","16","4","322","396","322"
"326","16","5","347","372","347"
"326","16","6","323","397","397"
"326","16","7","348","373","373"
"326","8","0","394","370","394"
"326","8","1","395","346","395"
"326","8","2","322","347","322"
"326","8","3","397","373","373"
"326","4","0","394","395","395"
"326","4","1","322","373","322"
"326","2","0","395","322","395"
"327","16","0","498","499","498"
"327","16","1","476","500","476"
"327","16","2","477","478","477"
"327","16","3","479","480","480"
"327","16","4","481","482","482"
"327","16","5","483","493","493"
"327","16","6","494","495","494"
"327","16","7","496","497","496"
"327","8","0","498","476","476"
"327","8","1","477","480","480"
"327","8","2","482","493","493"
"327","8","3","494","496","494"
"327","4","0","476","480","476"
"327","4","1","493","494","494"
"327","2","0","476","494","494"
"328","16","0","494","172","172"
"328","16","1","859","537","537"
"328","16","2","215","902","902"
"328","16","3","687","365","687"
"328","16","4","43","730","43"
"328","16","5","408","86","408"
"328","16","6","773","451","451"
"328","16","7","129","816","816"
"328","8","0","172","537","172"
"328","8","1","902","687","902"
"328","8","2","43","408","43"
"328","8","3","451","816","816"
"328","4","0","172","902","902"
"328","4","1","43","816","43"
"328","2","0","902","43","902"
"329","16","0","870","35","35"
"329","16","1","209","383","209"
"329","16","2","557","731","557"
"329","16","3","905","70","905"
"329","16","4","244","418","418"
"329","16","5","592","766","766"
"329","16","6","174","348","348"
"329","16","7","522","696","522"
"329","8","0","35","209","35"
"329","8","1","557","905","905"
"329","8","2","418","766","766"
"329","8","3","348","522","522"
"329","4","0","35","905","35"
"329","4","1","766","522","766"
"329","2","0","35","766","766"
"330","16","0","165","198","165"
"330","16","1","3","231","231"
"330","16","2","166","199","199"
"330","16","3","4","228","228"
"330","16","4","163","196","163"
"330","16","5","1","229","1"
"330","16","6","164","197","164"
"330","16","7","2","230","230"
"330","8","0","165","231","231"
"330","8","1","199","228","199"
"330","8","2","163","1","163"
"330","8","3","164","230","164"
"330","4","0","231","199","199"
"330","4","1","163","164","164"
"330","2","0","199","164","199"
"331","16","0","250","305","305"
"331","16","1","300","273","300"
"331","16","2","246","301","246"
"331","16","3","274","247","274"
"331","16","4","302","275","275"
"331","16","5","248","303","303"
"331","16","6","276","249","276"
"331","16","7","304","277","304"
"331","8","0","305","300","300"
"331","8","1","246","274","274"
"331","8","2","275","303","303"
"331","8","3","276","304","276"
"331","4","0","300","274","300"
"331","4","1","303","276","303"
"331","2","0","300","303","303"
"332","16","0","650","479","479"
"332","16","1","308","137","137"
"332","16","2","975","804","804"
"332","16","3","633","462","633"
"332","16","4","291","838","291"
"332","16","5","667","496","667"
"332","16","6","325","154","154"
"332","16","7","992","821","821"
"332","8","0","479","137","479"
"332","8","1","804","633","804"
"332","8","2","291","667","291"
"332","8","3","154","821","821"
"332","4","0","479","804","804"
"332","4","1","291","821","291"
"332","2","0","804","291","804"
"333","16","0","479","480","479"
"333","16","1","481","482","481"
"333","16","2","483","493","483"
"333","16","3","494","495","495"
"333","16","4","496","497","497"
"333","16","5","498","499","499"
"333","16","6","476","500","476"
"333","16","7","477","478","477"
"333","8","0","479","481","481"
"333","8","1","483","495","495"
"333","8","2","497","499","499"
"333","8","3","476","477","476"
"333","4","0","481","495","481"
"333","4","1","499","476","499"
"333","2","0","481","499","499"
"334","16","0","687","365","365"
"334","16","1","43","730","730"
"334","16","2","408","86","86"
"334","16","3","773","451","773"
"334","16","4","129","816","129"
"334","16","5","494","172","494"
"334","16","6","859","537","537"
"334","16","7","215","902","902"
"334","8","0","365","730","365"
"334","8","1","86","773","86"
"334","8","2","129","494","129"
"334","8","3","537","902","902"
"334","4","0","365","86","86"
"334","4","1","129","902","129"
"334","2","0","86","129","86"
"335","16","0","952","438","952"
"335","16","1","933","419","933"
"335","16","2","914","400","914"
"335","16","3","895","381","381"
"335","16","4","876","362","362"
"335","16","5","857","495","495"
"335","16","6","990","476","990"
"335","16","7","971","457","971"
"335","8","0","952","933","933"
"335","8","1","914","381","381"
"335","8","2","362","495","495"
"335","8","3","990","971","990"
"335","4","0","933","381","933"
"335","4","1","495","990","990"
"335","2","0","933","990","990"
"336","16","0","137","975","975"
"336","16","1","804","633","633"
"336","16","2","462","291","291"
"336","16","3","838","667","838"
"336","16","4","496","325","496"
"336","16","5","154","992","154"
"336","16","6","821","650","650"
"336","16","7","479","308","308"
"336","8","0","975","633","975"
"336","8","1","291","838","291"
"336","8","2","496","154","496"
"336","8","3","650","308","308"
"336","4","0","975","291","291"
"336","4","1","496","308","496"
"336","2","0","291","496","291"
"337","16","0","4","228","4"
"337","16","1","163","196","196"
"337","16","2","1","229","229"
"337","16","3","164","197","197"
"337","16","4","2","230","2"
"337","16","5","165","198","165"
"337","16","6","3","231","3"
"337","16","7","166","199","199"
"337","8","0","4","196","196"
"337","8","1","229","197","229"
"337","8","2","2","165","2"
"337","8","3","3","199","3"
"337","4","0","196","229","229"
"337","4","1","2","3","3"
"337","2","0","229","3","229"
"338","16","0","274","247","247"
"338","16","1","302","275","302"
"338","16","2","248","303","248"
"338","16","3","276","249","276"
"338","16","4","304","277","277"
"338","16","5","250","305","305"
"338","16","6","300","273","273"
"338","16","7","246","301","246"
"338","8","0","247","302","247"
"338","8","1","248","276","276"
"338","8","2","277","305","305"
"338","8","3","273","246","246"
"338","4","0","247","276","247"
"338","4","1","305","246","305"
"338","2","0","247","305","305"
"339","16","0","396","347","396"
"339","16","1","372","323","323"
"339","16","2","397","348","348"
"339","16","3","373","320","320"
"339","16","4","394","345","394"
"339","16","5","370","321","370"
"339","16","6","395","346","395"
"339","16","7","371","322","322"
"339","8","0","396","323","323"
"339","8","1","348","320","348"
"339","8","2","394","370","394"
"339","8","3","395","322","395"
"339","4","0","323","348","348"
"339","4","1","394","395","395"
"339","2","0","348","395","348"
"340","16","0","482","483","483"
"340","16","1","493","494","493"
"340","16","2","495","496","495"
"340","16","3","497","498","497"
"340","16","4","499","476","476"
"340","16","5","500","477","477"
"340","16","6","478","479","478"
"340","16","7","480","481","480"
"340","8","0","483","493","493"
"340","8","1","495","497","497"
"340","8","2","476","477","477"
"340","8","3","478","480","478"
"340","4","0","493","497","493"
"340","4","1","477","478","477"
"340","2","0","493","477","477"
"341","16","0","730","408","408"
"341","16","1","86","773","773"
"341","16","2","451","129","129"
"341","16","3","816","494","816"
"341","16","4","172","859","172"
"341","16","5","537","215","537"
"341","16","6","902","687","687"
"341","16","7","365","43","43"
"341","8","0","408","773","408"
"341","8","1","129","816","129"
"341","8","2","172","537","172"
"341","8","3","687","43","43"
"341","4","0","408","129","129"
"341","4","1","172","43","43"
"341","2","0","129","43","129"
"342","16","0","419","914","419"
"342","16","1","400","895","400"
"342","16","2","381","876","381"
"342","16","3","362","857","857"
"342","16","4","495","990","990"
"342","16","5","476","971","971"
"342","16","6","457","952","457"
"342","16","7","438","933","438"
"342","8","0","419","400","400"
"342","8","1","381","857","857"
"342","8","2","990","971","971"
"342","8","3","457","438","457"
"342","4","0","400","857","400"
"342","4","1","971","457","971"
"342","2","0","400","971","971"
"343","16","0","418","592","592"
"343","16","1","766","174","766"
"343","16","2","348","522","348"
"343","16","3","696","870","696"
"343","16","4","35","209","209"
"343","16","5","383","557","557"
"343","16","6","731","905","905"
"343","16","7","70","244","70"
"343","8","0","592","766","592"
"343","8","1","348","696","696"
"343","8","2","209","557","557"
"343","8","3","905","70","70"
"343","4","0","592","696","592"
"343","4","1","557","70","557"
"343","2","0","592","557","592"
"344","16","0","196","1","196"
"344","16","1","229","164","164"
"344","16","2","197","2","2"
"344","16","3","230","165","165"
"344","16","4","198","3","198"
"344","16","5","231","166","231"
"344","16","6","199","4","199"
"344","16","7","228","163","163"
"344","8","0","196","164","164"
"344","8","1","2","165","2"
"344","8","2","198","231","198"
"344","8","3","199","163","199"
"344","4","0","164","2","2"
"344","4","1","198","199","199"
"344","2","0","2","199","2"
"345","16","0","275","248","248"
"345","16","1","303","276","303"
"345","16","2","249","304","249"
"345","16","3","277","250","277"
"345","16","4","305","300","300"
"345","16","5","273","246","246"
"345","16","6","301","274","274"
"345","16","7","247","302","247"
"345","8","0","248","303","248"
"345","8","1","249","277","277"
"345","8","2","300","246","246"
"345","8","3","274","247","247"
"345","4","0","248","277","248"
"345","4","1","246","247","246"
"345","2","0","248","246","246"
"346","16","0","323","397","323"
"346","16","1","348","373","373"
"346","16","2","320","394","394"
"346","16","3","345","370","370"
"346","16","4","321","395","321"
"346","16","5","346","371","346"
"346","16","6","322","396","322"
"346","16","7","347","372","372"
"346","8","0","323","373","373"
"346","8","1","394","370","394"
"346","8","2","321","346","321"
"346","8","3","322","372","322"
"346","4","0","373","394","394"
"346","4","1","321","322","322"
"346","2","0","394","322","394"
"347","16","0","174","348","348"
"347","16","1","522","696","696"
"347","16","2","870","35","870"
"347","16","3","209","383","209"
"347","16","4","557","731","557"
"347","16","5","905","70","70"
"347","16","6","244","418","418"
"347","16","7","592","766","592"
"347","8","0","348","696","348"
"347","8","1","870","209","870"
"347","8","2","557","70","70"
"347","8","3","418","592","592"
"347","4","0","348","870","348"
"347","4","1","70","592","70"
"347","2","0","348","70","348"
"348","16","0","816","494","816"
"348","16","1","172","859","859"
"348","16","2","537","215","215"
"348","16","3","902","687","687"
"348","16","4","365","43","365"
"348","16","5","730","408","730"
"348","16","6","86","773","86"
"348","16","7","451","129","129"
"348","8","0","816","859","859"
"348","8","1","215","687","215"
"348","8","2","365","730","365"
"348","8","3","86","129","86"
"348","4","0","859","215","215"
"348","4","1","365","86","86"
"348","2","0","215","86","215"
"349","16","0","362","857","857"
"349","16","1","495","990","495"
"349","16","2","476","971","476"
"349","16","3","457","952","457"
"349","16","4","438","933","933"
"349","16","5","419","914","914"
"349","16","6","400","895","400"
"349","16","7","381","876","381"
"349","8","0","857","495","495"
"349","8","1","476","457","457"
"349","8","2","933","914","914"
"349","8","3","400","381","400"
"349","4","0","495","457","495"
"349","4","1","914","400","914"
"349","2","0","495","914","914"
"350","16","0","325","154","154"
"350","16","1","992","821","821"
"350","16","2","650","479","479"
"350","16","3","308","137","308"
"350","16","4","975","804","975"
"350","16","5","633","462","633"
"350","16","6","291","838","838"
"350","16","7","667","496","496"
"350","8","0","154","821","154"
"350","8","1","479","308","479"
"350","8","2","975","633","975"
"350","8","3","838","496","496"
"350","4","0","154","479","479"
"350","4","1","975","496","496"
"350","2","0","479","496","479"
"351","16","0","277","250","250"
"351","16","1","305","300","305"
"351","16","2","273","246","273"
"351","16","3","301","274","301"
"351","16","4","247","302","302"
"351","16","5","275","248","248"
"351","16","6","303","276","276"
"351","16","7","249","304","249"
"351","8","0","250","305","250"
"351","8","1","273","301","301"
"351","8","2","302","248","248"
"351","8","3","276","249","249"
"351","4","0","250","301","250"
"351","4","1","248","249","248"
"351","2","0","250","248","250"
"352","16","0","345","370","345"
"352","16","1","321","395","395"
"352","16","2","346","371","371"
"352","16","3","322","396","396"
"352","16","4","347","372","347"
"352","16","5","323","397","323"
"352","16","6","348","373","348"
"352","16","7","320","394","394"
"352","8","0","345","395","395"
"352","8","1","371","396","371"
"352","8","2","347","323","347"
"352","8","3","348","394","348"
"352","4","0","395","371","371"
"352","4","1","347","348","348"
"352","2","0","371","348","371"
"353","16","0","476","500","500"
"353","16","1","477","478","477"
"353","16","2","479","480","479"
"353","16","3","481","482","481"
"353","16","4","483","493","493"
"353","16","5","494","495","495"
"353","16","6","496","497","497"
"353","16","7","498","499","498"
"353","8","0","500","477","500"
"353","8","1","479","481","481"
"353","8","2","493","495","495"
"353","8","3","497","498","498"
"353","4","0","500","481","500"
"353","4","1","495","498","495"
"353","2","0","500","495","495"
"354","16","0","859","537","859"
"354","16","1","215","902","902"
"354","16","2","687","365","365"
"354","16","3","43","730","730"
"354","16","4","408","86","408"
"354","16","5","773","451","773"
"354","16","6","129","816","129"
"354","16","7","494","172","172"
"354","8","0","859","902","902"
"354","8","1","365","730","365"
"354","8","2","408","773","408"
"354","8","3","129","172","129"
"354","4","0","902","365","365"
"354","4","1","408","129","129"
"354","2","0","365","129","365"
"355","16","0","990","476","476"
"355","16","1","971","457","971"
"355","16","2","952","438","952"
"355","16","3","933","419","933"
"355","16","4","914","400","400"
"355","16","5","895","381","381"
"355","16","6","876","362","362"
"355","16","7","857","495","857"
"355","8","0","476","971","476"
"355","8","1","952","933","933"
"355","8","2","400","381","381"
"355","8","3","362","857","857"
"355","4","0","476","933","476"
"355","4","1","381","857","381"
"355","2","0","476","381","381"
"356","16","0","821","650","821"
"356","16","1","479","308","308"
"356","16","2","137","975","975"
"356","16","3","804","633","804"
"356","16","4","462","291","462"
"356","16","5","838","667","838"
"356","16","6","496","325","325"
"356","16","7","154","992","992"
"356","8","0","821","308","821"
"356","8","1","975","804","975"
"356","8","2","462","838","462"
"356","8","3","325","992","992"
"356","4","0","821","975","975"
"356","4","1","462","992","992"
"356","2","0","975","992","975"
"357","16","0","209","383","383"
"357","16","1","557","731","731"
"357","16","2","905","70","905"
"357","16","3","244","418","244"
"357","16","4","592","766","592"
"357","16","5","174","348","348"
"357","16","6","522","696","696"
"357","16","7","870","35","35"
"357","8","0","383","731","383"
"357","8","1","905","244","905"
"357","8","2","592","348","348"
"357","8","3","696","35","35"
"357","4","0","383","905","383"
"357","4","1","348","35","348"
"357","2","0","383","348","383"
"358","16","0","3","231","3"
"358","16","1","166","199","166"
"358","16","2","4","228","228"
"358","16","3","163","196","196"
"358","16","4","1","229","229"
"358","16","5","164","197","164"
"358","16","6","2","230","2"
"358","16","7","165","198","165"
"358","8","0","3","166","166"
"358","8","1","228","196","196"
"358","8","2","229","164","229"
"358","8","3","2","165","2"
"358","4","0","166","196","196"
"358","4","1","229","2","2"
"358","2","0","196","2","2"
"359","16","0","300","273","273"
"359","16","1","246","301","301"
"359","16","2","274","247","274"
"359","16","3","302","275","302"
"359","16","4","248","303","248"
"359","16","5","276","249","249"
"359","16","6","304","277","277"
"359","16","7","250","305","250"
"359","8","0","273","301","273"
"359","8","1","274","302","274"
"359","8","2","248","249","249"
"359","8","3","277","250","250"
"359","4","0","273","274","273"
"359","4","1","249","250","249"
"359","2","0","273","249","273"
"360","16","0","395","346","395"
"360","16","1","371","322","322"
"360","16","2","396","347","347"
"360","16","3","372","323","323"
"360","16","4","397","348","397"
"360","16","5","373","320","373"
"360","16","6","394","345","394"
"360","16","7","370","321","321"
"360","8","0","395","322","322"
"360","8","1","347","323","347"
"360","8","2","397","373","397"
"360","8","3","394","321","394"
"360","4","0","322","347","347"
"360","4","1","397","394","394"
"360","2","0","347","394","347"
"361","16","0","478","479","479"
"361","16","1","480","481","480"
"361","16","2","482","483","482"
"361","16","3","493","494","493"
"361","16","4","495","496","496"
"361","16","5","497","498","498"
"361","16","6","499","476","476"
"361","16","7","500","477","500"
"361","8","0","479","480","479"
"361","8","1","482","493","493"
"361","8","2","496","498","498"
"361","8","3","476","500","500"
"361","4","0","479","493","479"
"361","4","1","498","500","498"
"361","2","0","479","498","498"
"362","16","0","731","905","905"
"362","16","1","70","244","244"
"362","16","2","418","592","418"
"362","16","3","766","174","766"
"362","16","4","348","522","348"
"362","16","5","696","870","870"
"362","16","6","35","209","209"
"362","16","7","383","557","557"
"362","8","0","905","244","905"
"362","8","1","418","766","418"
"362","8","2","348","870","870"
"362","8","3","209","557","557"
"362","4","0","905","418","905"
"362","4","1","870","557","870"
"362","2","0","905","870","905"
"363","16","0","199","4","199"
"363","16","1","228","163","228"
"363","16","2","196","1","1"
"363","16","3","229","164","164"
"363","16","4","197","2","2"
"363","16","5","230","165","230"
"363","16","6","198","3","198"
"363","16","7","231","166","231"
"363","8","0","199","228","228"
"363","8","1","1","164","164"
"363","8","2","2","230","2"
"363","8","3","198","231","198"
"363","4","0","228","164","164"
"363","4","1","2","198","198"
"363","2","0","164","198","198"
"364","16","0","933","419","419"
"364","16","1","914","400","914"
"364","16","2","895","381","895"
"364","16","3","876","362","876"
"364","16","4","857","495","495"
"364","16","5","990","476","476"
"364","16","6","971","457","457"
"364","16","7","952","438","952"
"364","8","0","419","914","419"
"364","8","1","895","876","876"
"364","8","2","495","476","476"
"364","8","3","457","952","952"
"364","4","0","419","876","419"
"364","4","1","476","952","476"
"364","2","0","419","476","476"
"365","16","0","804","633","804"
"365","16","1","462","291","291"
"365","16","2","838","667","667"
"365","16","3","496","325","325"
"365","16","4","154","992","154"
"365","16","5","821","650","821"
"365","16","6","479","308","479"
"365","16","7","137","975","975"
"365","8","0","804","291","291"
"365","8","1","667","325","667"
"365","8","2","154","821","154"
"365","8","3","479","975","479"
"365","4","0","291","667","667"
"365","4","1","154","479","479"
"365","2","0","667","479","667"
"366","16","0","372","323","372"
"366","16","1","397","348","397"
"366","16","2","373","320","320"
"366","16","3","394","345","345"
"366","16","4","370","321","321"
"366","16","5","395","346","395"
"366","16","6","371","322","371"
"366","16","7","396","347","396"
"366","8","0","372","397","397"
"366","8","1","320","345","345"
"366","8","2","321","395","321"
"366","8","3","371","396","371"
"366","4","0","397","345","345"
"366","4","1","321","371","371"
"366","2","0","345","371","371"
"367","16","0","493","494","494"
"367","16","1","495","496","496"
"367","16","2","497","498","497"
"367","16","3","499","476","499"
"367","16","4","500","477","500"
"367","16","5","478","479","479"
"367","16","6","480","481","481"
"367","16","7","482","483","482"
"367","8","0","494","496","494"
"367","8","1","497","499","497"
"367","8","2","500","479","479"
"367","8","3","481","482","482"
"367","4","0","494","497","494"
"367","4","1","479","482","479"
"367","2","0","494","479","494"
"368","16","0","86","773","86"
"368","16","1","451","129","129"
"368","16","2","816","494","494"
"368","16","3","172","859","859"
"368","16","4","537","215","537"
"368","16","5","902","687","902"
"368","16","6","365","43","365"
"368","16","7","730","408","408"
"368","8","0","86","129","129"
"368","8","1","494","859","494"
"368","8","2","537","902","537"
"368","8","3","365","408","365"
"368","4","0","129","494","494"
"368","4","1","537","365","365"
"368","2","0","494","365","494"
"369","16","0","400","895","895"
"369","16","1","381","876","381"
"369","16","2","362","857","362"
"369","16","3","495","990","495"
"369","16","4","476","971","971"
"369","16","5","457","952","952"
"369","16","6","438","933","933"
"369","16","7","419","914","419"
"369","8","0","895","381","895"
"369","8","1","362","495","495"
"369","8","2","971","952","952"
"369","8","3","933","419","419"
"369","4","0","895","495","895"
"369","4","1","952","419","952"
"369","2","0","895","952","952"
"370","16","0","291","838","291"
"370","16","1","667","496","496"
"370","16","2","325","154","154"
"370","16","3","992","821","821"
"370","16","4","650","479","650"
"370","16","5","308","137","308"
"370","16","6","975","804","975"
"370","16","7","633","462","462"
"370","8","0","291","496","496"
"370","8","1","154","821","154"
"370","8","2","650","308","650"
"370","8","3","975","462","975"
"370","4","0","496","154","154"
"370","4","1","650","975","975"
"370","2","0","154","975","154"
"371","16","0","766","174","174"
"371","16","1","348","522","522"
"371","16","2","696","870","696"
"371","16","3","35","209","35"
"371","16","4","383","557","383"
"371","16","5","731","905","905"
"371","16","6","70","244","244"
"371","16","7","418","592","592"
"371","8","0","174","522","174"
"371","8","1","696","35","696"
"371","8","2","383","905","905"
"371","8","3","244","592","592"
"371","4","0","174","696","696"
"371","4","1","905","592","905"
"371","2","0","696","905","696"
"372","16","0","229","164","229"
"372","16","1","197","2","197"
"372","16","2","230","165","165"
"372","16","3","198","3","3"
"372","16","4","231","166","166"
"372","16","5","199","4","199"
"372","16","6","228","163","228"
"372","16","7","196","1","196"
"372","8","0","229","197","197"
"372","8","1","165","3","3"
"372","8","2","166","199","166"
"372","8","3","228","196","228"
"372","4","0","197","3","197"
"372","4","1","166","228","228"
"372","2","0","197","228","228"
"373","16","0","303","276","276"
"373","16","1","249","304","304"
"373","16","2","277","250","277"
"373","16","3","305","300","305"
"373","16","4","273","246","273"
"373","16","5","301","274","274"
"373","16","6","247","302","302"
"373","16","7","275","248","248"
"373","8","0","276","304","276"
"373","8","1","277","305","277"
"373","8","2","273","274","274"
"373","8","3","302","248","248"
"373","4","0","276","277","276"
"373","4","1","274","248","274"
"373","2","0","276","274","276"
"374","16","0","348","373","348"
"374","16","1","320","394","320"
"374","16","2","345","370","370"
"374","16","3","321","395","395"
"374","16","4","346","371","371"
"374","16","5","322","396","322"
"374","16","6","347","372","347"
"374","16","7","323","397","323"
"374","8","0","348","320","320"
"374","8","1","370","395","395"
"374","8","2","371","322","371"
"374","8","3","347","323","347"
"374","4","0","320","395","395"
"374","4","1","371","347","347"
"374","2","0","395","347","347"
"375","16","0","496","497","497"
"375","16","1","498","499","499"
"375","16","2","476","500","476"
"375","16","3","477","478","477"
"375","16","4","479","480","479"
"375","16","5","481","482","482"
"375","16","6","483","493","493"
"375","16","7","494","495","495"
"375","8","0","497","499","497"
"375","8","1","476","477","476"
"375","8","2","479","482","482"
"375","8","3","493","495","495"
"375","4","0","497","476","497"
"375","4","1","482","495","482"
"375","2","0","497","482","497"
"376","16","0","129","816","129"
"376","16","1","494","172","494"
"376","16","2","859","537","537"
"376","16","3","215","902","902"
"376","16","4","687","365","365"
"376","16","5","43","730","43"
"376","16","6","408","86","408"
"376","16","7","773","451","773"
"376","8","0","129","494","494"
"376","8","1","537","902","537"
"376","8","2","365","43","365"
"376","8","3","408","773","408"
"376","4","0","494","537","537"
"376","4","1","365","408","408"
"376","2","0","537","408","408"
"377","16","0","522","696","696"
"377","16","1","870","35","35"
"377","16","2","209","383","383"
"377","16","3","557","731","557"
"377","16","4","905","70","905"
"377","16","5","244","418","244"
"377","16","6","592","766","766"
"377","16","7","174","348","348"
"377","8","0","696","35","696"
"377","8","1","383","557","383"
"377","8","2","905","244","905"
"377","8","3","766","348","348"
"377","4","0","696","383","383"
"377","4","1","905","348","905"
"377","2","0","383","905","383"
"378","16","0","2","230","2"
"378","16","1","165","198","165"
"378","16","2","3","231","3"
"378","16","3","166","199","199"
"378","16","4","4","228","228"
"378","16","5","163","196","163"
"378","16","6","1","229","1"
"378","16","7","164","197","164"
"378","8","0","2","165","165"
"378","8","1","3","199","199"
"378","8","2","228","163","228"
"378","8","3","1","164","1"
"378","4","0","165","199","165"
"378","4","1","228","1","1"
"378","2","0","165","1","1"
"379","16","0","304","277","277"
"379","16","1","250","305","305"
"379","16","2","300","273","300"
"379","16","3","246","301","246"
"379","16","4","274","247","274"
"379","16","5","302","275","275"
"379","16","6","248","303","303"
"379","16","7","276","249","249"
"379","8","0","277","305","277"
"379","8","1","300","246","300"
"379","8","2","274","275","275"
"379","8","3","303","249","249"
"379","4","0","277","300","300"
"379","4","1","275","249","275"
"379","2","0","300","275","300"
"380","16","0","992","821","992"
"380","16","1","650","479","479"
"380","16","2","308","137","137"
"380","16","3","975","804","804"
"380","16","4","633","462","633"
"380","16","5","291","838","291"
"380","16","6","667","496","667"
"380","16","7","325","154","154"
"380","8","0","992","479","479"
"380","8","1","137","804","137"
"380","8","2","633","291","633"
"380","8","3","667","154","667"
"380","4","0","479","137","137"
"380","4","1","633","667","667"
"380","2","0","137","667","137"
"381","16","0","477","478","478"
"381","16","1","479","480","480"
"381","16","2","481","482","481"
"381","16","3","483","493","483"
"381","16","4","494","495","494"
"381","16","5","496","497","497"
"381","16","6","498","499","499"
"381","16","7","476","500","500"
"381","8","0","478","480","478"
"381","8","1","481","483","481"
"381","8","2","494","497","497"
"381","8","3","499","500","500"
"381","4","0","478","481","478"
"381","4","1","497","500","497"
"381","2","0","478","497","478"
"382","16","0","215","902","215"
"382","16","1","687","365","687"
"382","16","2","43","730","730"
"382","16","3","408","86","86"
"382","16","4","773","451","451"
"382","16","5","129","816","129"
"382","16","6","494","172","494"
"382","16","7","859","537","859"
"382","8","0","215","687","687"
"382","8","1","730","86","86"
"382","8","2","451","129","451"
"382","8","3","494","859","494"
"382","4","0","687","86","86"
"382","4","1","451","494","494"
"382","2","0","86","494","494"
"383","16","0","971","457","457"
"383","16","1","952","438","438"
"383","16","2","933","419","933"
"383","16","3","914","400","914"
"383","16","4","895","381","895"
"383","16","5","876","362","362"
"383","16","6","857","495","495"
"383","16","7","990","476","476"
"383","8","0","457","438","457"
"383","8","1","933","914","933"
"383","8","2","895","362","362"
"383","8","3","495","476","476"
"383","4","0","457","933","457"
"383","4","1","362","476","362"
"383","2","0","457","362","457"
"384","16","0","479","308","479"
"384","16","1","137","975","137"
"384","16","2","804","633","633"
"384","16","3","462","291","291"
"384","16","4","838","667","667"
"384","16","5","496","325","496"
"384","16","6","154","992","154"
"384","16","7","821","650","821"
"384","8","0","479","137","137"
"384","8","1","633","291","633"
"384","8","2","667","496","667"
"384","8","3","154","821","154"
"384","4","0","137","633","633"
"384","4","1","667","154","154"
"384","2","0","633","154","154"
"385","16","0","166","199","166"
"385","16","1","4","228","4"
"385","16","2","163","196","163"
"385","16","3","1","229","229"
"385","16","4","164","197","197"
"385","16","5","2","230","230"
"385","16","6","165","198","165"
"385","16","7","3","231","3"
"385","8","0","166","4","4"
"385","8","1","163","229","229"
"385","8","2","197","230","230"
"385","8","3","165","3","165"
"385","4","0","4","229","4"
"385","4","1","230","165","165"
"385","2","0","4","165","165"
"386","16","0","246","301","301"
"386","16","1","274","247","247"
"386","16","2","302","275","275"
"386","16","3","248","303","248"
"386","16","4","276","249","276"
"386","16","5","304","277","304"
"386","16","6","250","305","305"
"386","16","7","300","273","273"
"386","8","0","301","247","301"
"386","8","1","275","248","275"
"386","8","2","276","304","276"
"386","8","3","305","273","273"
"386","4","0","301","275","275"
"386","4","1","276","273","276"
"386","2","0","275","276","275"
"387","16","0","371","322","371"
"387","16","1","396","347","396"
"387","16","2","372","323","372"
"387","16","3","397","348","348"
"387","16","4","373","320","320"
"387","16","5","394","345","394"
"387","16","6","370","321","370"
"387","16","7","395","346","395"
"387","8","0","371","396","396"
"387","8","1","372","348","348"
"387","8","2","320","394","320"
"387","8","3","370","395","370"
"387","4","0","396","348","396"
"387","4","1","320","370","370"
"387","2","0","396","370","370"
"388","16","0","480","481","481"
"388","16","1","482","483","483"
"388","16","2","493","494","493"
"388","16","3","495","496","495"
"388","16","4","497","498","497"
"388","16","5","499","476","476"
"388","16","6","500","477","477"
"388","16","7","478","479","479"
"388","8","0","481","483","481"
"388","8","1","493","495","493"
"388","8","2","497","476","476"
"388","8","3","477","479","479"
"388","4","0","481","493","493"
"388","4","1","476","479","476"
"388","2","0","493","476","493"
"389","16","0","365","43","365"
"389","16","1","730","408","730"
"389","16","2","86","773","773"
"389","16","3","451","129","129"
"389","16","4","816","494","494"
"389","16","5","172","859","172"
"389","16","6","537","215","537"
"389","16","7","902","687","902"
"389","8","0","365","730","730"
"389","8","1","773","129","129"
"389","8","2","494","172","494"
"389","8","3","537","902","537"
"389","4","0","730","129","730"
"389","4","1","494","537","537"
"389","2","0","730","537","537"
"390","16","0","438","933","933"
"390","16","1","419","914","914"
"390","16","2","400","895","400"
"390","16","3","381","876","381"
"390","16","4","362","857","362"
"390","16","5","495","990","990"
"390","16","6","476","971","971"
"390","16","7","457","952","952"
"390","8","0","933","914","933"
"390","8","1","400","381","400"
"390","8","2","362","990","990"
"390","8","3","971","952","952"
"390","4","0","933","400","933"
"390","4","1","990","952","990"
"390","2","0","933","990","933"
"391","16","0","70","244","244"
"391","16","1","418","592","592"
"391","16","2","766","174","174"
"391","16","3","348","522","348"
"391","16","4","696","870","696"
"391","16","5","35","209","35"
"391","16","6","383","557","557"
"391","16","7","731","905","905"
"391","8","0","244","592","244"
"391","8","1","174","348","174"
"391","8","2","696","35","696"
"391","8","3","557","905","905"
"391","4","0","244","174","174"
"391","4","1","696","905","905"
"391","2","0","174","905","174"
"392","16","0","228","163","228"
"392","16","1","196","1","196"
"392","16","2","229","164","229"
"392","16","3","197","2","2"
"392","16","4","230","165","165"
"392","16","5","198","3","3"
"392","16","6","231","166","231"
"392","16","7","199","4","199"
"392","8","0","228","196","196"
"392","8","1","229","2","2"
"392","8","2","165","3","3"
"392","8","3","231","199","231"
"392","4","0","196","2","196"
"392","4","1","3","231","231"
"392","2","0","196","231","231"
"393","16","0","247","302","302"
"393","16","1","275","248","248"
"393","16","2","303","276","276"
"393","16","3","249","304","249"
"393","16","4","277","250","277"
"393","16","5","305","300","305"
"393","16","6","273","246","246"
"393","16","7","301","274","274"
"393","8","0","302","248","302"
"393","8","1","276","249","276"
"393","8","2","277","305","277"
"393","8","3","246","274","274"
"393","4","0","302","276","276"
"393","4","1","277","274","277"
"393","2","0","276","277","276"
"394","16","0","347","372","347"
"394","16","1","323","397","323"
"394","16","2","348","373","348"
"394","16","3","320","394","394"
"394","16","4","345","370","370"
"394","16","5","321","395","395"
"394","16","6","346","371","346"
"394","16","7","322","396","322"
"394","8","0","347","323","323"
"394","8","1","348","394","394"
"394","8","2","370","395","395"
"394","8","3","346","322","346"
"394","4","0","323","394","323"
"394","4","1","395","346","346"
"394","2","0","323","346","346"
"395","16","0","592","766","766"
"395","16","1","174","348","348"
"395","16","2","522","696","696"
"395","16","3","870","35","870"
"395","16","4","209","383","209"
"395","16","5","557","731","557"
"395","16","6","905","70","70"
"395","16","7","244","418","418"
"395","8","0","766","348","766"
"395","8","1","696","870","696"
"395","8","2","209","557","209"
"395","8","3","70","418","418"
"395","4","0","766","696","696"
"395","4","1","209","418","418"
"395","2","0","696","418","696"
"396","16","0","451","129","451"
"396","16","1","816","494","816"
"396","16","2","172","859","172"
"396","16","3","537","215","215"
"396","16","4","902","687","687"
"396","16","5","365","43","365"
"396","16","6","730","408","730"
"396","16","7","86","773","86"
"396","8","0","451","816","816"
"396","8","1","172","215","215"
"396","8","2","687","365","687"
"396","8","3","730","86","730"
"396","4","0","816","215","816"
"396","4","1","687","730","730"
"396","2","0","816","730","730"
"397","16","0","381","876","876"
"397","16","1","362","857","857"
"397","16","2","495","990","495"
"397","16","3","476","971","476"
"397","16","4","457","952","457"
"397","16","5","438","933","933"
"397","16","6","419","914","914"
"397","16","7","400","895","895"
"397","8","0","876","857","876"
"397","8","1","495","476","495"
"397","8","2","457","933","933"
"397","8","3","914","895","895"
"397","4","0","876","495","495"
"397","4","1","933","895","933"
"397","2","0","495","933","495"
"398","16","0","667","496","667"
"398","16","1","325","154","325"
"398","16","2","992","821","821"
"398","16","3","650","479","479"
"398","16","4","308","137","137"
"398","16","5","975","804","975"
"398","16","6","633","462","633"
"398","16","7","291","838","291"
"398","8","0","667","325","325"
"398","8","1","821","479","479"
"398","8","2","137","975","137"
"398","8","3","633","291","633"
"398","4","0","325","479","325"
"398","4","1","137","633","633"
"398","2","0","325","633","633"
"399","16","0","249","304","304"
"399","16","1","277","250","250"
"399","16","2","305","300","300"
"399","16","3","273","246","273"
"399","16","4","301","274","301"
"399","16","5","247","302","247"
"399","16","6","275","248","248"
"399","16","7","303","276","276"
"399","8","0","304","250","304"
"399","8","1","300","273","300"
"399","8","2","301","247","301"
"399","8","3","248","276","276"
"399","4","0","304","300","300"
"399","4","1","301","276","276"
"399","2","0","300","276","300"
"400","16","0","320","394","320"
"400","16","1","345","370","345"
"400","16","2","321","395","321"
"400","16","3","346","371","371"
"400","16","4","322","396","396"
"400","16","5","347","372","372"
"400","16","6","323","397","323"
"400","16","7","348","373","348"
"400","8","0","320","345","345"
"400","8","1","321","371","371"
"400","8","2","396","372","372"
"400","8","3","323","348","323"
"400","4","0","345","371","345"
"400","4","1","372","323","323"
"400","2","0","345","323","323"
"401","16","0","498","499","499"
"401","16","1","476","500","500"
"401","16","2","477","478","478"
"401","16","3","479","480","479"
"401","16","4","481","482","481"
"401","16","5","483","493","483"
"401","16","6","494","495","495"
"401","16","7","496","497","497"
"401","8","0","499","500","499"
"401","8","1","478","479","478"
"401","8","2","481","483","481"
"401","8","3","495","497","497"
"401","4","0","499","478","478"
"401","4","1","481","497","481"
"401","2","0","478","481","478"
"402","16","0","494","172","494"
"402","16","1","859","537","859"
"402","16","2","215","902","215"
"402","16","3","687","365","365"
"402","16","4","43","730","730"
"402","16","5","408","86","86"
"402","16","6","773","451","773"
"402","16","7","129","816","129"
"402","8","0","494","859","859"
"402","8","1","215","365","365"
"402","8","2","730","86","86"
"402","8","3","773","129","773"
"402","4","0","859","365","859"
"402","4","1","86","773","773"
"402","2","0","859","773","773"
"403","16","0","857","495","495"
"403","16","1","990","476","476"
"403","16","2","971","457","971"
"403","16","3","952","438","952"
"403","16","4","933","419","933"
"403","16","5","914","400","400"
"403","16","6","895","381","381"
"403","16","7","876","362","362"
"403","8","0","495","476","495"
"403","8","1","971","952","971"
"403","8","2","933","400","400"
"403","8","3","381","362","362"
"403","4","0","495","971","971"
"403","4","1","400","362","400"
"403","2","0","971","400","971"
"404","16","0","154","992","154"
"404","16","1","821","650","821"
"404","16","2","479","308","308"
"404","16","3","137","975","975"
"404","16","4","804","633","633"
"404","16","5","462","291","462"
"404","16","6","838","667","838"
"404","16","7","496","325","496"
"404","8","0","154","821","821"
"404","8","1","308","975","975"
"404","8","2","633","462","633"
"404","8","3","838","496","838"
"404","4","0","821","975","821"
"404","4","1","633","838","838"
"404","2","0","821","838","838"
"405","16","0","870","35","870"
"405","16","1","209","383","383"
"405","16","2","557","731","731"
"405","16","3","905","70","70"
"405","16","4","244","418","244"
"405","16","5","592","766","592"
"405","16","6","174","348","174"
"405","16","7","522","696","696"
"405","8","0","870","383","383"
"405","8","1","731","70","731"
"405","8","2","244","592","244"
"405","8","3","174","696","174"
"405","4","0","383","731","731"
"405","4","1","244","174","174"
"405","2","0","731","174","731"
"406","16","0","165","198","198"
"406","16","1","3","231","3"
"406","16","2","166","199","166"
"406","16","3","4","228","4"
"406","16","4","163","196","196"
"406","16","5","1","229","229"
"406","16","6","164","197","164"
"406","16","7","2","230","2"
"406","8","0","198","3","198"
"406","8","1","166","4","4"
"406","8","2","196","229","229"
"406","8","3","164","2","164"
"406","4","0","198","4","198"
"406","4","1","229","164","229"
"406","2","0","198","229","229"
"407","16","0","250","305","305"
"407","16","1","300","273","273"
"407","16","2","246","301","301"
"407","16","3","274","247","274"
"407","16","4","302","275","302"
"407","16","5","248","303","248"
"407","16","6","276","249","249"
"407","16","7","304","277","277"
"407","8","0","305","273","305"
"407","8","1","301","274","301"
"407","8","2","302","248","302"
"407","8","3","249","277","277"
"407","4","0","305","301","301"
"407","4","1","302","277","277"
"407","2","0","301","277","301"
"408","16","0","370","321","370"
"408","16","1","395","346","395"
"408","16","2","371","322","371"
"408","16","3","396","347","347"
"408","16","4","372","323","323"
"408","16","5","397","348","348"
"408","16","6","373","320","373"
"408","16","7","394","345","394"
"408","8","0","370","395","395"
"408","8","1","371","347","347"
"408","8","2","323","348","348"
"408","8","3","373","394","373"
"408","4","0","395","347","395"
"408","4","1","348","373","348"
"408","2","0","395","348","348"
"409","16","0","500","477","477"
"409","16","1","478","479","479"
"409","16","2","480","481","481"
"409","16","3","482","483","482"
"409","16","4","493","494","493"
"409","16","5","495","496","495"
"409","16","6","497","498","498"
"409","16","7","499","476","476"
"409","8","0","477","479","477"
"409","8","1","481","482","481"
"409","8","2","493","495","493"
"409","8","3","498","476","476"
"409","4","0","477","481","481"
"409","4","1","493","476","493"
"409","2","0","481","493","481"
"410","16","0","383","557","383"
"410","16","1","731","905","905"
"410","16","2","70","244","244"
"410","16","3","418","592","592"
"410","16","4","766","174","766"
"410","16","5","348","522","348"
"410","16","6","696","870","696"
"410","16","7","35","209","209"
"410","8","0","383","905","905"
"410","8","1","244","592","244"
"410","8","2","766","348","766"
"410","8","3","696","209","696"
"410","4","0","905","244","244"
"410","4","1","766","696","696"
"410","2","0","244","696","244"
"411","16","0","231","166","166"
"411","16","1","199","4","199"
"411","16","2","228","163","228"
"411","16","3","196","1","196"
"411","16","4","229","164","164"
"411","16","5","197","2","2"
"411","16","6","230","165","165"
"411","16","7","198","3","198"
"411","8","0","166","199","166"
"411","8","1","228","196","196"
"411","8","2","164","2","2"
"411","8","3","165","198","198"
"411","4","0","166","196","166"
"411","4","1","2","198","2"
"411","2","0","166","2","2"
"412","16","0","952","438","438"
"412","16","1","933","419","419"
"412","16","2","914","400","400"
"412","16","3","895","381","895"
"412","16","4","876","362","876"
"412","16","5","857","495","857"
"412","16","6","990","476","476"
"412","16","7","971","457","457"
"412","8","0","438","419","438"
"412","8","1","400","895","400"
"412","8","2","876","857","876"
"412","8","3","476","457","457"
"412","4","0","438","400","400"
"412","4","1","876","457","876"
"412","2","0","400","876","400"
"413","16","0","137","975","137"
"413","16","1","804","633","804"
"413","16","2","462","291","462"
"413","16","3","838","667","667"
"413","16","4","496","325","325"
"413","16","5","154","992","992"
"413","16","6","821","650","821"
"413","16","7","479","308","479"
"413","8","0","137","804","804"
"413","8","1","462","667","667"
"413","8","2","325","992","992"
"413","8","3","821","479","821"
"413","4","0","804","667","804"
"413","4","1","992","821","821"
"413","2","0","804","821","821"
"414","16","0","396","347","347"
"414","16","1","372","323","372"
"414","16","2","397","348","397"
"414","16","3","373","320","373"
"414","16","4","394","345","345"
"414","16","5","370","321","321"
"414","16","6","395","346","395"
"414","16","7","371","322","371"
"414","8","0","347","372","347"
"414","8","1","397","373","373"
"414","8","2","345","321","321"
"414","8","3","395","371","395"
"414","4","0","347","373","347"
"414","4","1","321","395","321"
"414","2","0","347","321","321"
"415","16","0","482","483","483"
"415","16","1","493","494","494"
"415","16","2","495","496","496"
"415","16","3","497","498","497"
"415","16","4","499","476","499"
"415","16","5","500","477","500"
"415","16","6","478","479","479"
"415","16","7","480","481","481"
"415","8","0","483","494","483"
"415","8","1","496","497","496"
"415","8","2","499","500","499"
"415","8","3","479","481","481"
"415","4","0","483","496","496"
"415","4","1","499","481","481"
"415","2","0","496","481","496"
"416","16","0","730","408","730"
"416","16","1","86","773","86"
"416","16","2","451","129","451"
"416","16","3","816","494","494"
"416","16","4","172","859","859"
"416","16","5","537","215","215"
"416","16","6","902","687","902"
"416","16","7","365","43","365"
"416","8","0","730","86","86"
"416","8","1","451","494","494"
"416","8","2","859","215","215"
"416","8","3","902","365","902"
"416","4","0","86","494","86"
"416","4","1","215","902","215"
"416","2","0","86","215","215"
"417","16","0","419","914","914"
"417","16","1","400","895","895"
"417","16","2","381","876","876"
"417","16","3","362","857","362"
"417","16","4","495","990","495"
"417","16","5","476","971","476"
"417","16","6","457","952","952"
"417","16","7","438","933","933"
"417","8","0","914","895","914"
"417","8","1","876","362","876"
"417","8","2","495","476","495"
"417","8","3","952","933","933"
"417","4","0","914","876","876"
"417","4","1","495","933","495"
"417","2","0","876","495","876"
"418","16","0","633","462","633"
"418","16","1","291","838","291"
"418","16","2","667","496","667"
"418","16","3","325","154","154"
"418","16","4","992","821","821"
"418","16","5","650","479","479"
"418","16","6","308","137","308"
"418","16","7","975","804","975"
"418","8","0","633","291","291"
"418","8","1","667","154","154"
"418","8","2","821","479","479"
"418","8","3","308","975","308"
"418","4","0","291","154","291"
"418","4","1","479","308","308"
"418","2","0","291","308","308"
"419","16","0","418","592","418"
"419","16","1","766","174","174"
"419","16","2","348","522","522"
"419","16","3","696","870","870"
"419","16","4","35","209","35"
"419","16","5","383","557","383"
"419","16","6","731","905","731"
"419","16","7","70","244","244"
"419","8","0","418","174","174"
"419","8","1","522","870","522"
"419","8","2","35","383","35"
"419","8","3","731","244","731"
"419","4","0","174","522","522"
"419","4","1","35","731","731"
"419","2","0","522","731","522"
"420","16","0","196","1","1"
"420","16","1","229","164","229"
"420","16","2","197","2","197"
"420","16","3","230","165","230"
"420","16","4","198","3","3"
"420","16","5","231","166","166"
"420","16","6","199","4","4"
"420","16","7","228","163","228"
"420","8","0","1","229","1"
"420","8","1","197","230","230"
"420","8","2","3","166","166"
"420","8","3","4","228","228"
"420","4","0","1","230","1"
"420","4","1","166","228","166"
"420","2","0","1","166","166"
"421","16","0","275","248","275"
"421","16","1","303","276","276"
"421","16","2","249","304","304"
"421","16","3","277","250","250"
"421","16","4","305","300","305"
"421","16","5","273","246","273"
"421","16","6","301","274","301"
"421","16","7","247","302","302"
"421","8","0","275","276","276"
"421","8","1","304","250","304"
"421","8","2","305","273","305"
"421","8","3","301","302","301"
"421","4","0","276","304","304"
"421","4","1","305","301","301"
"421","2","0","304","301","304"
"422","16","0","323","397","397"
"422","16","1","348","373","348"
"422","16","2","320","394","320"
"422","16","3","345","370","345"
"422","16","4","321","395","395"
"422","16","5","346","371","371"
"422","16","6","322","396","396"
"422","16","7","347","372","347"
"422","8","0","397","348","397"
"422","8","1","320","345","345"
"422","8","2","395","371","371"
"422","8","3","396","347","347"
"422","4","0","397","345","397"
"422","4","1","371","347","371"
"422","2","0","397","371","371"
"423","16","0","494","495","494"
"423","16","1","496","497","497"
"423","16","2","498","499","499"
"423","16","3","476","500","500"
"423","16","4","477","478","477"
"423","16","5","479","480","479"
"423","16","6","481","482","481"
"423","16","7","483","493","493"
"423","8","0","494","497","494"
"423","8","1","499","500","499"
"423","8","2","477","479","477"
"423","8","3","481","493","493"
"423","4","0","494","499","499"
"423","4","1","477","493","493"
"423","2","0","499","493","499"
"424","16","0","773","451","773"
"424","16","1","129","816","129"
"424","16","2","494","172","494"
"424","16","3","859","537","537"
"424","16","4","215","902","902"
"424","16","5","687","365","365"
"424","16","6","43","730","43"
"424","16","7","408","86","408"
"424","8","0","773","129","129"
"424","8","1","494","537","537"
"424","8","2","902","365","365"
"424","8","3","43","408","43"
"424","4","0","129","537","129"
"424","4","1","365","43","365"
"424","2","0","129","365","365"
"425","16","0","174","348","174"
"425","16","1","522","696","522"
"425","16","2","870","35","35"
"425","16","3","209","383","383"
"425","16","4","557","731","557"
"425","16","5","905","70","905"
"425","16","6","244","418","244"
"425","16","7","592","766","766"
"425","8","0","174","522","522"
"425","8","1","35","383","35"
"425","8","2","557","905","557"
"425","8","3","244","766","244"
"425","4","0","522","35","35"
"425","4","1","557","244","244"
"425","2","0","35","244","244"
"426","16","0","164","197","197"
"426","16","1","2","230","2"
"426","16","2","165","198","165"
"426","16","3","3","231","3"
"426","16","4","166","199","199"
"426","16","5","4","228","228"
"426","16","6","163","196","196"
"426","16","7","1","229","1"
"426","8","0","197","2","197"
"426","8","1","165","3","3"
"426","8","2","199","228","228"
"426","8","3","196","1","1"
"426","4","0","197","3","197"
"426","4","1","228","1","228"
"426","2","0","197","228","228"
"427","16","0","276","249","276"
"427","16","1","304","277","277"
"427","16","2","250","305","305"
"427","16","3","300","273","273"
"427","16","4","246","301","246"
"427","16","5","274","247","274"
"427","16","6","302","275","302"
"427","16","7","248","303","303"
"427","8","0","276","277","277"
"427","8","1","305","273","305"
"427","8","2","246","274","246"
"427","8","3","302","303","302"
"427","4","0","277","305","305"
"427","4","1","246","302","302"
"427","2","0","305","302","305"
"428","16","0","325","154","325"
"428","16","1","992","821","992"
"428","16","2","650","479","650"
"428","16","3","308","137","137"
"428","16","4","975","804","804"
"428","16","5","633","462","462"
"428","16","6","291","838","291"
"428","16","7","667","496","667"
"428","8","0","325","992","992"
"428","8","1","650","137","137"
"428","8","2","804","462","462"
"428","8","3","291","667","291"
"428","4","0","992","137","992"
"428","4","1","462","291","462"
"428","2","0","992","462","462"
"429","16","0","476","500","476"
"429","16","1","477","478","478"
"429","16","2","479","480","480"
"429","16","3","481","482","482"
"429","16","4","483","493","483"
"429","16","5","494","495","494"
"429","16","6","496","497","496"
"429","16","7","498","499","499"
"429","8","0","476","478","478"
"429","8","1","480","482","480"
"429","8","2","483","494","483"
"429","8","3","496","499","496"
"429","4","0","478","480","480"
"429","4","1","483","496","496"
"429","2","0","480","496","480"
"430","16","0","859","537","537"
"430","16","1","215","902","215"
"430","16","2","687","365","687"
"430","16","3","43","730","43"
"430","16","4","408","86","86"
"430","16","5","773","451","451"
"430","16","6","129","816","816"
"430","16","7","494","172","494"
"430","8","0","537","215","537"
"430","8","1","687","43","43"
"430","8","2","86","451","451"
"430","8","3","816","494","494"
"430","4","0","537","43","537"
"430","4","1","451","494","451"
"430","2","0","537","451","451"
"431","16","0","990","476","990"
"431","16","1","971","457","457"
"431","16","2","952","438","438"
"431","16","3","933","419","419"
"431","16","4","914","400","914"
"431","16","5","895","381","895"
"431","16","6","876","362","876"
"431","16","7","857","495","495"
"431","8","0","990","457","990"
"431","8","1","438","419","438"
"431","8","2","914","895","914"
"431","8","3","876","495","495"
"431","4","0","990","438","438"
"431","4","1","914","495","495"
"431","2","0","438","495","438"
"432","16","0","821","650","821"
"432","16","1","479","308","479"
"432","16","2","137","975","137"
"432","16","3","804","633","633"
"432","16","4","462","291","291"
"432","16","5","838","667","667"
"432","16","6","496","325","496"
"432","16","7","154","992","154"
"432","8","0","821","479","479"
"432","8","1","137","633","633"
"432","8","2","291","667","667"
"432","8","3","496","154","496"
"432","4","0","479","633","479"
"432","4","1","667","496","667"
"432","2","0","479","667","667"
"433","16","0","3","231","231"
"433","16","1","166","199","199"
"433","16","2","4","228","4"
"433","16","3","163","196","163"
"433","16","4","1","229","1"
"433","16","5","164","197","197"
"433","16","6","2","230","230"
"433","16","7","165","198","198"
"433","8","0","231","199","231"
"433","8","1","4","163","4"
"433","8","2","1","197","197"
"433","8","3","230","198","198"
"433","4","0","231","4","231"
"433","4","1","197","198","197"
"433","2","0","231","197","231"
"434","16","0","300","273","300"
"434","16","1","246","301","246"
"434","16","2","274","247","247"
"434","16","3","302","275","275"
"434","16","4","248","303","248"
"434","16","5","276","249","276"
"434","16","6","304","277","304"
"434","16","7","250","305","305"
"434","8","0","300","246","246"
"434","8","1","247","275","247"
"434","8","2","248","276","248"
"434","8","3","304","305","304"
"434","4","0","246","247","247"
"434","4","1","248","304","304"
"434","2","0","247","304","304"
"435","16","0","395","346","346"
"435","16","1","371","322","371"
"435","16","2","396","347","396"
"435","16","3","372","323","372"
"435","16","4","397","348","348"
"435","16","5","373","320","320"
"435","16","6","394","345","345"
"435","16","7","370","321","370"
"435","8","0","346","371","346"
"435","8","1","396","372","372"
"435","8","2","348","320","320"
"435","8","3","345","370","370"
"435","4","0","346","372","346"
"435","4","1","320","370","320"
"435","2","0","346","320","320"
"436","16","0","478","479","478"
"436","16","1","480","481","481"
"436","16","2","482","483","483"
"436","16","3","493","494","494"
"436","16","4","495","496","495"
"436","16","5","497","498","497"
"436","16","6","499","476","499"
"436","16","7","500","477","477"
"436","8","0","478","481","481"
"436","8","1","483","494","483"
"436","8","2","495","497","495"
"436","8","3","499","477","499"
"436","4","0","481","483","483"
"436","4","1","495","499","499"
"436","2","0","483","499","483"
"437","16","0","902","687","687"
"437","16","1","365","43","365"
"437","16","2","730","408","730"
"437","16","3","86","773","86"
"437","16","4","451","129","129"
"437","16","5","816","494","494"
"437","16","6","172","859","859"
"437","16","7","537","215","537"
"437","8","0","687","365","687"
"437","8","1","730","86","86"
"437","8","2","129","494","494"
"437","8","3","859","537","537"
"437","4","0","687","86","687"
"437","4","1","494","537","494"
"437","2","0","687","494","494"
"438","16","0","457","952","457"
"438","16","1","438","933","933"
"438","16","2","419","914","914"
"438","16","3","400","895","895"
"438","16","4","381","876","381"
"438","16","5","362","857","362"
"438","16","6","495","990","495"
"438","16","7","476","971","971"
"438","8","0","457","933","933"
"438","8","1","914","895","914"
"438","8","2","381","362","381"
"438","8","3","495","971","495"
"438","4","0","933","914","914"
"438","4","1","381","495","495"
"438","2","0","914","495","914"
"439","16","0","731","905","731"
"439","16","1","70","244","70"
"439","16","2","418","592","592"
"439","16","3","766","174","174"
"439","16","4","348","522","522"
"439","16","5","696","870","696"
"439","16","6","35","209","35"
"439","16","7","383","557","383"
"439","8","0","731","70","70"
"439","8","1","592","174","174"
"439","8","2","522","696","522"
"439","8","3","35","383","35"
"439","4","0","70","174","174"
"439","4","1","522","35","35"
"439","2","0","174","35","35"
"440","16","0","199","4","4"
"440","16","1","228","163","163"
"440","16","2","196","1","196"
"440","16","3","229","164","229"
"440","16","4","197","2","197"
"440","16","5","230","165","165"
"440","16","6","198","3","3"
"440","16","7","231","166","166"
"440","8","0","4","163","4"
"440","8","1","196","229","196"
"440","8","2","197","165","165"
"440","8","3","3","166","166"
"440","4","0","4","196","4"
"440","4","1","165","166","165"
"440","2","0","4","165","4"
"441","16","0","301","274","301"
"441","16","1","247","302","247"
"441","16","2","275","248","248"
"441","16","3","303","276","276"
"441","16","4","249","304","304"
"441","16","5","277","250","277"
"441","16","6","305","300","305"
"441","16","7","273","246","273"
"441","8","0","301","247","247"
"441","8","1","248","276","276"
"441","8","2","304","277","304"
"441","8","3","305","273","305"
"441","4","0","247","276","276"
"441","4","1","304","305","305"
"441","2","0","276","305","305"
"442","16","0","322","396","396"
"442","16","1","347","372","347"
"442","16","2","323","397","323"
"442","16","3","348","373","348"
"442","16","4","320","394","394"
"442","16","5","345","370","370"
"442","16","6","321","395","395"
"442","16","7","346","371","346"
"442","8","0","396","347","396"
"442","8","1","323","348","348"
"442","8","2","394","370","370"
"442","8","3","395","346","346"
"442","4","0","396","348","396"
"442","4","1","370","346","370"
"442","2","0","396","370","396"
"443","16","0","244","418","244"
"443","16","1","592","766","592"
"443","16","2","174","348","348"
"443","16","3","522","696","696"
"443","16","4","870","35","35"
"443","16","5","209","383","209"
"443","16","6","557","731","557"
"443","16","7","905","70","905"
"443","8","0","244","592","592"
"443","8","1","348","696","696"
"443","8","2","35","209","35"
"443","8","3","557","905","557"
"443","4","0","592","696","592"
"443","4","1","35","557","557"
"443","2","0","592","557","557"
"444","16","0","86","773","773"
"444","16","1","451","129","451"
"444","16","2","816","494","816"
"444","16","3","172","859","172"
"444","16","4","537","215","215"
"444","16","5","902","687","687"
"444","16","6","365","43","43"
"444","16","7","730","408","730"
"444","8","0","773","451","773"
"444","8","1","816","172","172"
"444","8","2","215","687","687"
"444","8","3","43","730","730"
"444","4","0","773","172","773"
"444","4","1","687","730","687"
"444","2","0","773","687","687"
"445","16","0","400","895","400"
"445","16","1","381","876","876"
"445","16","2","362","857","857"
"445","16","3","495","990","990"
"445","16","4","476","971","476"
"445","16","5","457","952","457"
"445","16","6","438","933","438"
"445","16","7","419","914","914"
"445","8","0","400","876","876"
"445","8","1","857","990","857"
"445","8","2","476","457","476"
"445","8","3","438","914","438"
"445","4","0","876","857","857"
"445","4","1","476","438","438"
"445","2","0","857","438","857"
"446","16","0","291","838","838"
"446","16","1","667","496","667"
"446","16","2","325","154","325"
"446","16","3","992","821","992"
"446","16","4","650","479","479"
"446","16","5","308","137","137"
"446","16","6","975","804","804"
"446","16","7","633","462","633"
"446","8","0","838","667","838"
"446","8","1","325","992","992"
"446","8","2","479","137","137"
"446","8","3","804","633","633"
"446","4","0","838","992","838"
"446","4","1","137","633","137"
"446","2","0","838","137","137"
"447","16","0","303","276","303"
"447","16","1","249","304","249"
"447","16","2","277","250","250"
"447","16","3","305","300","300"
"447","16","4","273","246","246"
"447","16","5","301","274","301"
"447","16","6","247","302","247"
"447","16","7","275","248","275"
"447","8","0","303","249","249"
"447","8","1","250","300","300"
"447","8","2","246","301","246"
"447","8","3","247","275","247"
"447","4","0","249","300","300"
"447","4","1","246","247","247"
"447","2","0","300","247","247"
"448","16","0","348","373","373"
"448","16","1","320","394","394"
"448","16","2","345","370","345"
"448","16","3","321","395","321"
"448","16","4","346","371","346"
"448","16","5","322","396","396"
"448","16","6","347","372","372"
"448","16","7","323","397","397"
"448","8","0","373","394","373"
"448","8","1","345","321","345"
"448","8","2","346","396","396"
"448","8","3","372","397","397"
"448","4","0","373","345","373"
"448","4","1","396","397","396"
"448","2","0","373","396","373"
"449","16","0","496","497","496"
"449","16","1","498","499","498"
"449","16","2","476","500","500"
"449","16","3","477","478","478"
"449","16","4","479","480","480"
"449","16","5","481","482","481"
"449","16","6","483","493","483"
"449","16","7","494","495","494"
"449","8","0","496","498","498"
"449","8","1","500","478","478"
"449","8","2","480","481","480"
"449","8","3","483","494","483"
"449","4","0","498","478","478"
"449","4","1","480","483","483"
"449","2","0","478","483","483"
"450","16","0","129","816","816"
"450","16","1","494","172","494"
"450","16","2","859","537","859"
"450","16","3","215","902","215"
"450","16","4","687","365","365"
"450","16","5","43","730","730"
"450","16","6","408","86","86"
"450","16","7","773","451","773"
"450","8","0","816","494","816"
"450","8","1","859","215","215"
"450","8","2","365","730","730"
"450","8","3","86","773","773"
"450","4","0","816","215","816"
"450","4","1","730","773","730"
"450","2","0","816","730","816"
"451","16","0","876","362","876"
"451","16","1","857","495","495"
"451","16","2","990","476","476"
"451","16","3","971","457","457"
"451","16","4","952","438","952"
"451","16","5","933","419","933"
"451","16","6","914","400","914"
"451","16","7","895","381","381"
"451","8","0","876","495","495"
"451","8","1","476","457","476"
"451","8","2","952","933","952"
"451","8","3","914","381","914"
"451","4","0","495","476","476"
"451","4","1","952","914","914"
"451","2","0","476","914","476"
"452","16","0","496","325","325"
"452","16","1","154","992","154"
"452","16","2","821","650","821"
"452","16","3","479","308","479"
"452","16","4","137","975","975"
"452","16","5","804","633","633"
"452","16","6","462","291","291"
"452","16","7","838","667","838"
"452","8","0","325","154","325"
"452","8","1","821","479","479"
"452","8","2","975","633","633"
"452","8","3","291","838","838"
"452","4","0","325","479","325"
"452","4","1","633","838","633"
"452","2","0","325","633","633"
"453","16","0","522","696","522"
"453","16","1","870","35","870"
"453","16","2","209","383","209"
"453","16","3","557","731","731"
"453","16","4","905","70","70"
"453","16","5","244","418","244"
"453","16","6","592","766","592"
"453","16","7","174","348","174"
"453","8","0","522","870","870"
"453","8","1","209","731","731"
"453","8","2","70","244","70"
"453","8","3","592","174","592"
"453","4","0","870","731","870"
"453","4","1","70","592","592"
"453","2","0","870","592","592"
"454","16","0","2","230","230"
"454","16","1","165","198","198"
"454","16","2","3","231","3"
"454","16","3","166","199","166"
"454","16","4","4","228","4"
"454","16","5","163","196","196"
"454","16","6","1","229","229"
"454","16","7","164","197","197"
"454","8","0","230","198","230"
"454","8","1","3","166","3"
"454","8","2","4","196","196"
"454","8","3","229","197","197"
"454","4","0","230","3","3"
"454","4","1","196","197","196"
"454","2","0","3","196","3"
"455","16","0","304","277","304"
"455","16","1","250","305","250"
"455","16","2","300","273","273"
"455","16","3","246","301","301"
"455","16","4","274","247","247"
"455","16","5","302","275","302"
"455","16","6","248","303","248"
"455","16","7","276","249","276"
"455","8","0","304","250","250"
"455","8","1","273","301","301"
"455","8","2","247","302","247"
"455","8","3","248","276","248"
"455","4","0","250","301","250"
"455","4","1","247","248","248"
"455","2","0","250","248","248"
"456","16","0","394","345","345"
"456","16","1","370","321","321"
"456","16","2","395","346","395"
"456","16","3","371","322","371"
"456","16","4","396","347","396"
"456","16","5","372","323","323"
"456","16","6","397","348","348"
"456","16","7","373","320","320"
"456","8","0","345","321","345"
"456","8","1","395","371","395"
"456","8","2","396","323","323"
"456","8","3","348","320","320"
"456","4","0","345","395","345"
"456","4","1","323","320","323"
"456","2","0","345","323","345"
"457","16","0","499","476","499"
"457","16","1","500","477","500"
"457","16","2","478","479","479"
"457","16","3","480","481","481"
"457","16","4","482","483","483"
"457","16","5","493","494","493"
"457","16","6","495","496","495"
"457","16","7","497","498","497"
"457","8","0","499","500","500"
"457","8","1","479","481","481"
"457","8","2","483","493","483"
"457","8","3","495","497","495"
"457","4","0","500","481","481"
"457","4","1","483","495","495"
"457","2","0","481","495","495"
"458","16","0","35","209","35"
"458","16","1","383","557","383"
"458","16","2","731","905","731"
"458","16","3","70","244","244"
"458","16","4","418","592","592"
"458","16","5","766","174","174"
"458","16","6","348","522","348"
"458","16","7","696","870","696"
"458","8","0","35","383","383"
"458","8","1","731","244","244"
"458","8","2","592","174","174"
"458","8","3","348","696","348"
"458","4","0","383","244","383"
"458","4","1","174","348","348"
"458","2","0","383","348","348"
"459","16","0","198","3","3"
"459","16","1","231","166","166"
"459","16","2","199","4","4"
"459","16","3","228","163","228"
"459","16","4","196","1","196"
"459","16","5","229","164","229"
"459","16","6","197","2","2"
"459","16","7","230","165","165"
"459","8","0","3","166","3"
"459","8","1","4","228","4"
"459","8","2","196","229","229"
"459","8","3","2","165","165"
"459","4","0","3","4","4"
"459","4","1","229","165","229"
"459","2","0","4","229","4"
"460","16","0","971","457","971"
"460","16","1","952","438","952"
"460","16","2","933","419","419"
"460","16","3","914","400","400"
"460","16","4","895","381","381"
"460","16","5","876","362","876"
"460","16","6","857","495","857"
"460","16","7","990","476","990"
"460","8","0","971","952","952"
"460","8","1","419","400","400"
"460","8","2","381","876","381"
"460","8","3","857","990","857"
"460","4","0","952","400","400"
"460","4","1","381","857","857"
"460","2","0","400","857","857"
"461","16","0","479","308","308"
"461","16","1","137","975","137"
"461","16","2","804","633","804"
"461","16","3","462","291","462"
"461","16","4","838","667","667"
"461","16","5","496","325","325"
"461","16","6","154","992","992"
"461","16","7","821","650","821"
"461","8","0","308","137","308"
"461","8","1","804","462","462"
"461","8","2","667","325","325"
"461","8","3","992","821","821"
"461","4","0","308","462","308"
"461","4","1","325","821","325"
"461","2","0","308","325","308"
"462","16","0","371","322","322"
"462","16","1","396","347","347"
"462","16","2","372","323","372"
"462","16","3","397","348","397"
"462","16","4","373","320","373"
"462","16","5","394","345","345"
"462","16","6","370","321","321"
"462","16","7","395","346","346"
"462","8","0","322","347","322"
"462","8","1","372","397","372"
"462","8","2","373","345","345"
"462","8","3","321","346","346"
"462","4","0","322","372","372"
"462","4","1","345","346","345"
"462","2","0","372","345","372"
"463","16","0","480","481","480"
"463","16","1","482","483","482"
"463","16","2","493","494","494"
"463","16","3","495","496","496"
"463","16","4","497","498","498"
"463","16","5","499","476","499"
"463","16","6","500","477","500"
"463","16","7","478","479","478"
"463","8","0","480","482","482"
"463","8","1","494","496","496"
"463","8","2","498","499","498"
"463","8","3","500","478","500"
"463","4","0","482","496","482"
"463","4","1","498","500","500"
"463","2","0","482","500","500"
"464","16","0","365","43","43"
"464","16","1","730","408","408"
"464","16","2","86","773","86"
"464","16","3","451","129","451"
"464","16","4","816","494","816"
"464","16","5","172","859","859"
"464","16","6","537","215","215"
"464","16","7","902","687","687"
"464","8","0","43","408","43"
"464","8","1","86","451","86"
"464","8","2","816","859","859"
"464","8","3","215","687","687"
"464","4","0","43","86","43"
"464","4","1","859","687","859"
"464","2","0","43","859","43"
"465","16","0","438","933","438"
"465","16","1","419","914","419"
"465","16","2","400","895","895"
"465","16","3","381","876","876"
"465","16","4","362","857","857"
"465","16","5","495","990","495"
"465","16","6","476","971","476"
"465","16","7","457","952","457"
"465","8","0","438","419","419"
"465","8","1","895","876","876"
"465","8","2","857","495","857"
"465","8","3","476","457","476"
"465","4","0","419","876","876"
"465","4","1","857","476","476"
"465","2","0","876","476","476"
"466","16","0","975","804","804"
"466","16","1","633","462","462"
"466","16","2","291","838","291"
"466","16","3","667","496","667"
"466","16","4","325","154","325"
"466","16","5","992","821","821"
"466","16","6","650","479","479"
"466","16","7","308","137","137"
"466","8","0","804","462","804"
"466","8","1","291","667","291"
"466","8","2","325","821","821"
"466","8","3","479","137","137"
"466","4","0","804","291","804"
"466","4","1","821","137","821"
"466","2","0","804","821","804"
"467","16","0","70","244","70"
"467","16","1","418","592","418"
"467","16","2","766","174","766"
"467","16","3","348","522","522"
"467","16","4","696","870","870"
"467","16","5","35","209","209"
"467","16","6","383","557","383"
"467","16","7","731","905","731"
"467","8","0","70","418","418"
"467","8","1","766","522","522"
"467","8","2","870","209","209"
"467","8","3","383","731","383"
"467","4","0","418","522","418"
"467","4","1","209","383","383"
"467","2","0","418","383","383"
"468","16","0","228","163","163"
"468","16","1","196","1","1"
"468","16","2","229","164","164"
"468","16","3","197","2","197"
"468","16","4","230","165","230"
"468","16","5","198","3","198"
"468","16","6","231","166","166"
"468","16","7","199","4","4"
"468","8","0","163","1","163"
"468","8","1","164","197","164"
"468","8","2","230","198","230"
"468","8","3","166","4","4"
"468","4","0","163","164","164"
"468","4","1","230","4","230"
"468","2","0","164","230","164"
"469","16","0","247","302","247"
"469","16","1","275","248","275"
"469","16","2","303","276","303"
"469","16","3","249","304","304"
"469","16","4","277","250","250"
"469","16","5","305","300","300"
"469","16","6","273","246","273"
"469","16","7","301","274","301"
"469","8","0","247","275","275"
"469","8","1","303","304","304"
"469","8","2","250","300","300"
"469","8","3","273","301","273"
"469","4","0","275","304","275"
"469","4","1","300","273","273"
"469","2","0","275","273","273"
"470","16","0","347","372","372"
"470","16","1","323","397","397"
"470","16","2","348","373","373"
"470","16","3","320","394","320"
"470","16","4","345","370","345"
"470","16","5","321","395","321"
"470","16","6","346","371","371"
"470","16","7","322","396","396"
"470","8","0","372","397","372"
"470","8","1","373","320","373"
"470","8","2","345","321","321"
"470","8","3","371","396","396"
"470","4","0","372","373","373"
"470","4","1","321","396","321"
"470","2","0","373","321","373"
"471","16","0","483","493","483"
"471","16","1","494","495","494"
"471","16","2","496","497","497"
"471","16","3","498","499","499"
"471","16","4","476","500","500"
"471","16","5","477","478","477"
"471","16","6","479","480","479"
"471","16","7","481","482","481"
"471","8","0","483","494","494"
"471","8","1","497","499","499"
"471","8","2","500","477","500"
"471","8","3","479","481","479"
"471","4","0","494","499","494"
"471","4","1","500","479","479"
"471","2","0","494","479","479"
"472","16","0","408","86","86"
"472","16","1","773","451","451"
"472","16","2","129","816","129"
"472","16","3","494","172","494"
"472","16","4","859","537","859"
"472","16","5","215","902","902"
"472","16","6","687","365","365"
"472","16","7","43","730","730"
"472","8","0","86","451","86"
"472","8","1","129","494","129"
"472","8","2","859","902","902"
"472","8","3","365","730","730"
"472","4","0","86","129","129"
"472","4","1","902","730","902"
"472","2","0","129","902","129"
"473","16","0","592","766","592"
"473","16","1","174","348","174"
"473","16","2","522","696","522"
"473","16","3","870","35","35"
"473","16","4","209","383","383"
"473","16","5","557","731","731"
"473","16","6","905","70","905"
"473","16","7","244","418","244"
"473","8","0","592","174","174"
"473","8","1","522","35","35"
"473","8","2","383","731","731"
"473","8","3","905","244","905"
"473","4","0","174","35","174"
"473","4","1","731","905","731"
"473","2","0","174","731","731"
"474","16","0","1","229","229"
"474","16","1","164","197","197"
"474","16","2","2","230","230"
"474","16","3","165","198","165"
"474","16","4","3","231","3"
"474","16","5","166","199","166"
"474","16","6","4","228","228"
"474","16","7","163","196","196"
"474","8","0","229","197","229"
"474","8","1","230","165","230"
"474","8","2","3","166","3"
"474","8","3","228","196","196"
"474","4","0","229","230","230"
"474","4","1","3","196","3"
"474","2","0","230","3","230"
"475","16","0","248","303","248"
"475","16","1","276","249","276"
"475","16","2","304","277","304"
"475","16","3","250","305","305"
"475","16","4","300","273","273"
"475","16","5","246","301","301"
"475","16","6","274","247","274"
"475","16","7","302","275","302"
"475","8","0","248","276","276"
"475","8","1","304","305","305"
"475","8","2","273","301","301"
"475","8","3","274","302","274"
"475","4","0","276","305","276"
"475","4","1","301","274","274"
"475","2","0","276","274","274"
"476","16","0","667","496","496"
"476","16","1","325","154","154"
"476","16","2","992","821","992"
"476","16","3","650","479","650"
"476","16","4","308","137","308"
"476","16","5","975","804","804"
"476","16","6","633","462","462"
"476","16","7","291","838","838"
"476","8","0","496","154","496"
"476","8","1","992","650","992"
"476","8","2","308","804","804"
"476","8","3","462","838","838"
"476","4","0","496","992","496"
"476","4","1","804","838","804"
"476","2","0","496","804","496"
"477","16","0","498","499","498"
"477","16","1","476","500","476"
"477","16","2","477","478","477"
"477","16","3","479","480","480"
"477","16","4","481","482","482"
"477","16","5","483","493","493"
"477","16","6","494","495","494"
"477","16","7","496","497","496"
"477","8","0","498","476","476"
"477","8","1","477","480","480"
"477","8","2","482","493","493"
"477","8","3","494","496","494"
"477","4","0","476","480","476"
"477","4","1","493","494","494"
"477","2","0","476","494","494"
"478","16","0","494","172","172"
"478","16","1","859","537","537"
"478","16","2","215","902","902"
"478","16","3","687","365","687"
"478","16","4","43","730","43"
"478","16","5","408","86","408"
"478","16","6","773","451","451"
"478","16","7","129","816","816"
"478","8","0","172","537","172"
"478","8","1","902","687","902"
"478","8","2","43","408","408"
"478","8","3","451","816","816"
"478","4","0","172","902","902"
"478","4","1","408","816","408"
"478","2","0","902","408","902"
"479","16","0","857","495","857"
"479","16","1","990","476","990"
"479","16","2","971","457","457"
"479","16","3","952","438","438"
"479","16","4","933","419","419"
"479","16","5","914","400","914"
"479","16","6","895","381","895"
"479","16","7","876","362","876"
"479","8","0","857","990","990"
"479","8","1","457","438","438"
"479","8","2","419","914","419"
"479","8","3","895","876","895"
"479","4","0","990","438","990"
"479","4","1","419","895","895"
"479","2","0","990","895","895"
"480","16","0","154","992","992"
"480","16","1","821","650","650"
"480","16","2","479","308","479"
"480","16","3","137","975","137"
"480","16","4","804","633","804"
"480","16","5","462","291","291"
"480","16","6","838","667","667"
"480","16","7","496","325","325"
"480","8","0","992","650","992"
"480","8","1","479","137","479"
"480","8","2","804","291","291"
"480","8","3","667","325","325"
"480","4","0","992","479","479"
"480","4","1","291","325","291"
"480","2","0","479","291","479"
