"tier_list_id","book_id","tier_grade","sort_order"
"1","236","B","817"
"1","237","A","854"
"1","238","C","891"
"1","239","A","928"
"1","240","C","965"
"1","241","A","1002"
"1","242","C","30"
"1","243","B","67"
"1","244","C","104"
"1","245","B","141"
"1","246","D","178"
"1","247","B","215"
"1","248","D","252"
"1","249","B","289"
"1","250","S","326"
"1","251","B","363"
"1","252","A","400"
"1","253","B","437"
"1","254","A","474"
"1","255","C","511"
"1","256","A","548"
"1","257","C","585"
"1","258","A","622"
"1","259","C","659"
"2","1","B","237"
"2","2","D","274"
"2","3","B","311"
"2","148","A","631"
"2","4","D","348"
"2","149","C","668"
"2","5","B","385"
"2","150","B","705"
"2","6","S","422"
"2","151","C","742"
"2","7","B","459"
"2","152","B","779"
"2","153","D","816"
"2","154","B","853"
"2","155","D","890"
"2","156","B","927"
"2","157","S","964"
"2","158","B","1001"
"2","159","A","29"
"2","160","B","66"
"2","161","A","103"
"2","162","C","140"
"2","163","A","177"
"2","164","C","214"
"3","621","B","56"
"3","233","D","835"
"3","854","S","605"
"3","466","B","375"
"3","78","C","145"
"3","699","C","924"
"3","311","A","694"
"3","932","B","464"
"3","544","C","234"
"3","156","A","4"
"3","777","A","783"
"3","389","B","553"
"3","1","D","323"
"3","622","S","93"
"3","234","B","872"
"3","855","B","642"
"3","467","D","412"
"3","79","A","182"
"3","700","B","961"
"3","312","C","731"
"3","933","D","501"
"3","545","A","271"
"3","157","B","41"
"3","778","C","820"
"4","831","A","806"
"4","653","C","274"
"4","475","B","751"
"4","297","A","219"
"4","119","C","696"
"4","950","A","164"
"4","772","C","641"
"4","594","B","109"
"4","416","A","586"
"4","238","C","54"
"4","60","B","531"
"4","891","D","1008"
"4","713","B","476"
"4","535","A","953"
"4","357","D","421"
"4","179","B","898"
"4","1","A","366"
"4","832","C","843"
"4","654","B","311"
"4","476","D","788"
"4","298","C","256"
"4","120","B","733"
"4","951","C","201"
"4","773","B","678"
"5","372","A","10"
"5","327","B","363"
"5","435","B","323"
"5","436","S","360"
"5","277","C","531"
"5","385","S","491"
"5","332","D","548"
"5","387","A","565"
"5","334","S","622"
"5","388","B","602"
"5","335","B","659"
"5","337","B","733"
"5","391","A","713"
"5","392","C","750"
"5","339","C","807"
"5","393","A","787"
"5","340","A","844"
"5","341","C","881"
"5","448","B","804"
"5","396","C","898"
"5","343","C","955"
"5","397","B","935"
"5","345","C","20"
"5","346","B","57"
"6","236","B","888"
"6","237","A","925"
"6","238","C","962"
"6","239","A","999"
"6","240","C","27"
"6","241","A","64"
"6","242","C","101"
"6","243","B","138"
"6","244","C","175"
"6","245","B","212"
"6","246","D","249"
"6","247","B","286"
"6","248","D","323"
"6","249","B","360"
"6","250","S","397"
"6","251","B","434"
"6","252","S","471"
"6","253","B","508"
"6","254","A","545"
"6","255","C","582"
"6","256","A","619"
"6","257","C","656"
"6","258","A","693"
"6","259","C","730"
"7","1","B","308"
"7","2","C","345"
"7","3","B","382"
"7","148","A","702"
"7","4","D","419"
"7","149","C","739"
"7","5","B","456"
"7","150","B","776"
"7","6","D","493"
"7","151","C","813"
"7","7","B","530"
"7","152","B","850"
"7","153","D","887"
"7","154","B","924"
"7","155","D","961"
"7","156","B","998"
"7","157","S","26"
"7","158","B","63"
"7","159","S","100"
"7","160","B","137"
"7","161","A","174"
"7","162","C","211"
"7","163","A","248"
"7","164","C","285"
"8","367","B","776"
"8","368","A","813"
"8","369","C","850"
"8","370","A","887"
"8","371","C","924"
"8","372","A","961"
"8","373","C","998"
"8","374","B","26"
"8","375","C","63"
"8","376","B","100"
"8","377","D","137"
"8","378","B","174"
"8","379","D","211"
"8","380","B","248"
"8","381","S","285"
"8","382","B","322"
"8","383","S","359"
"8","384","B","396"
"8","385","A","433"
"8","386","C","470"
"8","387","A","507"
"8","388","C","544"
"8","389","A","581"
"8","390","C","618"
"9","831","A","877"
"9","653","C","345"
"9","475","B","822"
"9","297","S","290"
"9","119","C","767"
"9","950","A","235"
"9","772","C","712"
"9","594","B","180"
"9","416","A","657"
"9","238","C","125"
"9","60","B","602"
"9","891","D","70"
"9","713","B","547"
"9","535","A","15"
"9","357","C","492"
"9","179","B","969"
"9","1","A","437"
"9","832","B","914"
"9","654","B","382"
"9","476","D","859"
"9","298","B","327"
"9","120","A","804"
"9","951","C","272"
"9","773","B","749"
"10","372","A","81"
"10","327","A","434"
"10","435","B","394"
"10","436","S","431"
"10","277","C","602"
"10","385","S","562"
"10","332","D","619"
"10","387","S","636"
"10","334","D","693"
"10","388","B","673"
"10","335","B","730"
"10","337","B","804"
"10","391","A","784"
"10","392","C","821"
"10","339","B","878"
"10","393","A","858"
"10","340","A","915"
"10","341","C","952"
"10","448","B","875"
"10","396","C","969"
"10","343","C","17"
"10","397","B","1006"
"10","345","C","91"
"10","346","B","128"
"11","1","C","293"
"11","2","A","330"
"11","3","C","367"
"11","4","B","404"
"11","5","C","441"
"11","6","B","478"
"11","7","D","515"
"12","1","B","379"
"12","2","C","416"
"12","3","B","453"
"12","148","A","773"
"12","4","D","490"
"12","149","C","810"
"12","5","B","527"
"12","150","A","847"
"12","6","D","564"
"12","151","C","884"
"12","7","B","601"
"12","152","B","921"
"12","153","C","958"
"12","154","B","995"
"12","155","D","23"
"12","156","B","60"
"12","157","D","97"
"12","158","B","134"
"12","159","S","171"
"12","160","B","208"
"12","161","A","245"
"12","162","B","282"
"12","163","A","319"
"12","164","C","356"
"13","367","B","847"
"13","368","A","884"
"13","369","B","921"
"13","370","A","958"
"13","371","C","995"
"13","372","A","23"
"13","373","C","60"
"13","374","A","97"
"13","375","C","134"
"13","376","B","171"
"13","377","C","208"
"13","378","B","245"
"13","379","D","282"
"13","380","B","319"
"13","381","S","356"
"13","382","B","393"
"13","383","S","430"
"13","384","B","467"
"13","385","A","504"
"13","386","C","541"
"13","387","A","578"
"13","388","C","615"
"13","389","A","652"
"13","390","C","689"
"14","831","S","948"
"14","653","C","416"
"14","475","B","893"
"14","297","S","361"
"14","119","C","838"
"14","950","A","306"
"14","772","C","783"
"14","594","B","251"
"14","416","A","728"
"14","238","C","196"
"14","60","B","673"
"14","891","C","141"
"14","713","B","618"
"14","535","A","86"
"14","357","C","563"
"14","179","B","31"
"14","1","A","508"
"14","832","B","985"
"14","654","A","453"
"14","476","D","930"
"14","298","B","398"
"14","120","A","875"
"14","951","C","343"
"14","773","B","820"
"15","372","A","152"
"15","327","A","505"
"15","435","B","465"
"15","436","S","502"
"15","277","C","673"
"15","385","D","633"
"15","332","D","690"
"15","387","S","707"
"15","334","D","764"
"15","388","B","744"
"15","335","B","801"
"15","337","B","875"
"15","391","A","855"
"15","392","C","892"
"15","339","B","949"
"15","393","A","929"
"15","340","A","986"
"15","341","C","14"
"15","448","B","946"
"15","396","C","31"
"15","343","C","88"
"15","397","B","68"
"15","345","C","162"
"15","346","B","199"
"16","1","C","364"
"16","2","A","401"
"16","3","C","438"
"16","4","A","475"
"16","5","C","512"
"16","6","B","549"
"16","7","C","586"
"17","1","A","450"
"17","2","C","487"
"17","3","B","524"
"17","148","A","844"
"17","4","C","561"
"17","149","C","881"
"17","5","B","598"
"17","150","A","918"
"17","6","D","635"
"17","151","C","955"
"17","7","B","672"
"17","152","B","992"
"17","153","C","20"
"17","154","B","57"
"17","155","D","94"
"17","156","B","131"
"17","157","D","168"
"17","158","B","205"
"17","159","S","242"
"17","160","B","279"
"17","161","S","316"
"17","162","B","353"
"17","163","A","390"
"17","164","C","427"
"18","367","B","918"
"18","368","S","955"
"18","369","B","992"
"18","370","A","20"
"18","371","C","57"
"18","372","A","94"
"18","373","C","131"
"18","374","A","168"
"18","375","C","205"
"18","376","B","242"
"18","377","C","279"
"18","378","B","316"
"18","379","D","353"
"18","380","B","390"
"18","381","D","427"
"18","382","B","464"
"18","383","S","501"
"18","384","B","538"
"18","385","S","575"
"18","386","B","612"
"18","387","A","649"
"18","388","C","686"
"18","389","A","723"
"18","390","C","760"
"19","831","S","10"
"19","653","C","487"
"19","475","B","964"
"19","297","S","432"
"19","119","C","909"
"19","950","A","377"
"19","772","C","854"
"19","594","B","322"
"19","416","A","799"
"19","238","C","267"
"19","60","B","744"
"19","891","C","212"
"19","713","B","689"
"19","535","A","157"
"19","357","C","634"
"19","179","B","102"
"19","1","A","579"
"19","832","B","47"
"19","654","A","524"
"19","476","D","1001"
"19","298","B","469"
"19","120","A","946"
"19","951","C","414"
"19","773","B","891"
"20","372","S","223"
"20","327","A","576"
"20","435","B","536"
"20","436","D","573"
"20","277","C","744"
"20","385","D","704"
"20","332","C","761"
"20","387","S","778"
"20","334","D","835"
"20","388","B","815"
"20","335","B","872"
"20","337","B","946"
"20","391","A","926"
"20","392","C","963"
"20","339","B","11"
"20","393","A","1000"
"20","340","A","48"
"20","341","B","85"
"20","448","B","8"
"20","396","C","102"
"20","343","C","159"
"20","397","B","139"
"20","345","C","233"
"20","346","A","270"
"21","615","A","176"
"21","584","C","38"
"21","585","A","75"
"21","591","B","297"
"21","592","D","334"
"21","593","B","371"
"21","596","S","482"
"21","597","B","519"
"21","598","A","556"
"21","599","C","593"
"21","600","A","630"
"21","602","A","704"
"21","605","C","815"
"21","606","B","852"
"21","607","D","889"
"21","608","B","926"
"21","609","D","963"
"21","610","B","1000"
"21","611","S","28"
"21","613","S","102"
"22","1","C","435"
"22","2","A","472"
"22","3","C","509"
"22","4","A","546"
"22","5","C","583"
"22","6","B","620"
"22","7","C","657"
"23","1","A","521"
"23","2","C","558"
"23","3","B","595"
"23","148","A","915"
"23","4","C","632"
"23","149","C","952"
"23","5","B","669"
"23","150","A","989"
"23","6","D","706"
"23","151","C","17"
"23","7","B","743"
"23","152","A","54"
"23","153","C","91"
"23","154","B","128"
"23","155","C","165"
"23","156","B","202"
"23","157","D","239"
"23","158","B","276"
"23","159","D","313"
"23","160","B","350"
"23","161","S","387"
"23","162","B","424"
"23","163","A","461"
"23","164","B","498"
"24","367","B","989"
"24","368","S","17"
"24","369","B","54"
"24","370","A","91"
"24","371","B","128"
"24","372","A","165"
"24","373","C","202"
"24","374","A","239"
"24","375","C","276"
"24","376","A","313"
"24","377","C","350"
"24","378","B","387"
"24","379","C","424"
"24","380","B","461"
"24","381","D","498"
"24","382","B","535"
"24","383","S","572"
"24","384","B","609"
"24","385","S","646"
"24","386","B","683"
"24","387","A","720"
"24","388","C","757"
"24","389","A","794"
"24","390","C","831"
"25","621","B","340"
"25","233","C","110"
"25","854","D","889"
"25","466","A","659"
"25","78","B","429"
"25","699","C","199"
"25","311","A","978"
"25","932","A","748"
"25","544","B","518"
"25","156","D","288"
"25","777","A","58"
"25","389","B","837"
"25","1","C","607"
"25","622","D","377"
"25","234","B","147"
"25","855","B","926"
"25","467","C","696"
"25","79","A","466"
"25","700","B","236"
"25","312","C","6"
"25","933","C","785"
"25","545","A","555"
"25","157","B","325"
"25","778","B","95"
"26","372","S","294"
"26","327","A","647"
"26","435","B","607"
"26","436","D","644"
"26","277","C","815"
"26","385","D","775"
"26","332","C","832"
"26","387","D","849"
"26","334","D","906"
"26","388","B","886"
"26","335","B","943"
"26","337","B","8"
"26","391","A","997"
"26","392","B","25"
"26","339","B","82"
"26","393","A","62"
"26","340","S","119"
"26","341","B","156"
"26","448","B","79"
"26","396","C","173"
"26","343","C","230"
"26","397","A","210"
"26","345","C","304"
"26","346","A","341"
"27","615","A","247"
"27","584","C","109"
"27","585","A","146"
"27","591","B","368"
"27","592","D","405"
"27","593","B","442"
"27","596","S","553"
"27","597","B","590"
"27","598","A","627"
"27","599","B","664"
"27","600","A","701"
"27","602","A","775"
"27","605","C","886"
"27","606","B","923"
"27","607","C","960"
"27","608","B","997"
"27","609","D","25"
"27","610","B","62"
"27","611","S","99"
"27","613","S","173"
"28","1","B","506"
"28","2","A","543"
"28","3","C","580"
"28","4","A","617"
"28","5","C","654"
"28","6","A","691"
"28","7","C","728"
"29","236","B","163"
"29","237","S","200"
"29","238","B","237"
"29","239","S","274"
"29","240","B","311"
"29","241","A","348"
"29","242","C","385"
"29","243","A","422"
"29","244","C","459"
"29","245","A","496"
"29","246","C","533"
"29","247","B","570"
"29","248","C","607"
"29","249","B","644"
"29","250","D","681"
"29","251","B","718"
"29","252","D","755"
"29","253","B","792"
"29","254","S","829"
"29","255","B","866"
"29","256","S","903"
"29","257","B","940"
"29","258","A","977"
"29","259","C","5"
"30","367","B","51"
"30","368","S","88"
"30","369","B","125"
"30","370","S","162"
"30","371","B","199"
"30","372","A","236"
"30","373","C","273"
"30","374","A","310"
"30","375","C","347"
"30","376","A","384"
"30","377","C","421"
"30","378","B","458"
"30","379","C","495"
"30","380","B","532"
"30","381","D","569"
"30","382","B","606"
"30","383","D","643"
"30","384","B","680"
"30","385","S","717"
"30","386","B","754"
"30","387","S","791"
"30","388","B","828"
"30","389","A","865"
"30","390","C","902"
"31","621","B","411"
"31","233","C","181"
"31","854","C","960"
"31","466","A","730"
"31","78","B","500"
"31","699","C","270"
"31","311","A","40"
"31","932","A","819"
"31","544","B","589"
"31","156","D","359"
"31","777","S","129"
"31","389","B","908"
"31","1","C","678"
"31","622","D","448"
"31","234","A","218"
"31","855","B","997"
"31","467","C","767"
"31","79","A","537"
"31","700","A","307"
"31","312","B","77"
"31","933","C","856"
"31","545","A","626"
"31","157","B","396"
"31","778","B","166"
"32","372","S","365"
"32","327","A","718"
"32","435","B","678"
"32","436","D","715"
"32","277","C","886"
"32","385","D","846"
"32","332","C","903"
"32","387","D","920"
"32","334","C","977"
"32","388","B","957"
"32","335","B","5"
"32","337","B","79"
"32","391","S","59"
"32","392","B","96"
"32","339","B","153"
"32","393","A","133"
"32","340","S","190"
"32","341","B","227"
"32","448","A","150"
"32","396","C","244"
"32","343","B","301"
"32","397","A","281"
"32","345","C","375"
"32","346","A","412"
"33","615","S","318"
"33","584","C","180"
"33","585","A","217"
"33","591","B","439"
"33","592","D","476"
"33","593","B","513"
"33","596","S","624"
"33","597","B","661"
"33","598","S","698"
"33","599","B","735"
"33","600","A","772"
"33","602","A","846"
"33","605","C","957"
"33","606","B","994"
"33","607","C","22"
"33","608","B","59"
"33","609","D","96"
"33","610","B","133"
"33","611","D","170"
"33","613","S","244"
"34","1","B","577"
"34","2","A","614"
"34","3","C","651"
"34","4","A","688"
"34","5","C","725"
"34","6","A","762"
"34","7","C","799"
"35","236","B","234"
"35","237","D","271"
"35","238","B","308"
"35","239","S","345"
"35","240","B","382"
"35","241","A","419"
"35","242","B","456"
"35","243","A","493"
"35","244","C","530"
"35","245","A","567"
"35","246","C","604"
"35","247","A","641"
"35","248","C","678"
"35","249","B","715"
"35","250","C","752"
"35","251","B","789"
"35","252","D","826"
"35","253","B","863"
"35","254","D","900"
"35","255","B","937"
"35","256","S","974"
"35","257","B","2"
"35","258","A","39"
"35","259","B","76"
"36","367","B","122"
"36","368","D","159"
"36","369","B","196"
"36","370","S","233"
"36","371","B","270"
"36","372","A","307"
"36","373","B","344"
"36","374","A","381"
"36","375","C","418"
"36","376","A","455"
"36","377","C","492"
"36","378","A","529"
"36","379","C","566"
"36","380","B","603"
"36","381","C","640"
"36","382","B","677"
"36","383","D","714"
"36","384","B","751"
"36","385","S","788"
"36","386","B","825"
"36","387","S","862"
"36","388","B","899"
"36","389","A","936"
"36","390","C","973"
"37","621","B","482"
"37","233","C","252"
"37","854","C","22"
"37","466","A","801"
"37","78","B","571"
"37","699","C","341"
"37","311","S","111"
"37","932","A","890"
"37","544","B","660"
"37","156","D","430"
"37","777","S","200"
"37","389","B","979"
"37","1","C","749"
"37","622","D","519"
"37","234","A","289"
"37","855","B","59"
"37","467","C","838"
"37","79","A","608"
"37","700","A","378"
"37","312","B","148"
"37","933","C","927"
"37","545","S","697"
"37","157","B","467"
"37","778","B","237"
"38","372","D","436"
"38","327","A","789"
"38","435","B","749"
"38","436","D","786"
"38","277","B","957"
"38","385","C","917"
"38","332","C","974"
"38","387","D","991"
"38","334","C","39"
"38","388","B","19"
"38","335","B","76"
"38","337","B","150"
"38","391","S","130"
"38","392","B","167"
"38","339","B","224"
"38","393","A","204"
"38","340","S","261"
"38","341","B","298"
"38","448","A","221"
"38","396","C","315"
"38","343","B","372"
"38","397","A","352"
"38","345","C","446"
"38","346","A","483"
"39","615","S","389"
"39","584","B","251"
"39","585","A","288"
"39","591","B","510"
"39","592","C","547"
"39","593","B","584"
"39","596","D","695"
"39","597","B","732"
"39","598","S","769"
"39","599","B","806"
"39","600","A","843"
"39","602","A","917"
"39","605","C","19"
"39","606","A","56"
"39","607","C","93"
"39","608","B","130"
"39","609","C","167"
"39","610","B","204"
"39","611","D","241"
"39","613","S","315"
"40","1","B","648"
"40","2","A","685"
"40","3","B","722"
"40","4","A","759"
"40","5","C","796"
"40","6","A","833"
"40","7","C","870"
"41","236","B","305"
"41","237","D","342"
"41","238","B","379"
"41","239","S","416"
"41","240","B","453"
"41","241","S","490"
"41","242","B","527"
"41","243","A","564"
"41","244","C","601"
"41","245","A","638"
"41","246","C","675"
"41","247","A","712"
"41","248","C","749"
"41","249","B","786"
"41","250","C","823"
"41","251","B","860"
"41","252","D","897"
"41","253","B","934"
"41","254","D","971"
"41","255","B","1008"
"41","256","S","36"
"41","257","B","73"
"41","258","S","110"
"41","259","B","147"
"42","367","B","193"
"42","368","D","230"
"42","369","B","267"
"42","370","S","304"
"42","371","B","341"
"42","372","S","378"
"42","373","B","415"
"42","374","A","452"
"42","375","C","489"
"42","376","A","526"
"42","377","C","563"
"42","378","A","600"
"42","379","C","637"
"42","380","B","674"
"42","381","C","711"
"42","382","B","748"
"42","383","D","785"
"42","384","B","822"
"42","385","D","859"
"42","386","B","896"
"42","387","S","933"
"42","388","B","970"
"42","389","S","1007"
"42","390","B","35"
"43","621","B","553"
"43","233","C","323"
"43","854","C","93"
"43","466","A","872"
"43","78","B","642"
"43","699","C","412"
"43","311","S","182"
"43","932","A","961"
"43","544","B","731"
"43","156","C","501"
"43","777","S","271"
"43","389","B","41"
"43","1","C","820"
"43","622","C","590"
"43","234","A","360"
"43","855","B","130"
"43","467","C","909"
"43","79","S","679"
"43","700","A","449"
"43","312","B","219"
"43","933","C","998"
"43","545","S","768"
"43","157","B","538"
"43","778","B","308"
"44","831","D","294"
"44","653","B","771"
"44","475","A","239"
"44","297","D","716"
"44","119","B","184"
"44","950","S","661"
"44","772","C","129"
"44","594","B","606"
"44","416","D","74"
"44","238","B","551"
"44","60","B","19"
"44","891","C","496"
"44","713","B","973"
"44","535","S","441"
"44","357","C","918"
"44","179","B","386"
"44","1","S","863"
"44","832","B","331"
"44","654","A","808"
"44","476","C","276"
"44","298","B","753"
"44","120","A","221"
"44","951","B","698"
"44","773","A","166"
"45","615","S","460"
"45","584","B","322"
"45","585","A","359"
"45","591","B","581"
"45","592","C","618"
"45","593","B","655"
"45","596","D","766"
"45","597","B","803"
"45","598","S","840"
"45","599","B","877"
"45","600","S","914"
"45","602","A","988"
"45","605","C","90"
"45","606","A","127"
"45","607","C","164"
"45","608","B","201"
"45","609","C","238"
"45","610","B","275"
"45","611","D","312"
"45","613","D","386"
"46","1","B","719"
"46","2","S","756"
"46","3","B","793"
"46","4","A","830"
"46","5","C","867"
"46","6","A","904"
"46","7","C","941"
"47","236","B","376"
"47","237","D","413"
"47","238","B","450"
"47","239","D","487"
"47","240","B","524"
"47","241","S","561"
"47","242","B","598"
"47","243","A","635"
"47","244","B","672"
"47","245","A","709"
"47","246","C","746"
"47","247","A","783"
"47","248","C","820"
"47","249","A","857"
"47","250","C","894"
"47","251","B","931"
"47","252","C","968"
"47","253","B","1005"
"47","254","D","33"
"47","255","B","70"
"47","256","D","107"
"47","257","B","144"
"47","258","S","181"
"47","259","B","218"
"48","1","A","805"
"48","2","C","842"
"48","3","A","879"
"48","148","S","190"
"48","4","C","916"
"48","149","B","227"
"48","5","A","953"
"48","150","A","264"
"48","6","C","990"
"48","151","B","301"
"48","7","B","18"
"48","152","A","338"
"48","153","C","375"
"48","154","A","412"
"48","155","C","449"
"48","156","A","486"
"48","157","C","523"
"48","158","B","560"
"48","159","C","597"
"48","160","B","634"
"48","161","D","671"
"48","162","B","708"
"48","163","D","745"
"48","164","B","782"
"49","621","B","624"
"49","233","C","394"
"49","854","C","164"
"49","466","A","943"
"49","78","B","713"
"49","699","C","483"
"49","311","S","253"
"49","932","A","23"
"49","544","B","802"
"49","156","C","572"
"49","777","D","342"
"49","389","B","112"
"49","1","C","891"
"49","622","C","661"
"49","234","A","431"
"49","855","B","201"
"49","467","C","980"
"49","79","S","750"
"49","700","A","520"
"49","312","B","290"
"49","933","C","60"
"49","545","S","839"
"49","157","B","609"
"49","778","B","379"
"50","831","D","365"
"50","653","B","842"
"50","475","A","310"
"50","297","C","787"
"50","119","B","255"
"50","950","D","732"
"50","772","B","200"
"50","594","A","677"
"50","416","D","145"
"50","238","B","622"
"50","60","A","90"
"50","891","C","567"
"50","713","B","35"
"50","535","S","512"
"50","357","C","989"
"50","179","B","457"
"50","1","S","934"
"50","832","B","402"
"50","654","S","879"
"50","476","C","347"
"50","298","B","824"
"50","120","S","292"
"50","951","B","769"
"50","773","A","237"
"51","615","S","531"
"51","584","B","393"
"51","585","A","430"
"51","591","A","652"
"51","592","C","689"
"51","593","B","726"
"51","596","D","837"
"51","597","B","874"
"51","598","D","911"
"51","599","B","948"
"51","600","S","985"
"51","602","A","50"
"51","605","C","161"
"51","606","A","198"
"51","607","C","235"
"51","608","A","272"
"51","609","C","309"
"51","610","B","346"
"51","611","C","383"
"51","613","D","457"
"52","236","B","447"
"52","237","C","484"
"52","238","B","521"
"52","239","D","558"
"52","240","B","595"
"52","241","S","632"
"52","242","B","669"
"52","243","S","706"
"52","244","B","743"
"52","245","A","780"
"52","246","C","817"
"52","247","A","854"
"52","248","C","891"
"52","249","A","928"
"52","250","C","965"
"52","251","B","1002"
"52","252","C","30"
"52","253","B","67"
"52","254","D","104"
"52","255","B","141"
"52","256","D","178"
"52","257","B","215"
"52","258","S","252"
"52","259","B","289"
"53","1","A","876"
"53","2","B","913"
"53","3","A","950"
"53","148","S","261"
"53","4","C","987"
"53","149","B","298"
"53","5","A","15"
"53","150","S","335"
"53","6","C","52"
"53","151","B","372"
"53","7","A","89"
"53","152","A","409"
"53","153","C","446"
"53","154","A","483"
"53","155","C","520"
"53","156","A","557"
"53","157","C","594"
"53","158","B","631"
"53","159","C","668"
"53","160","B","705"
"53","161","D","742"
"53","162","B","779"
"53","163","D","816"
"53","164","B","853"
"54","621","A","695"
"54","233","B","465"
"54","854","C","235"
"54","466","A","5"
"54","78","B","784"
"54","699","B","554"
"54","311","D","324"
"54","932","A","94"
"54","544","B","873"
"54","156","C","643"
"54","777","D","413"
"54","389","B","183"
"54","1","C","962"
"54","622","C","732"
"54","234","A","502"
"54","855","B","272"
"54","467","C","42"
"54","79","S","821"
"54","700","A","591"
"54","312","B","361"
"54","933","B","131"
"54","545","S","910"
"54","157","B","680"
"54","778","B","450"
"55","831","C","436"
"55","653","B","913"
"55","475","A","381"
"55","297","C","858"
"55","119","B","326"
"55","950","D","803"
"55","772","B","271"
"55","594","A","748"
"55","416","D","216"
"55","238","B","693"
"55","60","A","161"
"55","891","C","638"
"55","713","B","106"
"55","535","D","583"
"55","357","C","51"
"55","179","B","528"
"55","1","D","1005"
"55","832","B","473"
"55","654","S","950"
"55","476","C","418"
"55","298","B","895"
"55","120","S","363"
"55","951","B","840"
"55","773","A","308"
"56","615","D","602"
"56","584","B","464"
"56","585","S","501"
"56","591","A","723"
"56","592","C","760"
"56","593","B","797"
"56","596","D","908"
"56","597","B","945"
"56","598","D","982"
"56","599","B","10"
"56","600","S","47"
"56","602","S","121"
"56","605","C","232"
"56","606","A","269"
"56","607","C","306"
"56","608","A","343"
"56","609","C","380"
"56","610","B","417"
"56","611","C","454"
"56","613","D","528"
"57","236","B","518"
"57","237","C","555"
"57","238","B","592"
"57","239","D","629"
"57","240","B","666"
"57","241","D","703"
"57","242","B","740"
"57","243","S","777"
"57","244","B","814"
"57","245","A","851"
"57","246","B","888"
"57","247","A","925"
"57","248","C","962"
"57","249","A","999"
"57","250","C","27"
"57","251","A","64"
"57","252","C","101"
"57","253","B","138"
"57","254","C","175"
"57","255","B","212"
"57","256","D","249"
"57","257","B","286"
"57","258","D","323"
"57","259","B","360"
"58","1","S","947"
"58","2","B","984"
"58","3","A","12"
"58","148","D","332"
"58","4","C","49"
"58","149","B","369"
"58","5","A","86"
"58","150","S","406"
"58","6","C","123"
"58","151","B","443"
"58","7","A","160"
"58","152","A","480"
"58","153","B","517"
"58","154","A","554"
"58","155","C","591"
"58","156","A","628"
"58","157","C","665"
"58","158","A","702"
"58","159","C","739"
"58","160","B","776"
"58","161","C","813"
"58","162","B","850"
"58","163","D","887"
"58","164","B","924"
"59","621","A","766"
"59","233","B","536"
"59","854","C","306"
"59","466","A","76"
"59","78","B","855"
"59","699","B","625"
"59","311","D","395"
"59","932","S","165"
"59","544","B","944"
"59","156","C","714"
"59","777","D","484"
"59","389","A","254"
"59","1","C","24"
"59","622","C","803"
"59","234","A","573"
"59","855","A","343"
"59","467","B","113"
"59","79","D","892"
"59","700","A","662"
"59","312","B","432"
"59","933","B","202"
"59","545","D","981"
"59","157","B","751"
"59","778","B","521"
"60","831","C","507"
"60","653","B","984"
"60","475","A","452"
"60","297","C","929"
"60","119","B","397"
"60","950","D","874"
"60","772","B","342"
"60","594","A","819"
"60","416","C","287"
"60","238","B","764"
"60","60","A","232"
"60","891","B","709"
"60","713","B","177"
"60","535","D","654"
"60","357","B","122"
"60","179","A","599"
"60","1","D","67"
"60","832","B","544"
"60","654","S","12"
"60","476","C","489"
"60","298","B","966"
"60","120","S","434"
"60","951","B","911"
"60","773","A","379"
"61","372","C","720"
"61","327","S","64"
"61","435","A","24"
"61","436","C","61"
"61","277","B","232"
"61","385","C","192"
"61","332","C","249"
"61","387","C","266"
"61","334","C","323"
"61","388","B","303"
"61","335","A","360"
"61","337","B","434"
"61","391","D","414"
"61","392","B","451"
"61","339","B","508"
"61","393","D","488"
"61","340","D","545"
"61","341","B","582"
"61","448","A","505"
"61","396","B","599"
"61","343","B","656"
"61","397","A","636"
"61","345","B","730"
"61","346","S","767"
"62","236","B","589"
"62","237","C","626"
"62","238","B","663"
"62","239","C","700"
"62","240","B","737"
"62","241","D","774"
"62","242","B","811"
"62","243","S","848"
"62","244","B","885"
"62","245","S","922"
"62","246","B","959"
"62","247","A","996"
"62","248","C","24"
"62","249","A","61"
"62","250","C","98"
"62","251","A","135"
"62","252","C","172"
"62","253","B","209"
"62","254","C","246"
"62","255","B","283"
"62","256","D","320"
"62","257","B","357"
"62","258","D","394"
"62","259","B","431"
"63","1","S","9"
"63","2","B","46"
"63","3","A","83"
"63","148","D","403"
"63","4","B","120"
"63","149","B","440"
"63","5","A","157"
"63","150","S","477"
"63","6","C","194"
"63","151","B","514"
"63","7","A","231"
"63","152","S","551"
"63","153","B","588"
"63","154","A","625"
"63","155","C","662"
"63","156","A","699"
"63","157","C","736"
"63","158","A","773"
"63","159","C","810"
"63","160","B","847"
"63","161","C","884"
"63","162","B","921"
"63","163","D","958"
"63","164","B","995"
"64","367","B","477"
"64","368","C","514"
"64","369","B","551"
"64","370","D","588"
"64","371","B","625"
"64","372","D","662"
"64","373","B","699"
"64","374","S","736"
"64","375","B","773"
"64","376","S","810"
"64","377","B","847"
"64","378","A","884"
"64","379","C","921"
"64","380","A","958"
"64","381","C","995"
"64","382","A","23"
"64","383","C","60"
"64","384","B","97"
"64","385","C","134"
"64","386","B","171"
"64","387","D","208"
"64","388","B","245"
"64","389","D","282"
"64","390","B","319"
"65","831","C","578"
"65","653","B","46"
"65","475","A","523"
"65","297","C","1000"
"65","119","B","468"
"65","950","C","945"
"65","772","B","413"
"65","594","A","890"
"65","416","C","358"
"65","238","B","835"
"65","60","A","303"
"65","891","B","780"
"65","713","A","248"
"65","535","D","725"
"65","357","B","193"
"65","179","A","670"
"65","1","D","138"
"65","832","B","615"
"65","654","S","83"
"65","476","C","560"
"65","298","B","28"
"65","120","D","505"
"65","951","B","982"
"65","773","S","450"
"66","372","C","791"
"66","327","D","135"
"66","435","A","95"
"66","436","C","132"
"66","277","B","303"
"66","385","C","263"
"66","332","B","320"
"66","387","C","337"
"66","334","C","394"
"66","388","B","374"
"66","335","A","431"
"66","337","A","505"
"66","391","D","485"
"66","392","B","522"
"66","339","B","579"
"66","393","D","559"
"66","340","C","616"
"66","341","B","653"
"66","448","A","576"
"66","396","B","670"
"66","343","B","727"
"66","397","S","707"
"66","345","B","801"
"66","346","S","838"
"67","1","B","1003"
"67","2","D","31"
"67","3","B","68"
"67","4","S","105"
"67","5","B","142"
"67","6","S","179"
"67","7","B","216"
"68","1","S","80"
"68","2","B","117"
"68","3","S","154"
"68","148","D","474"
"68","4","B","191"
"68","149","B","511"
"68","5","A","228"
"68","150","D","548"
"68","6","C","265"
"68","151","B","585"
"68","7","A","302"
"68","152","S","622"
"68","153","B","659"
"68","154","A","696"
"68","155","B","733"
"68","156","A","770"
"68","157","C","807"
"68","158","A","844"
"68","159","C","881"
"68","160","A","918"
"68","161","C","955"
"68","162","B","992"
"68","163","C","20"
"68","164","B","57"
"69","367","A","548"
"69","368","C","585"
"69","369","B","622"
"69","370","C","659"
"69","371","B","696"
"69","372","D","733"
"69","373","B","770"
"69","374","D","807"
"69","375","B","844"
"69","376","S","881"
"69","377","B","918"
"69","378","A","955"
"69","379","B","992"
"69","380","A","20"
"69","381","C","57"
"69","382","A","94"
"69","383","C","131"
"69","384","A","168"
"69","385","C","205"
"69","386","B","242"
"69","387","C","279"
"69","388","B","316"
"69","389","D","353"
"69","390","B","390"
"70","831","C","649"
"70","653","B","117"
"70","475","A","594"
"70","297","C","62"
"70","119","B","539"
"70","950","C","7"
"70","772","B","484"
"70","594","A","961"
"70","416","C","429"
"70","238","B","906"
"70","60","A","374"
"70","891","B","851"
"70","713","A","319"
"70","535","D","796"
"70","357","B","264"
"70","179","A","741"
"70","1","C","209"
"70","832","B","686"
"70","654","D","154"
"70","476","B","631"
"70","298","A","99"
"70","120","D","576"
"70","951","B","44"
"70","773","S","521"
"71","372","C","862"
"71","327","D","206"
"71","435","A","166"
"71","436","C","203"
"71","277","B","374"
"71","385","C","334"
"71","332","B","391"
"71","387","C","408"
"71","334","C","465"
"71","388","A","445"
"71","335","A","502"
"71","337","A","576"
"71","391","C","556"
"71","392","B","593"
"71","339","B","650"
"71","393","D","630"
"71","340","C","687"
"71","341","B","724"
"71","448","S","647"
"71","396","B","741"
"71","343","B","798"
"71","397","S","778"
"71","345","B","872"
"71","346","S","909"
"72","1","B","65"
"72","2","D","102"
"72","3","B","139"
"72","4","D","176"
"72","5","B","213"
"72","6","S","250"
"72","7","B","287"
"73","1","D","151"
"73","2","B","188"
"73","3","S","225"
"73","148","C","545"
"73","4","B","262"
"73","149","B","582"
"73","5","A","299"
"73","150","D","619"
"73","6","B","336"
"73","151","B","656"
"73","7","A","373"
"73","152","S","693"
"73","153","B","730"
"73","154","S","767"
"73","155","B","804"
"73","156","A","841"
"73","157","C","878"
"73","158","A","915"
"73","159","C","952"
"73","160","A","989"
"73","161","C","17"
"73","162","B","54"
"73","163","C","91"
"73","164","B","128"
"74","367","A","619"
"74","368","C","656"
"74","369","B","693"
"74","370","C","730"
"74","371","B","767"
"74","372","D","804"
"74","373","B","841"
"74","374","D","878"
"74","375","B","915"
"74","376","S","952"
"74","377","B","989"
"74","378","S","17"
"74","379","B","54"
"74","380","A","91"
"74","381","C","128"
"74","382","A","165"
"74","383","C","202"
"74","384","A","239"
"74","385","C","276"
"74","386","B","313"
"74","387","C","350"
"74","388","B","387"
"74","389","D","424"
"74","390","B","461"
"75","831","C","720"
"75","653","B","188"
"75","475","S","665"
"75","297","C","133"
"75","119","B","610"
"75","950","C","78"
"75","772","B","555"
"75","594","A","23"
"75","416","C","500"
"75","238","B","977"
"75","60","A","445"
"75","891","B","922"
"75","713","A","390"
"75","535","C","867"
"75","357","B","335"
"75","179","A","812"
"75","1","C","280"
"75","832","A","757"
"75","654","D","225"
"75","476","B","702"
"75","298","A","170"
"75","120","D","647"
"75","951","B","115"
"75","773","S","592"
"76","372","C","933"
"76","327","D","277"
"76","435","A","237"
"76","436","C","274"
"76","277","B","445"
"76","385","C","405"
"76","332","B","462"
"76","387","C","479"
"76","334","B","536"
"76","388","A","516"
"76","335","A","573"
"76","337","A","647"
"76","391","C","627"
"76","392","B","664"
"76","339","A","721"
"76","393","D","701"
"76","340","C","758"
"76","341","B","795"
"76","448","S","718"
"76","396","B","812"
"76","343","B","869"
"76","397","S","849"
"76","345","B","943"
"76","346","D","980"
"77","615","C","886"
"77","584","B","748"
"77","585","D","785"
"77","591","A","1007"
"77","592","C","35"
"77","593","A","72"
"77","596","C","183"
"77","597","B","220"
"77","598","C","257"
"77","599","B","294"
"77","600","D","331"
"77","602","D","405"
"77","605","B","516"
"77","606","S","553"
"77","607","B","590"
"77","608","A","627"
"77","609","C","664"
"77","610","A","701"
"77","611","C","738"
"77","613","C","812"
"78","1","B","136"
"78","2","D","173"
"78","3","B","210"
"78","4","D","247"
"78","5","B","284"
"78","6","S","321"
"78","7","B","358"
"79","1","D","222"
"79","2","B","259"
"79","3","S","296"
"79","148","C","616"
"79","4","B","333"
"79","149","B","653"
"79","5","S","370"
"79","150","D","690"
"79","6","B","407"
"79","151","B","727"
"79","7","A","444"
"79","152","D","764"
"79","153","B","801"
"79","154","S","838"
"79","155","B","875"
"79","156","A","912"
"79","157","B","949"
"79","158","A","986"
"79","159","C","14"
"79","160","A","51"
"79","161","C","88"
"79","162","A","125"
"79","163","C","162"
"79","164","B","199"
"80","367","A","690"
"80","368","C","727"
"80","369","A","764"
"80","370","C","801"
"80","371","B","838"
"80","372","C","875"
"80","373","B","912"
"80","374","D","949"
"80","375","B","986"
"80","376","D","14"
"80","377","B","51"
"80","378","S","88"
"80","379","B","125"
"80","380","A","162"
"80","381","B","199"
"80","382","A","236"
"80","383","C","273"
"80","384","A","310"
"80","385","C","347"
"80","386","A","384"
"80","387","C","421"
"80","388","B","458"
"80","389","C","495"
"80","390","B","532"
"81","621","A","41"
"81","233","B","820"
"81","854","B","590"
"81","466","D","360"
"81","78","B","130"
"81","699","B","909"
"81","311","C","679"
"81","932","D","449"
"81","544","B","219"
"81","156","C","998"
"81","777","C","768"
"81","389","A","538"
"81","1","B","308"
"81","622","C","78"
"81","234","S","857"
"81","855","A","627"
"81","467","B","397"
"81","79","C","167"
"81","700","S","946"
"81","312","B","716"
"81","933","B","486"
"81","545","C","256"
"81","157","A","26"
"81","778","B","805"
"82","372","C","1004"
"82","327","C","348"
"82","435","A","308"
"82","436","C","345"
"82","277","B","516"
"82","385","B","476"
"82","332","B","533"
"82","387","C","550"
"82","334","B","607"
"82","388","A","587"
"82","335","A","644"
"82","337","A","718"
"82","391","C","698"
"82","392","B","735"
"82","339","A","792"
"82","393","C","772"
"82","340","C","829"
"82","341","B","866"
"82","448","S","789"
"82","396","B","883"
"82","343","B","940"
"82","397","D","920"
"82","345","B","5"
"82","346","D","42"
"83","615","C","957"
"83","584","B","819"
"83","585","D","856"
"83","591","A","69"
"83","592","B","106"
"83","593","A","143"
"83","596","C","254"
"83","597","A","291"
"83","598","C","328"
"83","599","B","365"
"83","600","C","402"
"83","602","D","476"
"83","605","B","587"
"83","606","S","624"
"83","607","B","661"
"83","608","A","698"
"83","609","B","735"
"83","610","A","772"
"83","611","C","809"
"83","613","C","883"
"84","1","B","207"
"84","2","C","244"
"84","3","B","281"
"84","4","D","318"
"84","5","B","355"
"84","6","D","392"
"84","7","B","429"
"85","236","A","873"
"85","237","C","910"
"85","238","A","947"
"85","239","C","984"
"85","240","B","12"
"85","241","C","49"
"85","242","B","86"
"85","243","C","123"
"85","244","B","160"
"85","245","D","197"
"85","246","B","234"
"85","247","S","271"
"85","248","B","308"
"85","249","S","345"
"85","250","B","382"
"85","251","A","419"
"85","252","C","456"
"85","253","A","493"
"85","254","C","530"
"85","255","A","567"
"85","256","C","604"
"85","257","B","641"
"85","258","C","678"
"85","259","B","715"
"86","367","A","761"
"86","368","C","798"
"86","369","A","835"
"86","370","C","872"
"86","371","B","909"
"86","372","C","946"
"86","373","B","983"
"86","374","D","11"
"86","375","B","48"
"86","376","D","85"
"86","377","B","122"
"86","378","S","159"
"86","379","B","196"
"86","380","S","233"
"86","381","B","270"
"86","382","A","307"
"86","383","C","344"
"86","384","A","381"
"86","385","C","418"
"86","386","A","455"
"86","387","C","492"
"86","388","B","529"
"86","389","C","566"
"86","390","B","603"
"87","621","A","112"
"87","233","B","891"
"87","854","B","661"
"87","466","D","431"
"87","78","B","201"
"87","699","B","980"
"87","311","C","750"
"87","932","D","520"
"87","544","A","290"
"87","156","C","60"
"87","777","C","839"
"87","389","A","609"
"87","1","B","379"
"87","622","B","149"
"87","234","D","928"
"87","855","A","698"
"87","467","B","468"
"87","79","C","238"
"87","700","D","8"
"87","312","B","787"
"87","933","B","557"
"87","545","C","327"
"87","157","A","97"
"87","778","B","876"
"88","372","C","66"
"88","327","C","419"
"88","435","A","379"
"88","436","B","416"
"88","277","B","587"
"88","385","B","547"
"88","332","B","604"
"88","387","C","621"
"88","334","B","678"
"88","388","A","658"
"88","335","A","715"
"88","337","A","789"
"88","391","C","769"
"88","392","B","806"
"88","339","A","863"
"88","393","C","843"
"88","340","C","900"
"88","341","A","937"
"88","448","D","860"
"88","396","B","954"
"88","343","B","2"
"88","397","D","991"
"88","345","B","76"
"88","346","D","113"
"89","615","C","19"
"89","584","B","890"
"89","585","C","927"
"89","591","S","140"
"89","592","B","177"
"89","593","A","214"
"89","596","C","325"
"89","597","A","362"
"89","598","C","399"
"89","599","B","436"
"89","600","C","473"
"89","602","D","547"
"89","605","B","658"
"89","606","S","695"
"89","607","B","732"
"89","608","S","769"
"89","609","B","806"
"89","610","A","843"
"89","611","C","880"
"89","613","C","954"
"90","1","B","278"
"90","2","C","315"
"90","3","B","352"
"90","4","D","389"
"90","5","B","426"
"90","6","D","463"
"90","7","B","500"
"91","236","A","944"
"91","237","C","981"
"91","238","A","9"
"91","239","C","46"
"91","240","A","83"
"91","241","C","120"
"91","242","B","157"
"91","243","C","194"
"91","244","B","231"
"91","245","D","268"
"91","246","B","305"
"91","247","D","342"
"91","248","B","379"
"91","249","S","416"
"91","250","B","453"
"91","251","A","490"
"91","252","B","527"
"91","253","A","564"
"91","254","C","601"
"91","255","A","638"
"91","256","C","675"
"91","257","A","712"
"91","258","C","749"
"91","259","B","786"
"92","367","A","832"
"92","368","C","869"
"92","369","A","906"
"92","370","C","943"
"92","371","A","980"
"92","372","C","8"
"92","373","B","45"
"92","374","C","82"
"92","375","B","119"
"92","376","D","156"
"92","377","B","193"
"92","378","D","230"
"92","379","B","267"
"92","380","S","304"
"92","381","B","341"
"92","382","A","378"
"92","383","B","415"
"92","384","A","452"
"92","385","C","489"
"92","386","A","526"
"92","387","C","563"
"92","388","A","600"
"92","389","C","637"
"92","390","B","674"
"93","621","S","183"
"93","233","B","962"
"93","854","B","732"
"93","466","D","502"
"93","78","A","272"
"93","699","B","42"
"93","311","C","821"
"93","932","D","591"
"93","544","A","361"
"93","156","B","131"
"93","777","C","910"
"93","389","A","680"
"93","1","B","450"
"93","622","B","220"
"93","234","D","999"
"93","855","S","769"
"93","467","B","539"
"93","79","C","309"
"93","700","D","79"
"93","312","B","858"
"93","933","B","628"
"93","545","C","398"
"93","157","A","168"
"93","778","A","947"
"94","372","C","137"
"94","327","C","490"
"94","435","S","450"
"94","436","B","487"
"94","277","B","658"
"94","385","B","618"
"94","332","B","675"
"94","387","B","692"
"94","334","B","749"
"94","388","A","729"
"94","335","S","786"
"94","337","A","860"
"94","391","C","840"
"94","392","A","877"
"94","339","A","934"
"94","393","C","914"
"94","340","C","971"
"94","341","A","1008"
"94","448","D","931"
"94","396","B","16"
"94","343","B","73"
"94","397","D","53"
"94","345","B","147"
"94","346","D","184"
"95","615","C","90"
"95","584","B","961"
"95","585","C","998"
"95","591","S","211"
"95","592","B","248"
"95","593","A","285"
"95","596","C","396"
"95","597","A","433"
"95","598","C","470"
"95","599","A","507"
"95","600","C","544"
"95","602","C","618"
"95","605","B","729"
"95","606","D","766"
"95","607","B","803"
"95","608","S","840"
"95","609","B","877"
"95","610","A","914"
"95","611","B","951"
"95","613","C","16"
"96","1","A","349"
"96","2","C","386"
"96","3","B","423"
"96","4","C","460"
"96","5","B","497"
"96","6","D","534"
"96","7","B","571"
"97","236","A","6"
"97","237","C","43"
"97","238","A","80"
"97","239","C","117"
"97","240","A","154"
"97","241","C","191"
"97","242","B","228"
"97","243","C","265"
"97","244","B","302"
"97","245","C","339"
"97","246","B","376"
"97","247","D","413"
"97","248","B","450"
"97","249","S","487"
"97","250","B","524"
"97","251","S","561"
"97","252","B","598"
"97","253","A","635"
"97","254","C","672"
"97","255","A","709"
"97","256","C","746"
"97","257","A","783"
"97","258","C","820"
"97","259","B","857"
"98","367","A","903"
"98","368","C","940"
"98","369","A","977"
"98","370","C","5"
"98","371","A","42"
"98","372","C","79"
"98","373","B","116"
"98","374","C","153"
"98","375","B","190"
"98","376","D","227"
"98","377","B","264"
"98","378","D","301"
"98","379","B","338"
"98","380","S","375"
"98","381","B","412"
"98","382","S","449"
"98","383","B","486"
"98","384","A","523"
"98","385","C","560"
"98","386","A","597"
"98","387","C","634"
"98","388","A","671"
"98","389","C","708"
"98","390","B","745"
"99","621","S","254"
"99","233","B","24"
"99","854","B","803"
"99","466","C","573"
"99","78","A","343"
"99","699","B","113"
"99","311","C","892"
"99","932","C","662"
"99","544","A","432"
"99","156","B","202"
"99","777","C","981"
"99","389","S","751"
"99","1","B","521"
"99","622","B","291"
"99","234","D","61"
"99","855","S","840"
"99","467","B","610"
"99","79","C","380"
"99","700","D","150"
"99","312","A","929"
"99","933","B","699"
"99","545","C","469"
"99","157","A","239"
"99","778","A","9"
"100","831","B","1004"
"100","653","A","472"
"100","475","D","949"
"100","297","B","417"
"100","119","A","894"
"100","950","C","362"
"100","772","B","839"
"100","594","S","307"
"100","416","C","784"
"100","238","B","252"
"100","60","S","729"
"100","891","B","197"
"100","713","S","674"
"100","535","C","142"
"100","357","B","619"
"100","179","S","87"
"100","1","C","564"
"100","832","A","32"
"100","654","C","509"
"100","476","B","986"
"100","298","A","454"
"100","120","C","931"
"100","951","A","399"
"100","773","C","876"
"101","615","C","161"
"101","584","B","23"
"101","585","C","60"
"101","591","S","282"
"101","592","B","319"
"101","593","S","356"
"101","596","C","467"
"101","597","A","504"
"101","598","C","541"
"101","599","A","578"
"101","600","C","615"
"101","602","C","689"
"101","605","B","800"
"101","606","D","837"
"101","607","B","874"
"101","608","S","911"
"101","609","B","948"
"101","610","S","985"
"101","611","B","13"
"101","613","C","87"
"102","1","A","420"
"102","2","C","457"
"102","3","B","494"
"102","4","C","531"
"102","5","B","568"
"102","6","D","605"
"102","7","B","642"
"103","236","S","77"
"103","237","B","114"
"103","238","A","151"
"103","239","C","188"
"103","240","A","225"
"103","241","C","262"
"103","242","A","299"
"103","243","C","336"
"103","244","B","373"
"103","245","C","410"
"103","246","B","447"
"103","247","D","484"
"103","248","B","521"
"103","249","D","558"
"103","250","B","595"
"103","251","S","632"
"103","252","B","669"
"103","253","A","706"
"103","254","B","743"
"103","255","A","780"
"103","256","C","817"
"103","257","A","854"
"103","258","C","891"
"103","259","A","928"
"104","1","C","506"
"104","2","B","543"
"104","3","C","580"
"104","148","C","900"
"104","4","B","617"
"104","149","A","937"
"104","5","D","654"
"104","150","C","974"
"104","6","B","691"
"104","151","B","2"
"104","7","S","728"
"104","152","C","39"
"104","153","B","76"
"104","154","D","113"
"104","155","B","150"
"104","156","D","187"
"104","157","B","224"
"104","158","S","261"
"104","159","B","298"
"104","160","A","335"
"104","161","B","372"
"104","162","A","409"
"104","163","C","446"
"104","164","A","483"
"105","621","S","325"
"105","233","B","95"
"105","854","B","874"
"105","466","C","644"
"105","78","A","414"
"105","699","B","184"
"105","311","C","963"
"105","932","C","733"
"105","544","A","503"
"105","156","B","273"
"105","777","C","43"
"105","389","S","822"
"105","1","B","592"
"105","622","B","362"
"105","234","D","132"
"105","855","S","911"
"105","467","B","681"
"105","79","C","451"
"105","700","C","221"
"105","312","A","1000"
"105","933","B","770"
"105","545","C","540"
"105","157","S","310"
"105","778","A","80"
"106","831","B","66"
"106","653","A","543"
"106","475","D","11"
"106","297","B","488"
"106","119","A","965"
"106","950","C","433"
"106","772","B","910"
"106","594","D","378"
"106","416","C","855"
"106","238","B","323"
"106","60","D","800"
"106","891","B","268"
"106","713","S","745"
"106","535","C","213"
"106","357","B","690"
"106","179","S","158"
"106","1","C","635"
"106","832","A","103"
"106","654","C","580"
"106","476","B","48"
"106","298","A","525"
"106","120","C","1002"
"106","951","A","470"
"106","773","C","947"
"107","615","C","232"
"107","584","A","94"
"107","585","C","131"
"107","591","D","353"
"107","592","B","390"
"107","593","S","427"
"107","596","B","538"
"107","597","A","575"
"107","598","C","612"
"107","599","A","649"
"107","600","C","686"
"107","602","C","760"
"107","605","B","871"
"107","606","D","908"
"107","607","B","945"
"107","608","D","982"
"107","609","B","10"
"107","610","S","47"
"107","611","B","84"
"107","613","B","158"
"108","236","S","148"
"108","237","B","185"
"108","238","A","222"
"108","239","C","259"
"108","240","A","296"
"108","241","C","333"
"108","242","A","370"
"108","243","C","407"
"108","244","B","444"
"108","245","C","481"
"108","246","B","518"
"108","247","C","555"
"108","248","B","592"
"108","249","D","629"
"108","250","B","666"
"108","251","S","703"
"108","252","B","740"
"108","253","S","777"
"108","254","B","814"
"108","255","A","851"
"108","256","C","888"
"108","257","A","925"
"108","258","C","962"
"108","259","A","999"
"109","1","C","577"
"109","2","B","614"
"109","3","C","651"
"109","148","C","971"
"109","4","B","688"
"109","149","A","1008"
"109","5","D","725"
"109","150","C","36"
"109","6","B","762"
"109","151","B","73"
"109","7","D","799"
"109","152","C","110"
"109","153","B","147"
"109","154","C","184"
"109","155","B","221"
"109","156","D","258"
"109","157","B","295"
"109","158","S","332"
"109","159","B","369"
"109","160","S","406"
"109","161","B","443"
"109","162","A","480"
"109","163","C","517"
"109","164","A","554"
"110","621","D","396"
"110","233","B","166"
"110","854","B","945"
"110","466","C","715"
"110","78","A","485"
"110","699","B","255"
"110","311","C","25"
"110","932","C","804"
"110","544","A","574"
"110","156","B","344"
"110","777","C","114"
"110","389","S","893"
"110","1","B","663"
"110","622","B","433"
"110","234","C","203"
"110","855","S","982"
"110","467","B","752"
"110","79","C","522"
"110","700","C","292"
"110","312","A","62"
"110","933","B","841"
"110","545","C","611"
"110","157","S","381"
"110","778","A","151"
"111","831","B","137"
"111","653","A","614"
"111","475","C","82"
"111","297","B","559"
"111","119","A","27"
"111","950","B","504"
"111","772","B","981"
"111","594","D","449"
"111","416","B","926"
"111","238","A","394"
"111","60","D","871"
"111","891","B","339"
"111","713","S","816"
"111","535","C","284"
"111","357","B","761"
"111","179","S","229"
"111","1","C","706"
"111","832","A","174"
"111","654","C","651"
"111","476","B","119"
"111","298","S","596"
"111","120","C","64"
"111","951","A","541"
"111","773","C","9"
"112","615","C","303"
"112","584","A","165"
"112","585","C","202"
"112","591","D","424"
"112","592","B","461"
"112","593","S","498"
"112","596","B","609"
"112","597","A","646"
"112","598","C","683"
"112","599","A","720"
"112","600","C","757"
"112","602","C","831"
"112","605","B","942"
"112","606","D","979"
"112","607","B","7"
"112","608","D","44"
"112","609","B","81"
"112","610","S","118"
"112","611","B","155"
"112","613","B","229"
"113","236","S","219"
"113","237","B","256"
"113","238","S","293"
"113","239","B","330"
"113","240","A","367"
"113","241","C","404"
"113","242","A","441"
"113","243","C","478"
"113","244","A","515"
"113","245","C","552"
"113","246","B","589"
"113","247","C","626"
"113","248","B","663"
"113","249","D","700"
"113","250","B","737"
"113","251","D","774"
"113","252","B","811"
"113","253","S","848"
"113","254","B","885"
"113","255","A","922"
"113","256","B","959"
"113","257","A","996"
"113","258","C","24"
"113","259","A","61"
"114","1","C","648"
"114","2","B","685"
"114","3","C","722"
"114","148","C","33"
"114","4","B","759"
"114","149","A","70"
"114","5","C","796"
"114","150","C","107"
"114","6","B","833"
"114","151","A","144"
"114","7","D","870"
"114","152","C","181"
"114","153","B","218"
"114","154","C","255"
"114","155","B","292"
"114","156","D","329"
"114","157","B","366"
"114","158","D","403"
"114","159","B","440"
"114","160","S","477"
"114","161","B","514"
"114","162","A","551"
"114","163","B","588"
"114","164","A","625"
"115","621","D","467"
"115","233","B","237"
"115","854","B","7"
"115","466","C","786"
"115","78","A","556"
"115","699","A","326"
"115","311","C","96"
"115","932","C","875"
"115","544","A","645"
"115","156","B","415"
"115","777","B","185"
"115","389","D","964"
"115","1","B","734"
"115","622","B","504"
"115","234","C","274"
"115","855","D","44"
"115","467","B","823"
"115","79","C","593"
"115","700","C","363"
"115","312","A","133"
"115","933","B","912"
"115","545","C","682"
"115","157","S","452"
"115","778","A","222"
"116","831","B","208"
"116","653","A","685"
"116","475","C","153"
"116","297","B","630"
"116","119","A","98"
"116","950","B","575"
"116","772","A","43"
"116","594","D","520"
"116","416","B","997"
"116","238","A","465"
"116","60","D","942"
"116","891","B","410"
"116","713","S","887"
"116","535","C","355"
"116","357","B","832"
"116","179","D","300"
"116","1","B","777"
"116","832","S","245"
"116","654","C","722"
"116","476","B","190"
"116","298","S","667"
"116","120","C","135"
"116","951","A","612"
"116","773","C","80"
"117","372","B","421"
"117","327","C","774"
"117","435","D","734"
"117","436","B","771"
"117","277","A","942"
"117","385","B","902"
"117","332","B","959"
"117","387","B","976"
"117","334","B","24"
"117","388","S","4"
"117","335","D","61"
"117","337","S","135"
"117","391","B","115"
"117","392","A","152"
"117","339","S","209"
"117","393","C","189"
"117","340","B","246"
"117","341","A","283"
"117","448","C","206"
"117","396","A","300"
"117","343","A","357"
"117","397","C","337"
"117","345","A","431"
"117","346","C","468"
"118","236","S","290"
"118","237","B","327"
"118","238","S","364"
"118","239","B","401"
"118","240","A","438"
"118","241","C","475"
"118","242","A","512"
"118","243","C","549"
"118","244","A","586"
"118","245","C","623"
"118","246","B","660"
"118","247","C","697"
"118","248","B","734"
"118","249","C","771"
"118","250","B","808"
"118","251","D","845"
"118","252","B","882"
"118","253","S","919"
"118","254","B","956"
"118","255","S","993"
"118","256","B","21"
"118","257","A","58"
"118","258","C","95"
"118","259","A","132"
"119","1","C","719"
"119","2","A","756"
"119","3","C","793"
"119","148","C","104"
"119","4","B","830"
"119","149","A","141"
"119","5","C","867"
"119","150","C","178"
"119","6","B","904"
"119","151","A","215"
"119","7","D","941"
"119","152","C","252"
"119","153","B","289"
"119","154","C","326"
"119","155","B","363"
"119","156","C","400"
"119","157","B","437"
"119","158","D","474"
"119","159","B","511"
"119","160","S","548"
"119","161","B","585"
"119","162","S","622"
"119","163","B","659"
"119","164","A","696"
"120","367","S","178"
"120","368","B","215"
"120","369","S","252"
"120","370","B","289"
"120","371","A","326"
"120","372","C","363"
"120","373","A","400"
"120","374","C","437"
"120","375","A","474"
"120","376","C","511"
"120","377","B","548"
"120","378","C","585"
"120","379","B","622"
"120","380","D","659"
"120","381","B","696"
"120","382","D","733"
"120","383","B","770"
"120","384","S","807"
"120","385","B","844"
"120","386","S","881"
"120","387","B","918"
"120","388","A","955"
"120","389","C","992"
"120","390","A","20"
"121","831","B","279"
"121","653","A","756"
"121","475","C","224"
"121","297","B","701"
"121","119","A","169"
"121","950","B","646"
"121","772","A","114"
"121","594","D","591"
"121","416","B","59"
"121","238","A","536"
"121","60","C","4"
"121","891","B","481"
"121","713","D","958"
"121","535","B","426"
"121","357","A","903"
"121","179","D","371"
"121","1","B","848"
"121","832","S","316"
"121","654","C","793"
"121","476","B","261"
"121","298","S","738"
"121","120","C","206"
"121","951","A","683"
"121","773","C","151"
"122","372","B","492"
"122","327","C","845"
"122","435","D","805"
"122","436","B","842"
"122","277","A","4"
"122","385","B","973"
"122","332","B","21"
"122","387","B","38"
"122","334","B","95"
"122","388","S","75"
"122","335","D","132"
"122","337","D","206"
"122","391","B","186"
"122","392","A","223"
"122","339","S","280"
"122","393","C","260"
"122","340","B","317"
"122","341","A","354"
"122","448","C","277"
"122","396","A","371"
"122","343","A","428"
"122","397","C","408"
"122","345","A","502"
"122","346","C","539"
"123","1","A","704"
"123","2","C","741"
"123","3","A","778"
"123","4","C","815"
"123","5","A","852"
"123","6","C","889"
"123","7","B","926"
"124","1","C","790"
"124","2","A","827"
"124","3","C","864"
"124","148","B","175"
"124","4","B","901"
"124","149","A","212"
"124","5","C","938"
"124","150","C","249"
"124","6","B","975"
"124","151","A","286"
"124","7","C","3"
"124","152","C","323"
"124","153","A","360"
"124","154","C","397"
"124","155","B","434"
"124","156","C","471"
"124","157","B","508"
"124","158","D","545"
"124","159","B","582"
"124","160","D","619"
"124","161","B","656"
"124","162","S","693"
"124","163","B","730"
"124","164","A","767"
"125","367","D","249"
"125","368","B","286"
"125","369","S","323"
"125","370","B","360"
"125","371","A","397"
"125","372","B","434"
"125","373","A","471"
"125","374","C","508"
"125","375","A","545"
"125","376","C","582"
"125","377","A","619"
"125","378","C","656"
"125","379","B","693"
"125","380","C","730"
"125","381","B","767"
"125","382","D","804"
"125","383","B","841"
"125","384","D","878"
"125","385","B","915"
"125","386","S","952"
"125","387","B","989"
"125","388","A","17"
"125","389","B","54"
"125","390","A","91"
"126","831","B","350"
"126","653","A","827"
"126","475","C","295"
"126","297","B","772"
"126","119","A","240"
"126","950","B","717"
"126","772","A","185"
"126","594","C","662"
"126","416","B","130"
"126","238","A","607"
"126","60","C","75"
"126","891","A","552"
"126","713","D","20"
"126","535","B","497"
"126","357","A","974"
"126","179","D","442"
"126","1","B","919"
"126","832","S","387"
"126","654","C","864"
"126","476","B","332"
"126","298","D","809"
"126","120","C","277"
"126","951","S","754"
"126","773","C","222"
"127","372","B","563"
"127","327","C","916"
"127","435","C","876"
"127","436","B","913"
"127","277","A","75"
"127","385","B","35"
"127","332","B","92"
"127","387","B","109"
"127","334","B","166"
"127","388","D","146"
"127","335","C","203"
"127","337","D","277"
"127","391","B","257"
"127","392","A","294"
"127","339","S","351"
"127","393","B","331"
"127","340","B","388"
"127","341","S","425"
"127","448","C","348"
"127","396","A","442"
"127","343","A","499"
"127","397","C","479"
"127","345","A","573"
"127","346","C","610"
"128","1","A","775"
"128","2","B","812"
"128","3","A","849"
"128","4","C","886"
"128","5","A","923"
"128","6","C","960"
"128","7","A","997"
"129","1","C","861"
"129","2","A","898"
"129","3","C","935"
"129","148","B","246"
"129","4","A","972"
"129","149","A","283"
"129","5","C","0"
"129","150","C","320"
"129","6","B","37"
"129","151","A","357"
"129","7","C","74"
"129","152","C","394"
"129","153","A","431"
"129","154","C","468"
"129","155","B","505"
"129","156","C","542"
"129","157","B","579"
"129","158","C","616"
"129","159","B","653"
"129","160","D","690"
"129","161","B","727"
"129","162","S","764"
"129","163","B","801"
"129","164","S","838"
"130","367","D","320"
"130","368","B","357"
"130","369","S","394"
"130","370","B","431"
"130","371","S","468"
"130","372","B","505"
"130","373","A","542"
"130","374","C","579"
"130","375","A","616"
"130","376","C","653"
"130","377","A","690"
"130","378","C","727"
"130","379","B","764"
"130","380","C","801"
"130","381","B","838"
"130","382","D","875"
"130","383","B","912"
"130","384","D","949"
"130","385","B","986"
"130","386","S","14"
"130","387","B","51"
"130","388","S","88"
"130","389","B","125"
"130","390","A","162"
"131","831","B","421"
"131","653","A","898"
"131","475","C","366"
"131","297","B","843"
"131","119","S","311"
"131","950","B","788"
"131","772","A","256"
"131","594","C","733"
"131","416","B","201"
"131","238","A","678"
"131","60","C","146"
"131","891","A","623"
"131","713","D","91"
"131","535","B","568"
"131","357","A","36"
"131","179","C","513"
"131","1","B","990"
"131","832","D","458"
"131","654","B","935"
"131","476","B","403"
"131","298","D","880"
"131","120","B","348"
"131","951","S","825"
"131","773","C","293"
"132","372","B","634"
"132","327","B","987"
"132","435","C","947"
"132","436","B","984"
"132","277","A","146"
"132","385","B","106"
"132","332","A","163"
"132","387","B","180"
"132","334","B","237"
"132","388","D","217"
"132","335","C","274"
"132","337","D","348"
"132","391","B","328"
"132","392","S","365"
"132","339","D","422"
"132","393","B","402"
"132","340","B","459"
"132","341","S","496"
"132","448","C","419"
"132","396","A","513"
"132","343","A","570"
"132","397","C","550"
"132","345","A","644"
"132","346","C","681"
"133","615","B","587"
"133","584","A","449"
"133","585","C","486"
"133","591","C","708"
"133","592","B","745"
"133","593","C","782"
"133","596","B","893"
"133","597","S","930"
"133","598","B","967"
"133","599","S","1004"
"133","600","B","32"
"133","602","C","106"
"133","605","A","217"
"133","606","C","254"
"133","607","B","291"
"133","608","C","328"
"133","609","B","365"
"133","610","D","402"
"133","611","B","439"
"133","613","B","513"
"134","1","S","846"
"134","2","B","883"
"134","3","A","920"
"134","4","C","957"
"134","5","A","994"
"134","6","C","22"
"134","7","A","59"
"135","1","C","932"
"135","2","A","969"
"135","3","C","1006"
"135","148","B","317"
"135","4","A","34"
"135","149","S","354"
"135","5","C","71"
"135","150","B","391"
"135","6","B","108"
"135","151","A","428"
"135","7","C","145"
"135","152","C","465"
"135","153","A","502"
"135","154","C","539"
"135","155","A","576"
"135","156","C","613"
"135","157","B","650"
"135","158","C","687"
"135","159","B","724"
"135","160","D","761"
"135","161","B","798"
"135","162","D","835"
"135","163","B","872"
"135","164","S","909"
"136","367","D","391"
"136","368","B","428"
"136","369","D","465"
"136","370","B","502"
"136","371","S","539"
"136","372","B","576"
"136","373","A","613"
"136","374","B","650"
"136","375","A","687"
"136","376","C","724"
"136","377","A","761"
"136","378","C","798"
"136","379","A","835"
"136","380","C","872"
"136","381","B","909"
"136","382","C","946"
"136","383","B","983"
"136","384","D","11"
"136","385","B","48"
"136","386","D","85"
"136","387","B","122"
"136","388","S","159"
"136","389","B","196"
"136","390","A","233"
"137","621","C","751"
"137","233","A","521"
"137","854","B","291"
"137","466","C","61"
"137","78","S","840"
"137","699","A","610"
"137","311","B","380"
"137","932","C","150"
"137","544","S","929"
"137","156","B","699"
"137","777","B","469"
"137","389","C","239"
"137","1","A","9"
"137","622","B","788"
"137","234","C","558"
"137","855","C","328"
"137","467","A","98"
"137","79","B","877"
"137","700","C","647"
"137","312","S","417"
"137","933","A","187"
"137","545","B","966"
"137","157","D","736"
"137","778","S","506"
"138","372","B","705"
"138","327","B","49"
"138","435","C","9"
"138","436","B","46"
"138","277","S","217"
"138","385","B","177"
"138","332","A","234"
"138","387","B","251"
"138","334","B","308"
"138","388","D","288"
"138","335","C","345"
"138","337","C","419"
"138","391","B","399"
"138","392","S","436"
"138","339","D","493"
"138","393","B","473"
"138","340","B","530"
"138","341","S","567"
"138","448","C","490"
"138","396","A","584"
"138","343","S","641"
"138","397","C","621"
"138","345","A","715"
"138","346","C","752"
"139","615","B","658"
"139","584","S","520"
"139","585","B","557"
"139","591","C","779"
"139","592","B","816"
"139","593","C","853"
"139","596","B","964"
"139","597","D","1001"
"139","598","B","29"
"139","599","S","66"
"139","600","B","103"
"139","602","B","177"
"139","605","A","288"
"139","606","C","325"
"139","607","A","362"
"139","608","C","399"
"139","609","B","436"
"139","610","C","473"
"139","611","B","510"
"139","613","B","584"
"140","1","S","917"
"140","2","B","954"
"140","3","A","991"
"140","4","B","19"
"140","5","A","56"
"140","6","C","93"
"140","7","A","130"
"141","236","C","574"
"141","237","B","611"
"141","238","D","648"
"141","239","B","685"
"141","240","S","722"
"141","241","B","759"
"141","242","S","796"
"141","243","B","833"
"141","244","A","870"
"141","245","C","907"
"141","246","A","944"
"141","247","C","981"
"141","248","A","9"
"141","249","C","46"
"141","250","B","83"
"141","251","C","120"
"141","252","B","157"
"141","253","C","194"
"141","254","B","231"
"141","255","D","268"
"141","256","B","305"
"141","257","S","342"
"141","258","B","379"
"141","259","S","416"
"142","367","C","462"
"142","368","B","499"
"142","369","D","536"
"142","370","B","573"
"142","371","S","610"
"142","372","B","647"
"142","373","S","684"
"142","374","B","721"
"142","375","A","758"
"142","376","C","795"
"142","377","A","832"
"142","378","C","869"
"142","379","A","906"
"142","380","C","943"
"142","381","B","980"
"142","382","C","8"
"142","383","B","45"
"142","384","D","82"
"142","385","B","119"
"142","386","D","156"
"142","387","B","193"
"142","388","S","230"
"142","389","B","267"
"142","390","S","304"
"143","621","C","822"
"143","233","A","592"
"143","854","A","362"
"143","466","C","132"
"143","78","S","911"
"143","699","A","681"
"143","311","B","451"
"143","932","B","221"
"143","544","D","1000"
"143","156","B","770"
"143","777","B","540"
"143","389","C","310"
"143","1","A","80"
"143","622","B","859"
"143","234","C","629"
"143","855","C","399"
"143","467","A","169"
"143","79","B","948"
"143","700","C","718"
"143","312","S","488"
"143","933","A","258"
"143","545","B","28"
"143","157","C","807"
"143","778","S","577"
"144","372","B","776"
"144","327","B","120"
"144","435","C","80"
"144","436","B","117"
"144","277","S","288"
"144","385","B","248"
"144","332","A","305"
"144","387","B","322"
"144","334","A","379"
"144","388","C","359"
"144","335","C","416"
"144","337","C","490"
"144","391","B","470"
"144","392","S","507"
"144","339","D","564"
"144","393","B","544"
"144","340","B","601"
"144","341","D","638"
"144","448","C","561"
"144","396","A","655"
"144","343","S","712"
"144","397","C","692"
"144","345","A","786"
"144","346","B","823"
"145","615","B","729"
"145","584","S","591"
"145","585","B","628"
"145","591","C","850"
"145","592","B","887"
"145","593","C","924"
"145","596","B","26"
"145","597","D","63"
"145","598","B","100"
"145","599","S","137"
"145","600","B","174"
"145","602","B","248"
"145","605","A","359"
"145","606","C","396"
"145","607","A","433"
"145","608","C","470"
"145","609","B","507"
"145","610","C","544"
"145","611","B","581"
"145","613","B","655"
"146","1","S","988"
"146","2","B","16"
"146","3","S","53"
"146","4","B","90"
"146","5","A","127"
"146","6","C","164"
"146","7","A","201"
"147","236","C","645"
"147","237","B","682"
"147","238","D","719"
"147","239","B","756"
"147","240","D","793"
"147","241","B","830"
"147","242","S","867"
"147","243","B","904"
"147","244","S","941"
"147","245","B","978"
"147","246","A","6"
"147","247","C","43"
"147","248","A","80"
"147","249","C","117"
"147","250","A","154"
"147","251","C","191"
"147","252","B","228"
"147","253","C","265"
"147","254","B","302"
"147","255","D","339"
"147","256","B","376"
"147","257","D","413"
"147","258","B","450"
"147","259","S","487"
"148","367","C","533"
"148","368","B","570"
"148","369","D","607"
"148","370","B","644"
"148","371","D","681"
"148","372","B","718"
"148","373","S","755"
"148","374","B","792"
"148","375","A","829"
"148","376","B","866"
"148","377","A","903"
"148","378","C","940"
"148","379","A","977"
"148","380","C","5"
"148","381","A","42"
"148","382","C","79"
"148","383","B","116"
"148","384","C","153"
"148","385","B","190"
"148","386","D","227"
"148","387","B","264"
"148","388","D","301"
"148","389","B","338"
"148","390","S","375"
"149","621","C","893"
"149","233","A","663"
"149","854","A","433"
"149","466","B","203"
"149","78","D","982"
"149","699","A","752"
"149","311","B","522"
"149","932","B","292"
"149","544","D","62"
"149","156","B","841"
"149","777","B","611"
"149","389","C","381"
"149","1","A","151"
"149","622","B","930"
"149","234","C","700"
"149","855","C","470"
"149","467","A","240"
"149","79","B","10"
"149","700","B","789"
"149","312","S","559"
"149","933","A","329"
"149","545","B","99"
"149","157","C","878"
"149","778","D","648"
"150","372","B","847"
"150","327","B","191"
"150","435","C","151"
"150","436","B","188"
"150","277","S","359"
"150","385","A","319"
"150","332","A","376"
"150","387","B","393"
"150","334","A","450"
"150","388","C","430"
"150","335","C","487"
"150","337","C","561"
"150","391","B","541"
"150","392","D","578"
"150","339","C","635"
"150","393","B","615"
"150","340","B","672"
"150","341","D","709"
"150","448","C","632"
"150","396","A","726"
"150","343","S","783"
"150","397","B","763"
"150","345","S","857"
"150","346","B","894"
"151","615","B","800"
"151","584","S","662"
"151","585","B","699"
"151","591","C","921"
"151","592","A","958"
"151","593","C","995"
"151","596","B","97"
"151","597","D","134"
"151","598","B","171"
"151","599","D","208"
"151","600","B","245"
"151","602","B","319"
"151","605","A","430"
"151","606","C","467"
"151","607","A","504"
"151","608","C","541"
"151","609","A","578"
"151","610","C","615"
"151","611","B","652"
"151","613","B","726"
"152","1","D","50"
"152","2","B","87"
"152","3","S","124"
"152","4","B","161"
"152","5","A","198"
"152","6","B","235"
"152","7","A","272"
"153","236","C","716"
"153","237","B","753"
"153","238","C","790"
"153","239","B","827"
"153","240","D","864"
"153","241","B","901"
"153","242","S","938"
"153","243","B","975"
"153","244","S","3"
"153","245","B","40"
"153","246","A","77"
"153","247","C","114"
"153","248","A","151"
"153","249","C","188"
"153","250","A","225"
"153","251","C","262"
"153","252","B","299"
"153","253","C","336"
"153","254","B","373"
"153","255","C","410"
"153","256","B","447"
"153","257","D","484"
"153","258","B","521"
"153","259","S","558"
"154","367","C","604"
"154","368","B","641"
"154","369","C","678"
"154","370","B","715"
"154","371","D","752"
"154","372","B","789"
"154","373","S","826"
"154","374","B","863"
"154","375","S","900"
"154","376","B","937"
"154","377","A","974"
"154","378","C","2"
"154","379","A","39"
"154","380","C","76"
"154","381","A","113"
"154","382","C","150"
"154","383","B","187"
"154","384","C","224"
"154","385","B","261"
"154","386","D","298"
"154","387","B","335"
"154","388","D","372"
"154","389","B","409"
"154","390","S","446"
"155","621","C","964"
"155","233","A","734"
"155","854","A","504"
"155","466","B","274"
"155","78","D","44"
"155","699","S","823"
"155","311","B","593"
"155","932","B","363"
"155","544","D","133"
"155","156","A","912"
"155","777","B","682"
"155","389","C","452"
"155","1","A","222"
"155","622","A","1001"
"155","234","B","771"
"155","855","C","541"
"155","467","A","311"
"155","79","B","81"
"155","700","B","860"
"155","312","D","630"
"155","933","A","400"
"155","545","B","170"
"155","157","C","949"
"155","778","D","719"
"156","831","B","705"
"156","653","D","173"
"156","475","C","650"
"156","297","B","118"
"156","119","D","595"
"156","950","B","63"
"156","772","S","540"
"156","594","C","8"
"156","416","B","485"
"156","238","S","962"
"156","60","C","430"
"156","891","A","907"
"156","713","C","375"
"156","535","B","852"
"156","357","A","320"
"156","179","C","797"
"156","1","B","265"
"156","832","C","742"
"156","654","B","210"
"156","476","A","687"
"156","298","C","155"
"156","120","B","632"
"156","951","D","100"
"156","773","B","577"
"157","615","B","871"
"157","584","S","733"
"157","585","B","770"
"157","591","C","992"
"157","592","A","20"
"157","593","C","57"
"157","596","B","168"
"157","597","C","205"
"157","598","B","242"
"157","599","D","279"
"157","600","B","316"
"157","602","B","390"
"157","605","A","501"
"157","606","C","538"
"157","607","A","575"
"157","608","C","612"
"157","609","A","649"
"157","610","C","686"
"157","611","B","723"
"157","613","B","797"
"158","1","D","121"
"158","2","B","158"
"158","3","S","195"
"158","4","B","232"
"158","5","S","269"
"158","6","B","306"
"158","7","A","343"
"159","236","C","787"
"159","237","B","824"
"159","238","C","861"
"159","239","B","898"
"159","240","D","935"
"159","241","B","972"
"159","242","D","0"
"159","243","B","37"
"159","244","S","74"
"159","245","B","111"
"159","246","S","148"
"159","247","B","185"
"159","248","A","222"
"159","249","C","259"
"159","250","A","296"
"159","251","C","333"
"159","252","A","370"
"159","253","C","407"
"159","254","B","444"
"159","255","C","481"
"159","256","B","518"
"159","257","D","555"
"159","258","B","592"
"159","259","D","629"
"160","1","B","207"
"160","2","S","244"
"160","3","B","281"
"160","148","B","601"
"160","4","A","318"
"160","149","D","638"
"160","5","C","355"
"160","150","B","675"
"160","6","A","392"
"160","151","S","712"
"160","7","C","429"
"160","152","B","749"
"160","153","S","786"
"160","154","B","823"
"160","155","A","860"
"160","156","C","897"
"160","157","A","934"
"160","158","C","971"
"160","159","A","1008"
"160","160","C","36"
"160","161","B","73"
"160","162","C","110"
"160","163","B","147"
"160","164","D","184"
"161","621","C","26"
"161","233","S","805"
"161","854","A","575"
"161","466","B","345"
"161","78","D","115"
"161","699","S","894"
"161","311","B","664"
"161","932","B","434"
"161","544","D","204"
"161","156","A","983"
"161","777","B","753"
"161","389","C","523"
"161","1","A","293"
"161","622","A","63"
"161","234","B","842"
"161","855","C","612"
"161","467","S","382"
"161","79","B","152"
"161","700","B","931"
"161","312","D","701"
"161","933","S","471"
"161","545","B","241"
"161","157","C","11"
"161","778","D","790"
"162","831","B","776"
"162","653","D","244"
"162","475","B","721"
"162","297","A","189"
"162","119","D","666"
"162","950","B","134"
"162","772","S","611"
"162","594","C","79"
"162","416","B","556"
"162","238","S","24"
"162","60","C","501"
"162","891","A","978"
"162","713","C","446"
"162","535","B","923"
"162","357","S","391"
"162","179","C","868"
"162","1","B","336"
"162","832","C","813"
"162","654","B","281"
"162","476","A","758"
"162","298","C","226"
"162","120","B","703"
"162","951","D","171"
"162","773","B","648"
"163","615","B","942"
"163","584","D","804"
"163","585","B","841"
"163","591","C","54"
"163","592","A","91"
"163","593","C","128"
"163","596","B","239"
"163","597","C","276"
"163","598","B","313"
"163","599","D","350"
"163","600","B","387"
"163","602","B","461"
"163","605","A","572"
"163","606","B","609"
"163","607","A","646"
"163","608","C","683"
"163","609","A","720"
"163","610","C","757"
"163","611","A","794"
"163","613","B","868"
"164","236","C","858"
"164","237","A","895"
"164","238","C","932"
"164","239","B","969"
"164","240","C","1006"
"164","241","B","34"
"164","242","D","71"
"164","243","B","108"
"164","244","S","145"
"164","245","B","182"
"164","246","S","219"
"164","247","B","256"
"164","248","A","293"
"164","249","C","330"
"164","250","A","367"
"164","251","C","404"
"164","252","A","441"
"164","253","C","478"
"164","254","B","515"
"164","255","C","552"
"164","256","B","589"
"164","257","C","626"
"164","258","B","663"
"164","259","D","700"
"165","1","B","278"
"165","2","S","315"
"165","3","B","352"
"165","148","B","672"
"165","4","S","389"
"165","149","D","709"
"165","5","B","426"
"165","150","B","746"
"165","6","A","463"
"165","151","S","783"
"165","7","C","500"
"165","152","B","820"
"165","153","S","857"
"165","154","B","894"
"165","155","A","931"
"165","156","C","968"
"165","157","A","1005"
"165","158","C","33"
"165","159","A","70"
"165","160","C","107"
"165","161","B","144"
"165","162","C","181"
"165","163","B","218"
"165","164","C","255"
"166","621","C","97"
"166","233","S","876"
"166","854","A","646"
"166","466","B","416"
"166","78","C","186"
"166","699","S","965"
"166","311","B","735"
"166","932","B","505"
"166","544","C","275"
"166","156","A","45"
"166","777","B","824"
"166","389","C","594"
"166","1","S","364"
"166","622","A","134"
"166","234","B","913"
"166","855","C","683"
"166","467","S","453"
"166","79","B","223"
"166","700","B","1002"
"166","312","D","772"
"166","933","S","542"
"166","545","B","312"
"166","157","C","82"
"166","778","C","861"
"167","831","A","847"
"167","653","D","315"
"167","475","B","792"
"167","297","A","260"
"167","119","D","737"
"167","950","B","205"
"167","772","S","682"
"167","594","C","150"
"167","416","B","627"
"167","238","D","95"
"167","60","B","572"
"167","891","S","40"
"167","713","C","517"
"167","535","B","994"
"167","357","S","462"
"167","179","C","939"
"167","1","B","407"
"167","832","C","884"
"167","654","B","352"
"167","476","A","829"
"167","298","C","297"
"167","120","B","774"
"167","951","C","242"
"167","773","B","719"
"168","615","B","4"
"168","584","D","875"
"168","585","B","912"
"168","591","C","125"
"168","592","A","162"
"168","593","C","199"
"168","596","B","310"
"168","597","C","347"
"168","598","B","384"
"168","599","C","421"
"168","600","B","458"
"168","602","B","532"
"168","605","S","643"
"168","606","B","680"
"168","607","A","717"
"168","608","C","754"
"168","609","A","791"
"168","610","C","828"
"168","611","A","865"
"168","613","B","939"
"169","236","C","929"
"169","237","A","966"
"169","238","C","1003"
"169","239","B","31"
"169","240","C","68"
"169","241","B","105"
"169","242","D","142"
"169","243","B","179"
"169","244","D","216"
"169","245","B","253"
"169","246","S","290"
"169","247","B","327"
"169","248","S","364"
"169","249","B","401"
"169","250","A","438"
"169","251","C","475"
"169","252","A","512"
"169","253","C","549"
"169","254","A","586"
"169","255","C","623"
"169","256","B","660"
"169","257","C","697"
"169","258","B","734"
"169","259","D","771"
"170","1","B","349"
"170","2","S","386"
"170","3","B","423"
"170","148","B","743"
"170","4","S","460"
"170","149","D","780"
"170","5","B","497"
"170","150","B","817"
"170","6","A","534"
"170","151","D","854"
"170","7","C","571"
"170","152","B","891"
"170","153","S","928"
"170","154","B","965"
"170","155","S","1002"
"170","156","B","30"
"170","157","A","67"
"170","158","C","104"
"170","159","A","141"
"170","160","C","178"
"170","161","A","215"
"170","162","C","252"
"170","163","B","289"
"170","164","C","326"
"171","621","C","168"
"171","233","S","947"
"171","854","A","717"
"171","466","B","487"
"171","78","C","257"
"171","699","D","27"
"171","311","B","806"
"171","932","B","576"
"171","544","C","346"
"171","156","A","116"
"171","777","B","895"
"171","389","C","665"
"171","1","S","435"
"171","622","A","205"
"171","234","B","984"
"171","855","C","754"
"171","467","S","524"
"171","79","B","294"
"171","700","B","64"
"171","312","C","843"
"171","933","S","613"
"171","545","B","383"
"171","157","C","153"
"171","778","C","932"
"172","831","A","918"
"172","653","D","386"
"172","475","B","863"
"172","297","A","331"
"172","119","C","808"
"172","950","B","276"
"172","772","D","753"
"172","594","B","221"
"172","416","A","698"
"172","238","D","166"
"172","60","B","643"
"172","891","S","111"
"172","713","C","588"
"172","535","B","56"
"172","357","S","533"
"172","179","C","1"
"172","1","B","478"
"172","832","C","955"
"172","654","B","423"
"172","476","S","900"
"172","298","C","368"
"172","120","B","845"
"172","951","C","313"
"172","773","B","790"
"173","372","A","122"
"173","327","B","475"
"173","435","C","435"
"173","436","A","472"
"173","277","D","643"
"173","385","A","603"
"173","332","S","660"
"173","387","A","677"
"173","334","A","734"
"173","388","C","714"
"173","335","C","771"
"173","337","C","845"
"173","391","B","825"
"173","392","C","862"
"173","339","C","919"
"173","393","B","899"
"173","340","B","956"
"173","341","C","993"
"173","448","B","916"
"173","396","D","1"
"173","343","C","58"
"173","397","B","38"
"173","345","D","132"
"173","346","B","169"
"174","236","C","1000"
"174","237","A","28"
"174","238","C","65"
"174","239","A","102"
"174","240","C","139"
"174","241","B","176"
"174","242","C","213"
"174","243","B","250"
"174","244","D","287"
"174","245","B","324"
"174","246","S","361"
"174","247","B","398"
"174","248","S","435"
"174","249","B","472"
"174","250","A","509"
"174","251","C","546"
"174","252","A","583"
"174","253","C","620"
"174","254","A","657"
"174","255","C","694"
"174","256","B","731"
"174","257","C","768"
"174","258","B","805"
"174","259","C","842"
"175","1","B","420"
"175","2","D","457"
"175","3","B","494"
"175","148","B","814"
"175","4","S","531"
"175","149","C","851"
"175","5","B","568"
"175","150","B","888"
"175","6","S","605"
"175","151","D","925"
"175","7","B","642"
"175","152","B","962"
"175","153","S","999"
"175","154","B","27"
"175","155","S","64"
"175","156","B","101"
"175","157","A","138"
"175","158","C","175"
"175","159","A","212"
"175","160","C","249"
"175","161","A","286"
"175","162","C","323"
"175","163","B","360"
"175","164","C","397"
"176","367","C","888"
"176","368","A","925"
"176","369","C","962"
"176","370","B","999"
"176","371","C","27"
"176","372","B","64"
"176","373","C","101"
"176","374","B","138"
"176","375","D","175"
"176","376","B","212"
"176","377","S","249"
"176","378","B","286"
"176","379","S","323"
"176","380","B","360"
"176","381","A","397"
"176","382","C","434"
"176","383","A","471"
"176","384","C","508"
"176","385","A","545"
"176","386","C","582"
"176","387","B","619"
"176","388","C","656"
"176","389","B","693"
"176","390","D","730"
"177","831","A","989"
"177","653","C","457"
"177","475","B","934"
"177","297","A","402"
"177","119","C","879"
"177","950","A","347"
"177","772","D","824"
"177","594","B","292"
"177","416","A","769"
"177","238","D","237"
"177","60","B","714"
"177","891","S","182"
"177","713","C","659"
"177","535","B","127"
"177","357","D","604"
"177","179","C","72"
"177","1","B","549"
"177","832","C","17"
"177","654","B","494"
"177","476","S","971"
"177","298","C","439"
"177","120","B","916"
"177","951","C","384"
"177","773","B","861"
"178","372","A","193"
"178","327","B","546"
"178","435","B","506"
"178","436","A","543"
"178","277","C","714"
"178","385","A","674"
"178","332","S","731"
"178","387","A","748"
"178","334","S","805"
"178","388","C","785"
"178","335","B","842"
"178","337","C","916"
"178","391","B","896"
"178","392","C","933"
"178","339","C","990"
"178","393","B","970"
"178","340","A","18"
"178","341","C","55"
"178","448","B","987"
"178","396","D","72"
"178","343","C","129"
"178","397","B","109"
"178","345","D","203"
"178","346","B","240"
"179","1","C","405"
"179","2","B","442"
"179","3","C","479"
"179","4","B","516"
"179","5","D","553"
"179","6","B","590"
"179","7","S","627"
"180","1","B","491"
"180","2","D","528"
"180","3","B","565"
"180","148","B","885"
"180","4","S","602"
"180","149","C","922"
"180","5","B","639"
"180","150","B","959"
"180","6","S","676"
"180","151","D","996"
"180","7","B","713"
"180","152","B","24"
"180","153","D","61"
"180","154","B","98"
"180","155","S","135"
"180","156","B","172"
"180","157","S","209"
"180","158","B","246"
"180","159","A","283"
"180","160","C","320"
"180","161","A","357"
"180","162","C","394"
"180","163","A","431"
"180","164","C","468"
"181","367","C","959"
"181","368","A","996"
"181","369","C","24"
"181","370","A","61"
"181","371","C","98"
"181","372","B","135"
"181","373","C","172"
"181","374","B","209"
"181","375","D","246"
"181","376","B","283"
"181","377","D","320"
"181","378","B","357"
"181","379","S","394"
"181","380","B","431"
"181","381","A","468"
"181","382","B","505"
"181","383","A","542"
"181","384","C","579"
"181","385","A","616"
"181","386","C","653"
"181","387","A","690"
"181","388","C","727"
"181","389","B","764"
"181","390","C","801"
"182","831","A","51"
"182","653","C","528"
"182","475","B","1005"
"182","297","A","473"
"182","119","C","950"
"182","950","A","418"
"182","772","D","895"
"182","594","B","363"
"182","416","A","840"
"182","238","C","308"
"182","60","B","785"
"182","891","D","253"
"182","713","B","730"
"182","535","B","198"
"182","357","D","675"
"182","179","B","143"
"182","1","A","620"
"182","832","C","88"
"182","654","B","565"
"182","476","S","33"
"182","298","C","510"
"182","120","B","987"
"182","951","C","455"
"182","773","B","932"
"183","372","A","264"
"183","327","B","617"
"183","435","B","577"
"183","436","A","614"
"183","277","C","785"
"183","385","S","745"
"183","332","S","802"
"183","387","A","819"
"183","334","S","876"
"183","388","C","856"
"183","335","B","913"
"183","337","C","987"
"183","391","A","967"
"183","392","C","1004"
"183","339","C","52"
"183","393","B","32"
"183","340","A","89"
"183","341","C","126"
"183","448","B","49"
"183","396","D","143"
"183","343","C","200"
"183","397","B","180"
"183","345","C","274"
"183","346","B","311"
"184","1","C","476"
"184","2","B","513"
"184","3","C","550"
"184","4","B","587"
"184","5","D","624"
"184","6","B","661"
"184","7","D","698"
"185","1","B","562"
"185","2","D","599"
"185","3","B","636"
"185","148","A","956"
"185","4","D","673"
"185","149","C","993"
"185","5","B","710"
"185","150","B","21"
"185","6","S","747"
"185","151","C","58"
"185","7","B","784"
"185","152","B","95"
"185","153","D","132"
"185","154","B","169"
"185","155","S","206"
"185","156","B","243"
"185","157","S","280"
"185","158","B","317"
"185","159","A","354"
"185","160","C","391"
"185","161","A","428"
"185","162","C","465"
"185","163","A","502"
"185","164","C","539"
"186","367","C","21"
"186","368","A","58"
"186","369","C","95"
"186","370","A","132"
"186","371","C","169"
"186","372","B","206"
"186","373","C","243"
"186","374","B","280"
"186","375","C","317"
"186","376","B","354"
"186","377","D","391"
"186","378","B","428"
"186","379","S","465"
"186","380","B","502"
"186","381","S","539"
"186","382","B","576"
"186","383","A","613"
"186","384","C","650"
"186","385","A","687"
"186","386","C","724"
"186","387","A","761"
"186","388","C","798"
"186","389","B","835"
"186","390","C","872"
"187","831","A","122"
"187","653","C","599"
"187","475","B","67"
"187","297","A","544"
"187","119","C","12"
"187","950","A","489"
"187","772","C","966"
"187","594","B","434"
"187","416","A","911"
"187","238","C","379"
"187","60","B","856"
"187","891","D","324"
"187","713","B","801"
"187","535","A","269"
"187","357","D","746"
"187","179","B","214"
"187","1","A","691"
"187","832","C","159"
"187","654","B","636"
"187","476","S","104"
"187","298","C","581"
"187","120","B","49"
"187","951","C","526"
"187","773","B","1003"
"188","372","A","335"
"188","327","B","688"
"188","435","B","648"
"188","436","S","685"
"188","277","C","856"
"188","385","S","816"
"188","332","D","873"
"188","387","A","890"
"188","334","S","947"
"188","388","C","927"
"188","335","B","984"
"188","337","B","49"
"188","391","A","29"
"188","392","C","66"
"188","339","C","123"
"188","393","B","103"
"188","340","A","160"
"188","341","C","197"
"188","448","B","120"
"188","396","C","214"
"188","343","C","271"
"188","397","B","251"
"188","345","C","345"
"188","346","B","382"
"189","615","A","288"
"189","584","C","150"
"189","585","B","187"
"189","591","B","409"
"189","592","S","446"
"189","593","B","483"
"189","596","A","594"
"189","597","C","631"
"189","598","A","668"
"189","599","C","705"
"189","600","B","742"
"189","602","B","816"
"189","605","D","927"
"189","606","B","964"
"189","607","S","1001"
"189","608","B","29"
"189","609","S","66"
"189","610","B","103"
"189","611","A","140"
"189","613","A","214"
"190","1","C","547"
"190","2","B","584"
"190","3","C","621"
"190","4","B","658"
"190","5","C","695"
"190","6","B","732"
"190","7","D","769"
"191","1","B","633"
"191","2","C","670"
"191","3","B","707"
"191","148","A","18"
"191","4","D","744"
"191","149","C","55"
"191","5","B","781"
"191","150","B","92"
"191","6","S","818"
"191","151","C","129"
"191","7","B","855"
"191","152","B","166"
"191","153","D","203"
"191","154","B","240"
"191","155","D","277"
"191","156","B","314"
"191","157","S","351"
"191","158","B","388"
"191","159","S","425"
"191","160","B","462"
"191","161","A","499"
"191","162","C","536"
"191","163","A","573"
"191","164","C","610"
"192","367","B","92"
"192","368","A","129"
"192","369","C","166"
"192","370","A","203"
"192","371","C","240"
"192","372","A","277"
"192","373","C","314"
"192","374","B","351"
"192","375","C","388"
"192","376","B","425"
"192","377","D","462"
"192","378","B","499"
"192","379","D","536"
"192","380","B","573"
"192","381","S","610"
"192","382","B","647"
"192","383","A","684"
"192","384","B","721"
"192","385","A","758"
"192","386","C","795"
"192","387","A","832"
"192","388","C","869"
"192","389","A","906"
"192","390","C","943"
"193","621","B","452"
"193","233","C","222"
"193","854","S","1001"
"193","466","B","771"
"193","78","C","541"
"193","699","C","311"
"193","311","A","81"
"193","932","B","860"
"193","544","C","630"
"193","156","S","400"
"193","777","A","170"
"193","389","B","949"
"193","1","D","719"
"193","622","S","489"
"193","234","B","259"
"193","855","B","29"
"193","467","D","808"
"193","79","A","578"
"193","700","B","348"
"193","312","C","118"
"193","933","C","897"
"193","545","A","667"
"193","157","B","437"
"193","778","C","207"
"194","372","A","406"
"194","327","A","759"
"194","435","B","719"
"194","436","S","756"
"194","277","C","927"
"194","385","S","887"
"194","332","D","944"
"194","387","S","961"
"194","334","S","9"
"194","388","B","998"
"194","335","B","46"
"194","337","B","120"
"194","391","A","100"
"194","392","C","137"
"194","339","C","194"
"194","393","A","174"
"194","340","A","231"
"194","341","C","268"
"194","448","B","191"
"194","396","C","285"
"194","343","C","342"
"194","397","B","322"
"194","345","C","416"
"194","346","B","453"
"195","615","A","359"
"195","584","C","221"
"195","585","B","258"
"195","591","B","480"
"195","592","S","517"
"195","593","B","554"
"195","596","A","665"
"195","597","C","702"
"195","598","A","739"
"195","599","C","776"
"195","600","A","813"
"195","602","B","887"
"195","605","D","998"
"195","606","B","26"
"195","607","D","63"
"195","608","B","100"
"195","609","S","137"
"195","610","B","174"
"195","611","A","211"
"195","613","A","285"
"196","1","C","618"
"196","2","A","655"
"196","3","C","692"
"196","4","B","729"
"196","5","C","766"
"196","6","B","803"
"196","7","D","840"
"197","236","B","275"
"197","237","A","312"
"197","238","B","349"
"197","239","A","386"
"197","240","C","423"
"197","241","A","460"
"197","242","C","497"
"197","243","A","534"
"197","244","C","571"
"197","245","B","608"
"197","246","C","645"
"197","247","B","682"
"197","248","D","719"
"197","249","B","756"
"197","250","S","793"
"197","251","B","830"
"197","252","S","867"
"197","253","B","904"
"197","254","A","941"
"197","255","C","978"
"197","256","A","6"
"197","257","C","43"
"197","258","A","80"
"197","259","C","117"
"198","367","B","163"
"198","368","A","200"
"198","369","C","237"
"198","370","A","274"
"198","371","C","311"
"198","372","A","348"
"198","373","C","385"
"198","374","B","422"
"198","375","C","459"
"198","376","B","496"
"198","377","C","533"
"198","378","B","570"
"198","379","D","607"
"198","380","B","644"
"198","381","S","681"
"198","382","B","718"
"198","383","S","755"
"198","384","B","792"
"198","385","A","829"
"198","386","C","866"
"198","387","A","903"
"198","388","C","940"
"198","389","A","977"
"198","390","C","5"
"199","621","B","523"
"199","233","C","293"
"199","854","D","63"
"199","466","B","842"
"199","78","C","612"
"199","699","C","382"
"199","311","A","152"
"199","932","B","931"
"199","544","C","701"
"199","156","S","471"
"199","777","A","241"
"199","389","B","11"
"199","1","D","790"
"199","622","S","560"
"199","234","B","330"
"199","855","B","100"
"199","467","C","879"
"199","79","A","649"
"199","700","B","419"
"199","312","C","189"
"199","933","C","968"
"199","545","A","738"
"199","157","B","508"
"199","778","C","278"
"200","372","A","477"
"200","327","A","830"
"200","435","B","790"
"200","436","S","827"
"200","277","C","998"
"200","385","S","958"
"200","332","D","6"
"200","387","S","23"
"200","334","D","80"
"200","388","B","60"
"200","335","B","117"
"200","337","B","191"
"200","391","A","171"
"200","392","C","208"
"200","339","B","265"
"200","393","A","245"
"200","340","A","302"
"200","341","C","339"
"200","448","B","262"
"200","396","C","356"
"200","343","C","413"
"200","397","B","393"
"200","345","C","487"
"200","346","B","524"
"201","615","A","430"
"201","584","C","292"
"201","585","A","329"
"201","591","B","551"
"201","592","S","588"
"201","593","B","625"
"201","596","A","736"
"201","597","C","773"
"201","598","A","810"
"201","599","C","847"
"201","600","A","884"
"201","602","B","958"
"201","605","C","60"
"201","606","B","97"
"201","607","D","134"
"201","608","B","171"
"201","609","S","208"
"201","610","B","245"
"201","611","S","282"
"201","613","A","356"
"202","1","C","689"
"202","2","A","726"
"202","3","C","763"
"202","4","B","800"
"202","5","C","837"
"202","6","B","874"
"202","7","C","911"
"203","236","B","346"
"203","237","S","383"
"203","238","B","420"
"203","239","A","457"
"203","240","C","494"
"203","241","A","531"
"203","242","C","568"
"203","243","A","605"
"203","244","C","642"
"203","245","B","679"
"203","246","C","716"
"203","247","B","753"
"203","248","D","790"
"203","249","B","827"
"203","250","D","864"
"203","251","B","901"
"203","252","S","938"
"203","253","B","975"
"203","254","S","3"
"203","255","B","40"
"203","256","A","77"
"203","257","C","114"
"203","258","A","151"
"203","259","C","188"
"204","367","B","234"
"204","368","S","271"
"204","369","B","308"
"204","370","A","345"
"204","371","C","382"
"204","372","A","419"
"204","373","C","456"
"204","374","A","493"
"204","375","C","530"
"204","376","B","567"
"204","377","C","604"
"204","378","B","641"
"204","379","D","678"
"204","380","B","715"
"204","381","D","752"
"204","382","B","789"
"204","383","S","826"
"204","384","B","863"
"204","385","A","900"
"204","386","B","937"
"204","387","A","974"
"204","388","C","2"
"204","389","A","39"
"204","390","C","76"
"205","621","B","594"
"205","233","C","364"
"205","854","D","134"
"205","466","B","913"
"205","78","C","683"
"205","699","C","453"
"205","311","A","223"
"205","932","B","1002"
"205","544","C","772"
"205","156","S","542"
"205","777","A","312"
"205","389","B","82"
"205","1","C","861"
"205","622","S","631"
"205","234","B","401"
"205","855","B","171"
"205","467","C","950"
"205","79","A","720"
"205","700","B","490"
"205","312","C","260"
"205","933","C","30"
"205","545","A","809"
"205","157","B","579"
"205","778","C","349"
"206","372","S","548"
"206","327","A","901"
"206","435","B","861"
"206","436","S","898"
"206","277","C","60"
"206","385","D","20"
"206","332","C","77"
"206","387","S","94"
"206","334","D","151"
"206","388","B","131"
"206","335","B","188"
"206","337","B","262"
"206","391","A","242"
"206","392","C","279"
"206","339","B","336"
"206","393","A","316"
"206","340","A","373"
"206","341","C","410"
"206","448","B","333"
"206","396","C","427"
"206","343","C","484"
"206","397","B","464"
"206","345","C","558"
"206","346","B","595"
"207","615","A","501"
"207","584","C","363"
"207","585","A","400"
"207","591","B","622"
"207","592","D","659"
"207","593","B","696"
"207","596","S","807"
"207","597","B","844"
"207","598","A","881"
"207","599","C","918"
"207","600","A","955"
"207","602","A","20"
"207","605","C","131"
"207","606","B","168"
"207","607","D","205"
"207","608","B","242"
"207","609","D","279"
"207","610","B","316"
"207","611","S","353"
"207","613","A","427"
"208","1","C","760"
"208","2","A","797"
"208","3","C","834"
"208","4","A","871"
"208","5","C","908"
"208","6","B","945"
"208","7","C","982"
"209","236","B","417"
"209","237","S","454"
"209","238","B","491"
"209","239","A","528"
"209","240","B","565"
"209","241","A","602"
"209","242","C","639"
"209","243","A","676"
"209","244","C","713"
"209","245","A","750"
"209","246","C","787"
"209","247","B","824"
"209","248","C","861"
"209","249","B","898"
"209","250","D","935"
"209","251","B","972"
"209","252","S","0"
"209","253","B","37"
"209","254","S","74"
"209","255","B","111"
"209","256","A","148"
"209","257","C","185"
"209","258","A","222"
"209","259","C","259"
"210","367","B","305"
"210","368","S","342"
"210","369","B","379"
"210","370","A","416"
"210","371","C","453"
"210","372","A","490"
"210","373","C","527"
"210","374","A","564"
"210","375","C","601"
"210","376","B","638"
"210","377","C","675"
"210","378","B","712"
"210","379","C","749"
"210","380","B","786"
"210","381","D","823"
"210","382","B","860"
"210","383","S","897"
"210","384","B","934"
"210","385","S","971"
"210","386","B","1008"
"210","387","A","36"
"210","388","C","73"
"210","389","A","110"
"210","390","C","147"
"211","621","B","665"
"211","233","C","435"
"211","854","D","205"
"211","466","A","984"
"211","78","C","754"
"211","699","C","524"
"211","311","A","294"
"211","932","A","64"
"211","544","B","843"
"211","156","D","613"
"211","777","A","383"
"211","389","B","153"
"211","1","C","932"
"211","622","D","702"
"211","234","B","472"
"211","855","B","242"
"211","467","C","12"
"211","79","A","791"
"211","700","B","561"
"211","312","C","331"
"211","933","C","101"
"211","545","A","880"
"211","157","B","650"
"211","778","C","420"
"212","831","S","406"
"212","653","C","883"
"212","475","B","351"
"212","297","S","828"
"212","119","C","296"
"212","950","A","773"
"212","772","C","241"
"212","594","B","718"
"212","416","S","186"
"212","238","C","663"
"212","60","B","131"
"212","891","C","608"
"212","713","B","76"
"212","535","A","553"
"212","357","C","21"
"212","179","B","498"
"212","1","A","975"
"212","832","B","443"
"212","654","A","920"
"212","476","C","388"
"212","298","B","865"
"212","120","A","333"
"212","951","B","810"
"212","773","A","278"
"213","615","A","572"
"213","584","C","434"
"213","585","A","471"
"213","591","B","693"
"213","592","D","730"
"213","593","B","767"
"213","596","S","878"
"213","597","B","915"
"213","598","A","952"
"213","599","C","989"
"213","600","A","17"
"213","602","A","91"
"213","605","C","202"
"213","606","B","239"
"213","607","C","276"
"213","608","B","313"
"213","609","D","350"
"213","610","B","387"
"213","611","S","424"
"213","613","S","498"
"214","1","C","831"
"214","2","A","868"
"214","3","C","905"
"214","4","A","942"
"214","5","C","979"
"214","6","B","7"
"214","7","C","44"
"215","236","B","488"
"215","237","S","525"
"215","238","B","562"
"215","239","S","599"
"215","240","B","636"
"215","241","A","673"
"215","242","C","710"
"215","243","A","747"
"215","244","C","784"
"215","245","A","821"
"215","246","C","858"
"215","247","B","895"
"215","248","C","932"
"215","249","B","969"
"215","250","D","1006"
"215","251","B","34"
"215","252","D","71"
"215","253","B","108"
"215","254","S","145"
"215","255","B","182"
"215","256","S","219"
"215","257","B","256"
"215","258","A","293"
"215","259","C","330"
"216","1","A","917"
"216","2","C","954"
"216","3","A","991"
"216","148","A","302"
"216","4","C","19"
"216","149","C","339"
"216","5","B","56"
"216","150","A","376"
"216","6","C","93"
"216","151","C","413"
"216","7","B","130"
"216","152","A","450"
"216","153","C","487"
"216","154","B","524"
"216","155","C","561"
"216","156","B","598"
"216","157","D","635"
"216","158","B","672"
"216","159","D","709"
"216","160","B","746"
"216","161","S","783"
"216","162","B","820"
"216","163","S","857"
"216","164","B","894"
"217","621","B","736"
"217","233","C","506"
"217","854","D","276"
"217","466","A","46"
"217","78","B","825"
"217","699","C","595"
"217","311","A","365"
"217","932","A","135"
"217","544","B","914"
"217","156","D","684"
"217","777","S","454"
"217","389","B","224"
"217","1","C","1003"
"217","622","D","773"
"217","234","B","543"
"217","855","B","313"
"217","467","C","83"
"217","79","A","862"
"217","700","A","632"
"217","312","B","402"
"217","933","C","172"
"217","545","A","951"
"217","157","B","721"
"217","778","B","491"
"218","831","S","477"
"218","653","C","954"
"218","475","B","422"
"218","297","D","899"
"218","119","B","367"
"218","950","S","844"
"218","772","C","312"
"218","594","B","789"
"218","416","S","257"
"218","238","C","734"
"218","60","B","202"
"218","891","C","679"
"218","713","B","147"
"218","535","A","624"
"218","357","C","92"
"218","179","B","569"
"218","1","A","37"
"218","832","B","514"
"218","654","A","991"
"218","476","C","459"
"218","298","B","936"
"218","120","A","404"
"218","951","B","881"
"218","773","A","349"
"219","615","A","643"
"219","584","C","505"
"219","585","A","542"
"219","591","B","764"
"219","592","D","801"
"219","593","B","838"
"219","596","S","949"
"219","597","B","986"
"219","598","S","14"
"219","599","B","51"
"219","600","A","88"
"219","602","A","162"
"219","605","C","273"
"219","606","B","310"
"219","607","C","347"
"219","608","B","384"
"219","609","D","421"
"219","610","B","458"
"219","611","D","495"
"219","613","S","569"
"220","236","B","559"
"220","237","D","596"
"220","238","B","633"
"220","239","S","670"
"220","240","B","707"
"220","241","A","744"
"220","242","B","781"
"220","243","A","818"
"220","244","C","855"
"220","245","A","892"
"220","246","C","929"
"220","247","A","966"
"220","248","C","1003"
"220","249","B","31"
"220","250","C","68"
"220","251","B","105"
"220","252","D","142"
"220","253","B","179"
"220","254","S","216"
"220","255","B","253"
"220","256","S","290"
"220","257","B","327"
"220","258","A","364"
"220","259","C","401"
"221","1","A","988"
"221","2","C","16"
"221","3","A","53"
"221","148","A","373"
"221","4","C","90"
"221","149","B","410"
"221","5","B","127"
"221","150","A","447"
"221","6","C","164"
"221","151","C","484"
"221","7","B","201"
"221","152","A","521"
"221","153","C","558"
"221","154","A","595"
"221","155","C","632"
"221","156","B","669"
"221","157","C","706"
"221","158","B","743"
"221","159","D","780"
"221","160","B","817"
"221","161","S","854"
"221","162","B","891"
"221","163","S","928"
"221","164","B","965"
"222","621","B","807"
"222","233","C","577"
"222","854","C","347"
"222","466","A","117"
"222","78","B","896"
"222","699","C","666"
"222","311","S","436"
"222","932","A","206"
"222","544","B","985"
"222","156","D","755"
"222","777","S","525"
"222","389","B","295"
"222","1","C","65"
"222","622","D","844"
"222","234","A","614"
"222","855","B","384"
"222","467","C","154"
"222","79","A","933"
"222","700","A","703"
"222","312","B","473"
"222","933","C","243"
"222","545","A","13"
"222","157","B","792"
"222","778","B","562"
"223","831","D","548"
"223","653","B","16"
"223","475","A","493"
"223","297","D","970"
"223","119","B","438"
"223","950","S","915"
"223","772","C","383"
"223","594","B","860"
"223","416","S","328"
"223","238","C","805"
"223","60","B","273"
"223","891","C","750"
"223","713","B","218"
"223","535","S","695"
"223","357","C","163"
"223","179","B","640"
"223","1","S","108"
"223","832","B","585"
"223","654","A","53"
"223","476","C","530"
"223","298","B","1007"
"223","120","A","475"
"223","951","B","952"
"223","773","A","420"
"224","615","S","714"
"224","584","B","576"
"224","585","A","613"
"224","591","B","835"
"224","592","C","872"
"224","593","B","909"
"224","596","S","11"
"224","597","B","48"
"224","598","S","85"
"224","599","B","122"
"224","600","A","159"
"224","602","A","233"
"224","605","C","344"
"224","606","B","381"
"224","607","C","418"
"224","608","B","455"
"224","609","C","492"
"224","610","B","529"
"224","611","D","566"
"224","613","S","640"
"225","236","B","630"
"225","237","D","667"
"225","238","B","704"
"225","239","S","741"
"225","240","B","778"
"225","241","S","815"
"225","242","B","852"
"225","243","A","889"
"225","244","C","926"
"225","245","A","963"
"225","246","C","1000"
"225","247","A","28"
"225","248","C","65"
"225","249","B","102"
"225","250","C","139"
"225","251","B","176"
"225","252","D","213"
"225","253","B","250"
"225","254","D","287"
"225","255","B","324"
"225","256","S","361"
"225","257","B","398"
"225","258","S","435"
"225","259","B","472"
"226","1","A","50"
"226","2","C","87"
"226","3","A","124"
"226","148","S","444"
"226","4","C","161"
"226","149","B","481"
"226","5","A","198"
"226","150","A","518"
"226","6","C","235"
"226","151","C","555"
"226","7","B","272"
"226","152","A","592"
"226","153","C","629"
"226","154","A","666"
"226","155","C","703"
"226","156","B","740"
"226","157","C","777"
"226","158","B","814"
"226","159","D","851"
"226","160","B","888"
"226","161","D","925"
"226","162","B","962"
"226","163","S","999"
"226","164","B","27"
"227","621","B","878"
"227","233","C","648"
"227","854","C","418"
"227","466","A","188"
"227","78","B","967"
"227","699","C","737"
"227","311","S","507"
"227","932","A","277"
"227","544","B","47"
"227","156","D","826"
"227","777","S","596"
"227","389","B","366"
"227","1","C","136"
"227","622","C","915"
"227","234","A","685"
"227","855","B","455"
"227","467","C","225"
"227","79","S","1004"
"227","700","A","774"
"227","312","B","544"
"227","933","C","314"
"227","545","S","84"
"227","157","B","863"
"227","778","B","633"
"228","831","D","619"
"228","653","B","87"
"228","475","A","564"
"228","297","D","32"
"228","119","B","509"
"228","950","S","986"
"228","772","C","454"
"228","594","B","931"
"228","416","D","399"
"228","238","C","876"
"228","60","B","344"
"228","891","C","821"
"228","713","B","289"
"228","535","S","766"
"228","357","C","234"
"228","179","B","711"
"228","1","S","179"
"228","832","B","656"
"228","654","A","124"
"228","476","C","601"
"228","298","B","69"
"228","120","A","546"
"228","951","B","14"
"228","773","A","491"
"229","372","D","832"
"229","327","A","176"
"229","435","B","136"
"229","436","C","173"
"229","277","B","344"
"229","385","C","304"
"229","332","C","361"
"229","387","D","378"
"229","334","C","435"
"229","388","B","415"
"229","335","B","472"
"229","337","B","546"
"229","391","S","526"
"229","392","B","563"
"229","339","B","620"
"229","393","S","600"
"229","340","S","657"
"229","341","B","694"
"229","448","A","617"
"229","396","C","711"
"229","343","B","768"
"229","397","A","748"
"229","345","C","842"
"229","346","A","879"
"230","236","B","701"
"230","237","D","738"
"230","238","B","775"
"230","239","D","812"
"230","240","B","849"
"230","241","S","886"
"230","242","B","923"
"230","243","A","960"
"230","244","B","997"
"230","245","A","25"
"230","246","C","62"
"230","247","A","99"
"230","248","C","136"
"230","249","A","173"
"230","250","C","210"
"230","251","B","247"
"230","252","C","284"
"230","253","B","321"
"230","254","D","358"
"230","255","B","395"
"230","256","S","432"
"230","257","B","469"
"230","258","S","506"
"230","259","B","543"
"231","1","A","121"
"231","2","C","158"
"231","3","A","195"
"231","148","S","515"
"231","4","C","232"
"231","149","B","552"
"231","5","A","269"
"231","150","A","589"
"231","6","C","306"
"231","151","B","626"
"231","7","B","343"
"231","152","A","663"
"231","153","C","700"
"231","154","A","737"
"231","155","C","774"
"231","156","A","811"
"231","157","C","848"
"231","158","B","885"
"231","159","C","922"
"231","160","B","959"
"231","161","D","996"
"231","162","B","24"
"231","163","S","61"
"231","164","B","98"
"232","367","B","589"
"232","368","D","626"
"232","369","B","663"
"232","370","S","700"
"232","371","B","737"
"232","372","S","774"
"232","373","B","811"
"232","374","A","848"
"232","375","C","885"
"232","376","A","922"
"232","377","C","959"
"232","378","A","996"
"232","379","C","24"
"232","380","B","61"
"232","381","C","98"
"232","382","B","135"
"232","383","C","172"
"232","384","B","209"
"232","385","D","246"
"232","386","B","283"
"232","387","S","320"
"232","388","B","357"
"232","389","S","394"
"232","390","B","431"
"233","831","D","690"
"233","653","B","158"
"233","475","A","635"
"233","297","C","103"
"233","119","B","580"
"233","950","D","48"
"233","772","B","525"
"233","594","B","1002"
"233","416","D","470"
"233","238","B","947"
"233","60","A","415"
"233","891","C","892"
"233","713","B","360"
"233","535","S","837"
"233","357","C","305"
"233","179","B","782"
"233","1","S","250"
"233","832","B","727"
"233","654","A","195"
"233","476","C","672"
"233","298","B","140"
"233","120","S","617"
"233","951","B","85"
"233","773","A","562"
"234","372","D","903"
"234","327","S","247"
"234","435","B","207"
"234","436","C","244"
"234","277","B","415"
"234","385","C","375"
"234","332","C","432"
"234","387","C","449"
"234","334","C","506"
"234","388","B","486"
"234","335","B","543"
"234","337","B","617"
"234","391","S","597"
"234","392","B","634"
"234","339","B","691"
"234","393","S","671"
"234","340","D","728"
"234","341","B","765"
"234","448","A","688"
"234","396","C","782"
"234","343","B","839"
"234","397","A","819"
"234","345","B","913"
"234","346","A","950"
"235","1","B","106"
"235","2","S","143"
"235","3","B","180"
"235","4","A","217"
"235","5","C","254"
"235","6","A","291"
"235","7","C","328"
"236","1","A","192"
"236","2","B","229"
"236","3","A","266"
"236","148","S","586"
"236","4","C","303"
"236","149","B","623"
"236","5","A","340"
"236","150","S","660"
"236","6","C","377"
"236","151","B","697"
"236","7","A","414"
"236","152","A","734"
"236","153","C","771"
"236","154","A","808"
"236","155","C","845"
"236","156","A","882"
"236","157","C","919"
"236","158","B","956"
"236","159","C","993"
"236","160","B","21"
"236","161","D","58"
"236","162","B","95"
"236","163","D","132"
"236","164","B","169"
"237","367","B","660"
"237","368","D","697"
"237","369","B","734"
"237","370","D","771"
"237","371","B","808"
"237","372","S","845"
"237","373","B","882"
"237","374","S","919"
"237","375","B","956"
"237","376","A","993"
"237","377","C","21"
"237","378","A","58"
"237","379","C","95"
"237","380","A","132"
"237","381","C","169"
"237","382","B","206"
"237","383","C","243"
"237","384","B","280"
"237","385","D","317"
"237","386","B","354"
"237","387","D","391"
"237","388","B","428"
"237","389","S","465"
"237","390","B","502"
"238","831","C","761"
"238","653","B","229"
"238","475","A","706"
"238","297","C","174"
"238","119","B","651"
"238","950","D","119"
"238","772","B","596"
"238","594","A","64"
"238","416","D","541"
"238","238","B","9"
"238","60","A","486"
"238","891","C","963"
"238","713","B","431"
"238","535","S","908"
"238","357","C","376"
"238","179","B","853"
"238","1","D","321"
"238","832","B","798"
"238","654","S","266"
"238","476","C","743"
"238","298","B","211"
"238","120","S","688"
"238","951","B","156"
"238","773","A","633"
"239","372","D","974"
"239","327","S","318"
"239","435","A","278"
"239","436","C","315"
"239","277","B","486"
"239","385","C","446"
"239","332","C","503"
"239","387","C","520"
"239","334","C","577"
"239","388","B","557"
"239","335","A","614"
"239","337","B","688"
"239","391","D","668"
"239","392","B","705"
"239","339","B","762"
"239","393","S","742"
"239","340","D","799"
"239","341","B","836"
"239","448","A","759"
"239","396","B","853"
"239","343","B","910"
"239","397","A","890"
"239","345","B","984"
"239","346","A","12"
"240","1","B","177"
"240","2","S","214"
"240","3","B","251"
"240","4","S","288"
"240","5","B","325"
"240","6","A","362"
"240","7","C","399"
"241","1","S","263"
"241","2","B","300"
"241","3","A","337"
"241","148","D","657"
"241","4","C","374"
"241","149","B","694"
"241","5","A","411"
"241","150","S","731"
"241","6","C","448"
"241","151","B","768"
"241","7","A","485"
"241","152","A","805"
"241","153","B","842"
"241","154","A","879"
"241","155","C","916"
"241","156","A","953"
"241","157","C","990"
"241","158","A","18"
"241","159","C","55"
"241","160","B","92"
"241","161","C","129"
"241","162","B","166"
"241","163","D","203"
"241","164","B","240"
"242","367","B","731"
"242","368","C","768"
"242","369","B","805"
"242","370","D","842"
"242","371","B","879"
"242","372","S","916"
"242","373","B","953"
"242","374","S","990"
"242","375","B","18"
"242","376","A","55"
"242","377","C","92"
"242","378","A","129"
"242","379","C","166"
"242","380","A","203"
"242","381","C","240"
"242","382","B","277"
"242","383","C","314"
"242","384","B","351"
"242","385","C","388"
"242","386","B","425"
"242","387","D","462"
"242","388","B","499"
"242","389","S","536"
"242","390","B","573"
"243","831","C","832"
"243","653","B","300"
"243","475","A","777"
"243","297","C","245"
"243","119","B","722"
"243","950","D","190"
"243","772","B","667"
"243","594","A","135"
"243","416","D","612"
"243","238","B","80"
"243","60","A","557"
"243","891","C","25"
"243","713","B","502"
"243","535","D","979"
"243","357","B","447"
"243","179","A","924"
"243","1","D","392"
"243","832","B","869"
"243","654","S","337"
"243","476","C","814"
"243","298","B","282"
"243","120","S","759"
"243","951","B","227"
"243","773","A","704"
"244","372","C","36"
"244","327","S","389"
"244","435","A","349"
"244","436","C","386"
"244","277","B","557"
"244","385","C","517"
"244","332","C","574"
"244","387","C","591"
"244","334","C","648"
"244","388","B","628"
"244","335","A","685"
"244","337","B","759"
"244","391","D","739"
"244","392","B","776"
"244","339","B","833"
"244","393","S","813"
"244","340","D","870"
"244","341","B","907"
"244","448","A","830"
"244","396","B","924"
"244","343","B","981"
"244","397","A","961"
"244","345","B","46"
"244","346","S","83"
"245","615","D","998"
"245","584","B","860"
"245","585","S","897"
"245","591","A","110"
"245","592","C","147"
"245","593","A","184"
"245","596","C","295"
"245","597","B","332"
"245","598","D","369"
"245","599","B","406"
"245","600","S","443"
"245","602","S","517"
"245","605","C","628"
"245","606","A","665"
"245","607","C","702"
"245","608","A","739"
"245","609","C","776"
"245","610","B","813"
"245","611","C","850"
"245","613","C","924"
"246","1","B","248"
"246","2","S","285"
"246","3","B","322"
"246","4","S","359"
"246","5","B","396"
"246","6","A","433"
"246","7","C","470"
"247","1","S","334"
"247","2","B","371"
"247","3","A","408"
"247","148","D","728"
"247","4","B","445"
"247","149","B","765"
"247","5","A","482"
"247","150","S","802"
"247","6","C","519"
"247","151","B","839"
"247","7","A","556"
"247","152","S","876"
"247","153","B","913"
"247","154","A","950"
"247","155","C","987"
"247","156","A","15"
"247","157","C","52"
"247","158","A","89"
"247","159","C","126"
"247","160","B","163"
"247","161","C","200"
"247","162","B","237"
"247","163","D","274"
"247","164","B","311"
"248","367","B","802"
"248","368","C","839"
"248","369","B","876"
"248","370","D","913"
"248","371","B","950"
"248","372","D","987"
"248","373","B","15"
"248","374","S","52"
"248","375","B","89"
"248","376","S","126"
"248","377","B","163"
"248","378","A","200"
"248","379","C","237"
"248","380","A","274"
"248","381","C","311"
"248","382","A","348"
"248","383","C","385"
"248","384","B","422"
"248","385","C","459"
"248","386","B","496"
"248","387","D","533"
"248","388","B","570"
"248","389","D","607"
"248","390","B","644"
"249","621","A","153"
"249","233","B","932"
"249","854","C","702"
"249","466","S","472"
"249","78","B","242"
"249","699","B","12"
"249","311","D","791"
"249","932","S","561"
"249","544","B","331"
"249","156","C","101"
"249","777","D","880"
"249","389","A","650"
"249","1","B","420"
"249","622","C","190"
"249","234","A","969"
"249","855","A","739"
"249","467","B","509"
"249","79","D","279"
"249","700","A","49"
"249","312","B","828"
"249","933","B","598"
"249","545","D","368"
"249","157","B","138"
"249","778","B","917"
"250","372","C","107"
"250","327","D","460"
"250","435","A","420"
"250","436","C","457"
"250","277","B","628"
"250","385","C","588"
"250","332","B","645"
"250","387","C","662"
"250","334","C","719"
"250","388","B","699"
"250","335","A","756"
"250","337","A","830"
"250","391","D","810"
"250","392","B","847"
"250","339","B","904"
"250","393","D","884"
"250","340","C","941"
"250","341","B","978"
"250","448","A","901"
"250","396","B","995"
"250","343","B","43"
"250","397","S","23"
"250","345","B","117"
"250","346","S","154"
"251","615","D","60"
"251","584","B","931"
"251","585","S","968"
"251","591","A","181"
"251","592","C","218"
"251","593","A","255"
"251","596","C","366"
"251","597","B","403"
"251","598","D","440"
"251","599","B","477"
"251","600","D","514"
"251","602","S","588"
"251","605","B","699"
"251","606","A","736"
"251","607","C","773"
"251","608","A","810"
"251","609","C","847"
"251","610","A","884"
"251","611","C","921"
"251","613","C","995"
"252","1","B","319"
"252","2","D","356"
"252","3","B","393"
"252","4","S","430"
"252","5","B","467"
"252","6","S","504"
"252","7","B","541"
"253","236","A","985"
"253","237","C","13"
"253","238","B","50"
"253","239","C","87"
"253","240","B","124"
"253","241","D","161"
"253","242","B","198"
"253","243","D","235"
"253","244","B","272"
"253","245","S","309"
"253","246","B","346"
"253","247","A","383"
"253","248","B","420"
"253","249","A","457"
"253","250","C","494"
"253","251","A","531"
"253","252","C","568"
"253","253","A","605"
"253","254","C","642"
"253","255","B","679"
"253","256","C","716"
"253","257","B","753"
"253","258","D","790"
"253","259","B","827"
"254","367","A","873"
"254","368","C","910"
"254","369","B","947"
"254","370","C","984"
"254","371","B","12"
"254","372","D","49"
"254","373","B","86"
"254","374","S","123"
"254","375","B","160"
"254","376","S","197"
"254","377","B","234"
"254","378","A","271"
"254","379","C","308"
"254","380","A","345"
"254","381","C","382"
"254","382","A","419"
"254","383","C","456"
"254","384","B","493"
"254","385","C","530"
"254","386","B","567"
"254","387","C","604"
"254","388","B","641"
"254","389","D","678"
"254","390","B","715"
"255","621","A","224"
"255","233","B","1003"
"255","854","C","773"
"255","466","S","543"
"255","78","B","313"
"255","699","B","83"
"255","311","D","862"
"255","932","S","632"
"255","544","B","402"
"255","156","C","172"
"255","777","C","951"
"255","389","A","721"
"255","1","B","491"
"255","622","C","261"
"255","234","S","31"
"255","855","A","810"
"255","467","B","580"
"255","79","D","350"
"255","700","S","120"
"255","312","B","899"
"255","933","B","669"
"255","545","D","439"
"255","157","A","209"
"255","778","B","988"
"256","372","C","178"
"256","327","D","531"
"256","435","A","491"
"256","436","C","528"
"256","277","B","699"
"256","385","C","659"
"256","332","B","716"
"256","387","C","733"
"256","334","C","790"
"256","388","A","770"
"256","335","A","827"
"256","337","A","901"
"256","391","C","881"
"256","392","B","918"
"256","339","B","975"
"256","393","D","955"
"256","340","C","3"
"256","341","B","40"
"256","448","S","972"
"256","396","B","57"
"256","343","B","114"
"256","397","S","94"
"256","345","B","188"
"256","346","S","225"
"257","615","C","131"
"257","584","B","1002"
"257","585","D","30"
"257","591","A","252"
"257","592","C","289"
"257","593","A","326"
"257","596","C","437"
"257","597","B","474"
"257","598","C","511"
"257","599","B","548"
"257","600","D","585"
"257","602","S","659"
"257","605","B","770"
"257","606","A","807"
"257","607","C","844"
"257","608","A","881"
"257","609","C","918"
"257","610","A","955"
"257","611","C","992"
"257","613","C","57"
"258","1","B","390"
"258","2","D","427"
"258","3","B","464"
"258","4","S","501"
"258","5","B","538"
"258","6","S","575"
"258","7","B","612"
"259","236","A","47"
"259","237","C","84"
"259","238","B","121"
"259","239","C","158"
"259","240","B","195"
"259","241","D","232"
"259","242","B","269"
"259","243","D","306"
"259","244","B","343"
"259","245","S","380"
"259","246","B","417"
"259","247","S","454"
"259","248","B","491"
"259","249","A","528"
"259","250","C","565"
"259","251","A","602"
"259","252","C","639"
"259","253","A","676"
"259","254","C","713"
"259","255","B","750"
"259","256","C","787"
"259","257","B","824"
"259","258","D","861"
"259","259","B","898"
"260","367","A","944"
"260","368","C","981"
"260","369","B","9"
"260","370","C","46"
"260","371","B","83"
"260","372","D","120"
"260","373","B","157"
"260","374","D","194"
"260","375","B","231"
"260","376","S","268"
"260","377","B","305"
"260","378","S","342"
"260","379","B","379"
"260","380","A","416"
"260","381","C","453"
"260","382","A","490"
"260","383","C","527"
"260","384","A","564"
"260","385","C","601"
"260","386","B","638"
"260","387","C","675"
"260","388","B","712"
"260","389","D","749"
"260","390","B","786"
"261","621","A","295"
"261","233","B","65"
"261","854","C","844"
"261","466","S","614"
"261","78","B","384"
"261","699","B","154"
"261","311","C","933"
"261","932","S","703"
"261","544","B","473"
"261","156","C","243"
"261","777","C","13"
"261","389","A","792"
"261","1","B","562"
"261","622","C","332"
"261","234","S","102"
"261","855","A","881"
"261","467","B","651"
"261","79","D","421"
"261","700","S","191"
"261","312","B","970"
"261","933","B","740"
"261","545","C","510"
"261","157","A","280"
"261","778","B","50"
"262","372","C","249"
"262","327","D","602"
"262","435","A","562"
"262","436","C","599"
"262","277","B","770"
"262","385","C","730"
"262","332","B","787"
"262","387","C","804"
"262","334","B","861"
"262","388","A","841"
"262","335","A","898"
"262","337","A","972"
"262","391","C","952"
"262","392","B","989"
"262","339","A","37"
"262","393","D","17"
"262","340","C","74"
"262","341","B","111"
"262","448","S","34"
"262","396","B","128"
"262","343","B","185"
"262","397","S","165"
"262","345","B","259"
"262","346","S","296"
"263","615","C","202"
"263","584","B","64"
"263","585","D","101"
"263","591","A","323"
"263","592","C","360"
"263","593","A","397"
"263","596","C","508"
"263","597","B","545"
"263","598","C","582"
"263","599","B","619"
"263","600","D","656"
"263","602","D","730"
"263","605","B","841"
"263","606","S","878"
"263","607","B","915"
"263","608","A","952"
"263","609","C","989"
"263","610","A","17"
"263","611","C","54"
"263","613","C","128"
"264","1","B","461"
"264","2","D","498"
"264","3","B","535"
"264","4","D","572"
"264","5","B","609"
"264","6","S","646"
"264","7","B","683"
"265","236","A","118"
"265","237","C","155"
"265","238","A","192"
"265","239","C","229"
"265","240","B","266"
"265","241","C","303"
"265","242","B","340"
"265","243","D","377"
"265","244","B","414"
"265","245","D","451"
"265","246","B","488"
"265","247","S","525"
"265","248","B","562"
"265","249","A","599"
"265","250","B","636"
"265","251","A","673"
"265","252","C","710"
"265","253","A","747"
"265","254","C","784"
"265","255","A","821"
"265","256","C","858"
"265","257","B","895"
"265","258","C","932"
"265","259","B","969"
"266","367","A","6"
"266","368","C","43"
"266","369","A","80"
"266","370","C","117"
"266","371","B","154"
"266","372","C","191"
"266","373","B","228"
"266","374","D","265"
"266","375","B","302"
"266","376","S","339"
"266","377","B","376"
"266","378","S","413"
"266","379","B","450"
"266","380","A","487"
"266","381","C","524"
"266","382","A","561"
"266","383","C","598"
"266","384","A","635"
"266","385","C","672"
"266","386","B","709"
"266","387","C","746"
"266","388","B","783"
"266","389","C","820"
"266","390","B","857"
"267","621","A","366"
"267","233","B","136"
"267","854","B","915"
"267","466","D","685"
"267","78","B","455"
"267","699","B","225"
"267","311","C","1004"
"267","932","D","774"
"267","544","B","544"
"267","156","C","314"
"267","777","C","84"
"267","389","A","863"
"267","1","B","633"
"267","622","C","403"
"267","234","S","173"
"267","855","A","952"
"267","467","B","722"
"267","79","C","492"
"267","700","S","262"
"267","312","B","32"
"267","933","B","811"
"267","545","C","581"
"267","157","A","351"
"267","778","B","121"
"268","831","C","107"
"268","653","B","584"
"268","475","S","52"
"268","297","C","529"
"268","119","B","1006"
"268","950","C","474"
"268","772","B","951"
"268","594","A","419"
"268","416","C","896"
"268","238","B","364"
"268","60","A","841"
"268","891","B","309"
"268","713","A","786"
"268","535","C","254"
"268","357","B","731"
"268","179","A","199"
"268","1","C","676"
"268","832","A","144"
"268","654","D","621"
"268","476","B","89"
"268","298","A","566"
"268","120","D","34"
"268","951","B","511"
"268","773","D","988"
"269","615","C","273"
"269","584","B","135"
"269","585","D","172"
"269","591","A","394"
"269","592","B","431"
"269","593","A","468"
"269","596","C","579"
"269","597","A","616"
"269","598","C","653"
"269","599","B","690"
"269","600","C","727"
"269","602","D","801"
"269","605","B","912"
"269","606","S","949"
"269","607","B","986"
"269","608","A","14"
"269","609","C","51"
"269","610","A","88"
"269","611","C","125"
"269","613","C","199"
"270","1","B","532"
"270","2","C","569"
"270","3","B","606"
"270","4","D","643"
"270","5","B","680"
"270","6","S","717"
"270","7","B","754"
"271","236","A","189"
"271","237","C","226"
"271","238","A","263"
"271","239","C","300"
"271","240","B","337"
"271","241","C","374"
"271","242","B","411"
"271","243","D","448"
"271","244","B","485"
"271","245","D","522"
"271","246","B","559"
"271","247","S","596"
"271","248","B","633"
"271","249","S","670"
"271","250","B","707"
"271","251","A","744"
"271","252","C","781"
"271","253","A","818"
"271","254","C","855"
"271","255","A","892"
"271","256","C","929"
"271","257","B","966"
"271","258","C","1003"
"271","259","B","31"
"272","1","D","618"
"272","2","B","655"
"272","3","D","692"
"272","148","C","3"
"272","4","B","729"
"272","149","B","40"
"272","5","S","766"
"272","150","D","77"
"272","6","B","803"
"272","151","B","114"
"272","7","A","840"
"272","152","D","151"
"272","153","B","188"
"272","154","S","225"
"272","155","B","262"
"272","156","S","299"
"272","157","B","336"
"272","158","A","373"
"272","159","C","410"
"272","160","A","447"
"272","161","C","484"
"272","162","A","521"
"272","163","C","558"
"272","164","B","595"
"273","621","A","437"
"273","233","B","207"
"273","854","B","986"
"273","466","D","756"
"273","78","B","526"
"273","699","B","296"
"273","311","C","66"
"273","932","D","845"
"273","544","B","615"
"273","156","C","385"
"273","777","C","155"
"273","389","A","934"
"273","1","B","704"
"273","622","B","474"
"273","234","S","244"
"273","855","A","14"
"273","467","B","793"
"273","79","C","563"
"273","700","D","333"
"273","312","B","103"
"273","933","B","882"
"273","545","C","652"
"273","157","A","422"
"273","778","B","192"
"274","831","C","178"
"274","653","B","655"
"274","475","S","123"
"274","297","C","600"
"274","119","B","68"
"274","950","C","545"
"274","772","B","13"
"274","594","S","490"
"274","416","C","967"
"274","238","B","435"
"274","60","S","912"
"274","891","B","380"
"274","713","A","857"
"274","535","C","325"
"274","357","B","802"
"274","179","A","270"
"274","1","C","747"
"274","832","A","215"
"274","654","C","692"
"274","476","B","160"
"274","298","A","637"
"274","120","C","105"
"274","951","B","582"
"274","773","D","50"
"275","615","C","344"
"275","584","B","206"
"275","585","D","243"
"275","591","S","465"
"275","592","B","502"
"275","593","A","539"
"275","596","C","650"
"275","597","A","687"
"275","598","C","724"
"275","599","B","761"
"275","600","C","798"
"275","602","D","872"
"275","605","B","983"
"275","606","S","11"
"275","607","B","48"
"275","608","S","85"
"275","609","B","122"
"275","610","A","159"
"275","611","C","196"
"275","613","C","270"
"276","236","A","260"
"276","237","C","297"
"276","238","A","334"
"276","239","C","371"
"276","240","A","408"
"276","241","C","445"
"276","242","B","482"
"276","243","C","519"
"276","244","B","556"
"276","245","D","593"
"276","246","B","630"
"276","247","D","667"
"276","248","B","704"
"276","249","S","741"
"276","250","B","778"
"276","251","A","815"
"276","252","B","852"
"276","253","A","889"
"276","254","C","926"
"276","255","A","963"
"276","256","C","1000"
"276","257","A","28"
"276","258","C","65"
"276","259","B","102"
"277","1","D","689"
"277","2","B","726"
"277","3","D","763"
"277","148","C","74"
"277","4","B","800"
"277","149","B","111"
"277","5","S","837"
"277","150","C","148"
"277","6","B","874"
"277","151","B","185"
"277","7","S","911"
"277","152","D","222"
"277","153","B","259"
"277","154","D","296"
"277","155","B","333"
"277","156","S","370"
"277","157","B","407"
"277","158","A","444"
"277","159","B","481"
"277","160","A","518"
"277","161","C","555"
"277","162","A","592"
"277","163","C","629"
"277","164","A","666"
"278","621","S","508"
"278","233","B","278"
"278","854","B","48"
"278","466","D","827"
"278","78","A","597"
"278","699","B","367"
"278","311","C","137"
"278","932","D","916"
"278","544","A","686"
"278","156","B","456"
"278","777","C","226"
"278","389","A","1005"
"278","1","B","775"
"278","622","B","545"
"278","234","D","315"
"278","855","A","85"
"278","467","B","864"
"278","79","C","634"
"278","700","D","404"
"278","312","B","174"
"278","933","B","953"
"278","545","C","723"
"278","157","A","493"
"278","778","A","263"
"279","831","C","249"
"279","653","B","726"
"279","475","D","194"
"279","297","C","671"
"279","119","B","139"
"279","950","C","616"
"279","772","B","84"
"279","594","S","561"
"279","416","C","29"
"279","238","B","506"
"279","60","S","983"
"279","891","B","451"
"279","713","A","928"
"279","535","C","396"
"279","357","B","873"
"279","179","A","341"
"279","1","C","818"
"279","832","A","286"
"279","654","C","763"
"279","476","B","231"
"279","298","A","708"
"279","120","C","176"
"279","951","A","653"
"279","773","D","121"
"280","615","C","415"
"280","584","B","277"
"280","585","C","314"
"280","591","S","536"
"280","592","B","573"
"280","593","A","610"
"280","596","C","721"
"280","597","A","758"
"280","598","C","795"
"280","599","A","832"
"280","600","C","869"
"280","602","C","943"
"280","605","B","45"
"280","606","S","82"
"280","607","B","119"
"280","608","S","156"
"280","609","B","193"
"280","610","A","230"
"280","611","C","267"
"280","613","C","341"
"281","236","A","331"
"281","237","C","368"
"281","238","A","405"
"281","239","C","442"
"281","240","A","479"
"281","241","C","516"
"281","242","B","553"
"281","243","C","590"
"281","244","B","627"
"281","245","D","664"
"281","246","B","701"
"281","247","D","738"
"281","248","B","775"
"281","249","S","812"
"281","250","B","849"
"281","251","S","886"
"281","252","B","923"
"281","253","A","960"
"281","254","C","997"
"281","255","A","25"
"281","256","C","62"
"281","257","A","99"
"281","258","C","136"
"281","259","B","173"
"282","1","C","760"
"282","2","B","797"
"282","3","D","834"
"282","148","C","145"
"282","4","B","871"
"282","149","B","182"
"282","5","D","908"
"282","150","C","219"
"282","6","B","945"
"282","151","B","256"
"282","7","S","982"
"282","152","D","293"
"282","153","B","330"
"282","154","D","367"
"282","155","B","404"
"282","156","S","441"
"282","157","B","478"
"282","158","S","515"
"282","159","B","552"
"282","160","A","589"
"282","161","C","626"
"282","162","A","663"
"282","163","C","700"
"282","164","A","737"
"283","621","S","579"
"283","233","B","349"
"283","854","B","119"
"283","466","D","898"
"283","78","A","668"
"283","699","B","438"
"283","311","C","208"
"283","932","C","987"
"283","544","A","757"
"283","156","B","527"
"283","777","C","297"
"283","389","S","67"
"283","1","B","846"
"283","622","B","616"
"283","234","D","386"
"283","855","S","156"
"283","467","B","935"
"283","79","C","705"
"283","700","D","475"
"283","312","A","245"
"283","933","B","15"
"283","545","C","794"
"283","157","A","564"
"283","778","A","334"
"284","831","B","320"
"284","653","B","797"
"284","475","D","265"
"284","297","B","742"
"284","119","A","210"
"284","950","C","687"
"284","772","B","155"
"284","594","S","632"
"284","416","C","100"
"284","238","B","577"
"284","60","S","45"
"284","891","B","522"
"284","713","A","999"
"284","535","C","467"
"284","357","B","944"
"284","179","S","412"
"284","1","C","889"
"284","832","A","357"
"284","654","C","834"
"284","476","B","302"
"284","298","A","779"
"284","120","C","247"
"284","951","A","724"
"284","773","D","192"
"285","372","C","533"
"285","327","C","886"
"285","435","S","846"
"285","436","B","883"
"285","277","B","45"
"285","385","B","5"
"285","332","B","62"
"285","387","B","79"
"285","334","B","136"
"285","388","A","116"
"285","335","S","173"
"285","337","A","247"
"285","391","C","227"
"285","392","A","264"
"285","339","A","321"
"285","393","C","301"
"285","340","C","358"
"285","341","A","395"
"285","448","D","318"
"285","396","B","412"
"285","343","A","469"
"285","397","D","449"
"285","345","B","543"
"285","346","C","580"
"286","236","A","402"
"286","237","B","439"
"286","238","A","476"
"286","239","C","513"
"286","240","A","550"
"286","241","C","587"
"286","242","A","624"
"286","243","C","661"
"286","244","B","698"
"286","245","C","735"
"286","246","B","772"
"286","247","D","809"
"286","248","B","846"
"286","249","D","883"
"286","250","B","920"
"286","251","S","957"
"286","252","B","994"
"286","253","A","22"
"286","254","B","59"
"286","255","A","96"
"286","256","C","133"
"286","257","A","170"
"286","258","C","207"
"286","259","A","244"
"287","1","C","831"
"287","2","B","868"
"287","3","D","905"
"287","148","C","216"
"287","4","B","942"
"287","149","A","253"
"287","5","D","979"
"287","150","C","290"
"287","6","B","7"
"287","151","B","327"
"287","7","S","44"
"287","152","C","364"
"287","153","B","401"
"287","154","D","438"
"287","155","B","475"
"287","156","D","512"
"287","157","B","549"
"287","158","S","586"
"287","159","B","623"
"287","160","A","660"
"287","161","B","697"
"287","162","A","734"
"287","163","C","771"
"287","164","A","808"
"288","367","A","290"
"288","368","B","327"
"288","369","A","364"
"288","370","C","401"
"288","371","A","438"
"288","372","C","475"
"288","373","A","512"
"288","374","C","549"
"288","375","B","586"
"288","376","C","623"
"288","377","B","660"
"288","378","D","697"
"288","379","B","734"
"288","380","S","771"
"288","381","B","808"
"288","382","S","845"
"288","383","B","882"
"288","384","A","919"
"288","385","C","956"
"288","386","A","993"
"288","387","C","21"
"288","388","A","58"
"288","389","C","95"
"288","390","B","132"
"289","831","B","391"
"289","653","A","868"
"289","475","D","336"
"289","297","B","813"
"289","119","A","281"
"289","950","C","758"
"289","772","B","226"
"289","594","S","703"
"289","416","C","171"
"289","238","B","648"
"289","60","D","116"
"289","891","B","593"
"289","713","S","61"
"289","535","C","538"
"289","357","B","6"
"289","179","S","483"
"289","1","C","960"
"289","832","A","428"
"289","654","C","905"
"289","476","B","373"
"289","298","A","850"
"289","120","C","318"
"289","951","A","795"
"289","773","C","263"
"290","372","B","604"
"290","327","C","957"
"290","435","S","917"
"290","436","B","954"
"290","277","A","116"
"290","385","B","76"
"290","332","B","133"
"290","387","B","150"
"290","334","B","207"
"290","388","A","187"
"290","335","S","244"
"290","337","S","318"
"290","391","C","298"
"290","392","A","335"
"290","339","A","392"
"290","393","C","372"
"290","340","C","429"
"290","341","A","466"
"290","448","D","389"
"290","396","B","483"
"290","343","A","540"
"290","397","C","520"
"290","345","B","614"
"290","346","C","651"
"291","1","A","816"
"291","2","C","853"
"291","3","A","890"
"291","4","C","927"
"291","5","B","964"
"291","6","C","1001"
"291","7","B","29"
"292","1","C","902"
"292","2","B","939"
"292","3","C","976"
"292","148","C","287"
"292","4","B","4"
"292","149","A","324"
"292","5","D","41"
"292","150","C","361"
"292","6","B","78"
"292","151","B","398"
"292","7","D","115"
"292","152","C","435"
"292","153","B","472"
"292","154","D","509"
"292","155","B","546"
"292","156","D","583"
"292","157","B","620"
"292","158","S","657"
"292","159","B","694"
"292","160","S","731"
"292","161","B","768"
"292","162","A","805"
"292","163","C","842"
"292","164","A","879"
"293","367","S","361"
"293","368","B","398"
"293","369","A","435"
"293","370","C","472"
"293","371","A","509"
"293","372","C","546"
"293","373","A","583"
"293","374","C","620"
"293","375","B","657"
"293","376","C","694"
"293","377","B","731"
"293","378","D","768"
"293","379","B","805"
"293","380","D","842"
"293","381","B","879"
"293","382","S","916"
"293","383","B","953"
"293","384","S","990"
"293","385","B","18"
"293","386","A","55"
"293","387","C","92"
"293","388","A","129"
"293","389","C","166"
"293","390","A","203"
"294","831","B","462"
"294","653","A","939"
"294","475","D","407"
"294","297","B","884"
"294","119","A","352"
"294","950","C","829"
"294","772","B","297"
"294","594","D","774"
"294","416","B","242"
"294","238","A","719"
"294","60","D","187"
"294","891","B","664"
"294","713","S","132"
"294","535","C","609"
"294","357","B","77"
"294","179","S","554"
"294","1","C","22"
"294","832","A","499"
"294","654","C","976"
"294","476","B","444"
"294","298","S","921"
"294","120","C","389"
"294","951","A","866"
"294","773","C","334"
"295","372","B","675"
"295","327","C","19"
"295","435","D","988"
"295","436","B","16"
"295","277","A","187"
"295","385","B","147"
"295","332","B","204"
"295","387","B","221"
"295","334","B","278"
"295","388","S","258"
"295","335","D","315"
"295","337","S","389"
"295","391","C","369"
"295","392","A","406"
"295","339","A","463"
"295","393","C","443"
"295","340","B","500"
"295","341","A","537"
"295","448","C","460"
"295","396","B","554"
"295","343","A","611"
"295","397","C","591"
"295","345","A","685"
"295","346","C","722"
"296","1","A","887"
"296","2","C","924"
"296","3","A","961"
"296","4","C","998"
"296","5","B","26"
"296","6","C","63"
"296","7","B","100"
"297","1","C","973"
"297","2","B","1"
"297","3","C","38"
"297","148","C","358"
"297","4","B","75"
"297","149","A","395"
"297","5","D","112"
"297","150","C","432"
"297","6","B","149"
"297","151","A","469"
"297","7","D","186"
"297","152","C","506"
"297","153","B","543"
"297","154","C","580"
"297","155","B","617"
"297","156","D","654"
"297","157","B","691"
"297","158","D","728"
"297","159","B","765"
"297","160","S","802"
"297","161","B","839"
"297","162","A","876"
"297","163","B","913"
"297","164","A","950"
"298","367","S","432"
"298","368","B","469"
"298","369","A","506"
"298","370","B","543"
"298","371","A","580"
"298","372","C","617"
"298","373","A","654"
"298","374","C","691"
"298","375","A","728"
"298","376","C","765"
"298","377","B","802"
"298","378","C","839"
"298","379","B","876"
"298","380","D","913"
"298","381","B","950"
"298","382","S","987"
"298","383","B","15"
"298","384","S","52"
"298","385","B","89"
"298","386","A","126"
"298","387","C","163"
"298","388","A","200"
"298","389","C","237"
"298","390","A","274"
"299","831","B","533"
"299","653","A","1"
"299","475","C","478"
"299","297","B","955"
"299","119","A","423"
"299","950","B","900"
"299","772","A","368"
"299","594","D","845"
"299","416","B","313"
"299","238","A","790"
"299","60","D","258"
"299","891","B","735"
"299","713","S","203"
"299","535","C","680"
"299","357","B","148"
"299","179","D","625"
"299","1","C","93"
"299","832","S","570"
"299","654","C","38"
"299","476","B","515"
"299","298","S","992"
"299","120","C","460"
"299","951","A","937"
"299","773","C","405"
"300","372","B","746"
"300","327","C","90"
"300","435","D","50"
"300","436","B","87"
"300","277","A","258"
"300","385","B","218"
"300","332","B","275"
"300","387","B","292"
"300","334","B","349"
"300","388","S","329"
"300","335","D","386"
"300","337","S","460"
"300","391","B","440"
"300","392","A","477"
"300","339","S","534"
"300","393","C","514"
"300","340","B","571"
"300","341","A","608"
"300","448","C","531"
"300","396","A","625"
"300","343","A","682"
"300","397","C","662"
"300","345","A","756"
"300","346","C","793"
"301","615","C","699"
"301","584","A","561"
"301","585","C","598"
"301","591","D","820"
"301","592","B","857"
"301","593","D","894"
"301","596","B","1005"
"301","597","A","33"
"301","598","B","70"
"301","599","A","107"
"301","600","C","144"
"301","602","C","218"
"301","605","B","329"
"301","606","C","366"
"301","607","B","403"
"301","608","D","440"
"301","609","B","477"
"301","610","S","514"
"301","611","B","551"
"301","613","B","625"
"302","1","A","958"
"302","2","C","995"
"302","3","A","23"
"302","4","C","60"
"302","5","A","97"
"302","6","C","134"
"302","7","B","171"
"303","1","C","35"
"303","2","A","72"
"303","3","C","109"
"303","148","C","429"
"303","4","B","146"
"303","149","A","466"
"303","5","C","183"
"303","150","C","503"
"303","6","B","220"
"303","151","A","540"
"303","7","D","257"
"303","152","C","577"
"303","153","B","614"
"303","154","C","651"
"303","155","B","688"
"303","156","D","725"
"303","157","B","762"
"303","158","D","799"
"303","159","B","836"
"303","160","S","873"
"303","161","B","910"
"303","162","S","947"
"303","163","B","984"
"303","164","A","12"
"304","367","S","503"
"304","368","B","540"
"304","369","S","577"
"304","370","B","614"
"304","371","A","651"
"304","372","C","688"
"304","373","A","725"
"304","374","C","762"
"304","375","A","799"
"304","376","C","836"
"304","377","B","873"
"304","378","C","910"
"304","379","B","947"
"304","380","D","984"
"304","381","B","12"
"304","382","D","49"
"304","383","B","86"
"304","384","S","123"
"304","385","B","160"
"304","386","S","197"
"304","387","B","234"
"304","388","A","271"
"304","389","C","308"
"304","390","A","345"
"305","621","D","863"
"305","233","A","633"
"305","854","B","403"
"305","466","C","173"
"305","78","A","952"
"305","699","A","722"
"305","311","B","492"
"305","932","C","262"
"305","544","A","32"
"305","156","B","811"
"305","777","B","581"
"305","389","D","351"
"305","1","B","121"
"305","622","B","900"
"305","234","C","670"
"305","855","D","440"
"305","467","B","210"
"305","79","C","989"
"305","700","C","759"
"305","312","A","529"
"305","933","A","299"
"305","545","C","69"
"305","157","S","848"
"305","778","A","618"
"306","372","B","817"
"306","327","C","161"
"306","435","D","121"
"306","436","B","158"
"306","277","A","329"
"306","385","B","289"
"306","332","B","346"
"306","387","B","363"
"306","334","B","420"
"306","388","S","400"
"306","335","D","457"
"306","337","D","531"
"306","391","B","511"
"306","392","A","548"
"306","339","S","605"
"306","393","C","585"
"306","340","B","642"
"306","341","A","679"
"306","448","C","602"
"306","396","A","696"
"306","343","A","753"
"306","397","C","733"
"306","345","A","827"
"306","346","C","864"
"307","615","B","770"
"307","584","A","632"
"307","585","C","669"
"307","591","D","891"
"307","592","B","928"
"307","593","D","965"
"307","596","B","67"
"307","597","S","104"
"307","598","B","141"
"307","599","A","178"
"307","600","C","215"
"307","602","C","289"
"307","605","B","400"
"307","606","C","437"
"307","607","B","474"
"307","608","D","511"
"307","609","B","548"
"307","610","D","585"
"307","611","B","622"
"307","613","B","696"
"308","1","A","20"
"308","2","C","57"
"308","3","A","94"
"308","4","C","131"
"308","5","A","168"
"308","6","C","205"
"308","7","B","242"
"309","236","D","686"
"309","237","B","723"
"309","238","S","760"
"309","239","B","797"
"309","240","A","834"
"309","241","B","871"
"309","242","A","908"
"309","243","C","945"
"309","244","A","982"
"309","245","C","10"
"309","246","A","47"
"309","247","C","84"
"309","248","B","121"
"309","249","C","158"
"309","250","B","195"
"309","251","D","232"
"309","252","B","269"
"309","253","D","306"
"309","254","B","343"
"309","255","S","380"
"309","256","B","417"
"309","257","A","454"
"309","258","B","491"
"309","259","A","528"
"310","367","D","574"
"310","368","B","611"
"310","369","S","648"
"310","370","B","685"
"310","371","A","722"
"310","372","B","759"
"310","373","A","796"
"310","374","C","833"
"310","375","A","870"
"310","376","C","907"
"310","377","A","944"
"310","378","C","981"
"310","379","B","9"
"310","380","C","46"
"310","381","B","83"
"310","382","D","120"
"310","383","B","157"
"310","384","S","194"
"310","385","B","231"
"310","386","S","268"
"310","387","B","305"
"310","388","A","342"
"310","389","C","379"
"310","390","A","416"
"311","621","D","934"
"311","233","A","704"
"311","854","B","474"
"311","466","C","244"
"311","78","A","14"
"311","699","A","793"
"311","311","B","563"
"311","932","C","333"
"311","544","S","103"
"311","156","B","882"
"311","777","B","652"
"311","389","D","422"
"311","1","B","192"
"311","622","B","971"
"311","234","C","741"
"311","855","D","511"
"311","467","A","281"
"311","79","B","51"
"311","700","C","830"
"311","312","A","600"
"311","933","A","370"
"311","545","B","140"
"311","157","D","919"
"311","778","A","689"
"312","372","B","888"
"312","327","C","232"
"312","435","D","192"
"312","436","B","229"
"312","277","A","400"
"312","385","B","360"
"312","332","B","417"
"312","387","B","434"
"312","334","B","491"
"312","388","D","471"
"312","335","D","528"
"312","337","D","602"
"312","391","B","582"
"312","392","A","619"
"312","339","S","676"
"312","393","B","656"
"312","340","B","713"
"312","341","S","750"
"312","448","C","673"
"312","396","A","767"
"312","343","A","824"
"312","397","C","804"
"312","345","A","898"
"312","346","C","935"
"313","615","B","841"
"313","584","A","703"
"313","585","C","740"
"313","591","C","962"
"313","592","B","999"
"313","593","D","27"
"313","596","B","138"
"313","597","S","175"
"313","598","B","212"
"313","599","A","249"
"313","600","B","286"
"313","602","C","360"
"313","605","A","471"
"313","606","C","508"
"313","607","B","545"
"313","608","C","582"
"313","609","B","619"
"313","610","D","656"
"313","611","B","693"
"313","613","B","767"
"314","1","A","91"
"314","2","B","128"
"314","3","A","165"
"314","4","C","202"
"314","5","A","239"
"314","6","C","276"
"314","7","A","313"
"315","236","D","757"
"315","237","B","794"
"315","238","S","831"
"315","239","B","868"
"315","240","S","905"
"315","241","B","942"
"315","242","A","979"
"315","243","C","7"
"315","244","A","44"
"315","245","C","81"
"315","246","A","118"
"315","247","C","155"
"315","248","B","192"
"315","249","C","229"
"315","250","B","266"
"315","251","D","303"
"315","252","B","340"
"315","253","D","377"
"315","254","B","414"
"315","255","S","451"
"315","256","B","488"
"315","257","S","525"
"315","258","B","562"
"315","259","A","599"
"316","367","D","645"
"316","368","B","682"
"316","369","S","719"
"316","370","B","756"
"316","371","S","793"
"316","372","B","830"
"316","373","A","867"
"316","374","C","904"
"316","375","A","941"
"316","376","C","978"
"316","377","A","6"
"316","378","C","43"
"316","379","B","80"
"316","380","C","117"
"316","381","B","154"
"316","382","D","191"
"316","383","B","228"
"316","384","D","265"
"316","385","B","302"
"316","386","S","339"
"316","387","B","376"
"316","388","S","413"
"316","389","B","450"
"316","390","A","487"
"317","621","C","1005"
"317","233","A","775"
"317","854","B","545"
"317","466","C","315"
"317","78","S","85"
"317","699","A","864"
"317","311","B","634"
"317","932","C","404"
"317","544","S","174"
"317","156","B","953"
"317","777","B","723"
"317","389","D","493"
"317","1","A","263"
"317","622","B","33"
"317","234","C","812"
"317","855","C","582"
"317","467","A","352"
"317","79","B","122"
"317","700","C","901"
"317","312","A","671"
"317","933","A","441"
"317","545","B","211"
"317","157","D","990"
"317","778","S","760"
"318","372","B","959"
"318","327","B","303"
"318","435","C","263"
"318","436","B","300"
"318","277","A","471"
"318","385","B","431"
"318","332","A","488"
"318","387","B","505"
"318","334","B","562"
"318","388","D","542"
"318","335","C","599"
"318","337","D","673"
"318","391","B","653"
"318","392","S","690"
"318","339","D","747"
"318","393","B","727"
"318","340","B","784"
"318","341","S","821"
"318","448","C","744"
"318","396","A","838"
"318","343","A","895"
"318","397","C","875"
"318","345","A","969"
"318","346","C","1006"
"319","615","B","912"
"319","584","A","774"
"319","585","C","811"
"319","591","C","24"
"319","592","B","61"
"319","593","D","98"
"319","596","B","209"
"319","597","S","246"
"319","598","B","283"
"319","599","S","320"
"319","600","B","357"
"319","602","C","431"
"319","605","A","542"
"319","606","C","579"
"319","607","B","616"
"319","608","C","653"
"319","609","B","690"
"319","610","D","727"
"319","611","B","764"
"319","613","B","838"
"320","1","S","162"
"320","2","B","199"
"320","3","A","236"
"320","4","C","273"
"320","5","A","310"
"320","6","C","347"
"320","7","A","384"
"321","236","D","828"
"321","237","B","865"
"321","238","D","902"
"321","239","B","939"
"321","240","S","976"
"321","241","B","4"
"321","242","A","41"
"321","243","B","78"
"321","244","A","115"
"321","245","C","152"
"321","246","A","189"
"321","247","C","226"
"321","248","A","263"
"321","249","C","300"
"321","250","B","337"
"321","251","C","374"
"321","252","B","411"
"321","253","D","448"
"321","254","B","485"
"321","255","D","522"
"321","256","B","559"
"321","257","S","596"
"321","258","B","633"
"321","259","A","670"
"322","367","D","716"
"322","368","B","753"
"322","369","D","790"
"322","370","B","827"
"322","371","S","864"
"322","372","B","901"
"322","373","A","938"
"322","374","B","975"
"322","375","A","3"
"322","376","C","40"
"322","377","A","77"
"322","378","C","114"
"322","379","A","151"
"322","380","C","188"
"322","381","B","225"
"322","382","C","262"
"322","383","B","299"
"322","384","D","336"
"322","385","B","373"
"322","386","S","410"
"322","387","B","447"
"322","388","S","484"
"322","389","B","521"
"322","390","A","558"
"323","621","C","67"
"323","233","A","846"
"323","854","B","616"
"323","466","C","386"
"323","78","S","156"
"323","699","A","935"
"323","311","B","705"
"323","932","C","475"
"323","544","S","245"
"323","156","B","15"
"323","777","B","794"
"323","389","C","564"
"323","1","A","334"
"323","622","B","104"
"323","234","C","883"
"323","855","C","653"
"323","467","A","423"
"323","79","B","193"
"323","700","C","972"
"323","312","S","742"
"323","933","A","512"
"323","545","B","282"
"323","157","D","52"
"323","778","S","831"
"324","831","B","817"
"324","653","S","285"
"324","475","C","762"
"324","297","B","230"
"324","119","S","707"
"324","950","B","175"
"324","772","A","652"
"324","594","C","120"
"324","416","B","597"
"324","238","A","65"
"324","60","C","542"
"324","891","A","10"
"324","713","C","487"
"324","535","B","964"
"324","357","A","432"
"324","179","C","909"
"324","1","B","377"
"324","832","D","854"
"324","654","B","322"
"324","476","A","799"
"324","298","D","267"
"324","120","B","744"
"324","951","S","212"
"324","773","C","689"
"325","615","B","983"
"325","584","A","845"
"325","585","B","882"
"325","591","C","95"
"325","592","B","132"
"325","593","C","169"
"325","596","B","280"
"325","597","D","317"
"325","598","B","354"
"325","599","S","391"
"325","600","B","428"
"325","602","B","502"
"325","605","A","613"
"325","606","C","650"
"325","607","A","687"
"325","608","C","724"
"325","609","B","761"
"325","610","C","798"
"325","611","B","835"
"325","613","B","909"
"326","1","S","233"
"326","2","B","270"
"326","3","A","307"
"326","4","B","344"
"326","5","A","381"
"326","6","C","418"
"326","7","A","455"
"327","236","C","899"
"327","237","B","936"
"327","238","D","973"
"327","239","B","1"
"327","240","S","38"
"327","241","B","75"
"327","242","S","112"
"327","243","B","149"
"327","244","A","186"
"327","245","C","223"
"327","246","A","260"
"327","247","C","297"
"327","248","A","334"
"327","249","C","371"
"327","250","B","408"
"327","251","C","445"
"327","252","B","482"
"327","253","D","519"
"327","254","B","556"
"327","255","D","593"
"327","256","B","630"
"327","257","S","667"
"327","258","B","704"
"327","259","S","741"
"328","1","B","319"
"328","2","A","356"
"328","3","C","393"
"328","148","B","713"
"328","4","A","430"
"328","149","S","750"
"328","5","C","467"
"328","150","B","787"
"328","6","A","504"
"328","151","A","824"
"328","7","C","541"
"328","152","C","861"
"328","153","A","898"
"328","154","C","935"
"328","155","A","972"
"328","156","C","0"
"328","157","B","37"
"328","158","C","74"
"328","159","B","111"
"328","160","D","148"
"328","161","B","185"
"328","162","D","222"
"328","163","B","259"
"328","164","S","296"
"329","621","C","138"
"329","233","A","917"
"329","854","B","687"
"329","466","C","457"
"329","78","S","227"
"329","699","A","1006"
"329","311","B","776"
"329","932","B","546"
"329","544","S","316"
"329","156","B","86"
"329","777","B","865"
"329","389","C","635"
"329","1","A","405"
"329","622","B","175"
"329","234","C","954"
"329","855","C","724"
"329","467","A","494"
"329","79","B","264"
"329","700","C","34"
"329","312","S","813"
"329","933","A","583"
"329","545","B","353"
"329","157","C","123"
"329","778","S","902"
"330","831","B","888"
"330","653","S","356"
"330","475","C","833"
"330","297","B","301"
"330","119","S","778"
"330","950","B","246"
"330","772","A","723"
"330","594","C","191"
"330","416","B","668"
"330","238","A","136"
"330","60","C","613"
"330","891","A","81"
"330","713","C","558"
"330","535","B","26"
"330","357","A","503"
"330","179","C","980"
"330","1","B","448"
"330","832","D","925"
"330","654","B","393"
"330","476","A","870"
"330","298","D","338"
"330","120","B","815"
"330","951","S","283"
"330","773","C","760"
"331","615","B","45"
"331","584","S","916"
"331","585","B","953"
"331","591","C","166"
"331","592","B","203"
"331","593","C","240"
"331","596","B","351"
"331","597","D","388"
"331","598","B","425"
"331","599","S","462"
"331","600","B","499"
"331","602","B","573"
"331","605","A","684"
"331","606","C","721"
"331","607","A","758"
"331","608","C","795"
"331","609","B","832"
"331","610","C","869"
"331","611","B","906"
"331","613","B","980"
"332","236","C","970"
"332","237","B","1007"
"332","238","D","35"
"332","239","B","72"
"332","240","D","109"
"332","241","B","146"
"332","242","S","183"
"332","243","B","220"
"332","244","A","257"
"332","245","B","294"
"332","246","A","331"
"332","247","C","368"
"332","248","A","405"
"332","249","C","442"
"332","250","A","479"
"332","251","C","516"
"332","252","B","553"
"332","253","C","590"
"332","254","B","627"
"332","255","D","664"
"332","256","B","701"
"332","257","D","738"
"332","258","B","775"
"332","259","S","812"
"333","1","B","390"
"333","2","A","427"
"333","3","C","464"
"333","148","B","784"
"333","4","A","501"
"333","149","S","821"
"333","5","C","538"
"333","150","B","858"
"333","6","A","575"
"333","151","A","895"
"333","7","C","612"
"333","152","B","932"
"333","153","A","969"
"333","154","C","1006"
"333","155","A","34"
"333","156","C","71"
"333","157","A","108"
"333","158","C","145"
"333","159","B","182"
"333","160","C","219"
"333","161","B","256"
"333","162","D","293"
"333","163","B","330"
"333","164","D","367"
"334","621","C","209"
"334","233","A","988"
"334","854","A","758"
"334","466","B","528"
"334","78","D","298"
"334","699","A","68"
"334","311","B","847"
"334","932","B","617"
"334","544","D","387"
"334","156","B","157"
"334","777","B","936"
"334","389","C","706"
"334","1","A","476"
"334","622","B","246"
"334","234","C","16"
"334","855","C","795"
"334","467","A","565"
"334","79","B","335"
"334","700","C","105"
"334","312","S","884"
"334","933","A","654"
"334","545","B","424"
"334","157","C","194"
"334","778","D","973"
"335","831","B","959"
"335","653","S","427"
"335","475","C","904"
"335","297","B","372"
"335","119","S","849"
"335","950","B","317"
"335","772","A","794"
"335","594","C","262"
"335","416","B","739"
"335","238","S","207"
"335","60","C","684"
"335","891","A","152"
"335","713","C","629"
"335","535","B","97"
"335","357","A","574"
"335","179","C","42"
"335","1","B","519"
"335","832","D","996"
"335","654","B","464"
"335","476","A","941"
"335","298","C","409"
"335","120","B","886"
"335","951","D","354"
"335","773","B","831"
"336","615","B","116"
"336","584","S","987"
"336","585","B","15"
"336","591","C","237"
"336","592","A","274"
"336","593","C","311"
"336","596","B","422"
"336","597","D","459"
"336","598","B","496"
"336","599","D","533"
"336","600","B","570"
"336","602","B","644"
"336","605","A","755"
"336","606","C","792"
"336","607","A","829"
"336","608","C","866"
"336","609","A","903"
"336","610","C","940"
"336","611","B","977"
"336","613","B","42"
"337","236","C","32"
"337","237","B","69"
"337","238","C","106"
"337","239","B","143"
"337","240","D","180"
"337","241","B","217"
"337","242","S","254"
"337","243","B","291"
"337","244","S","328"
"337","245","B","365"
"337","246","A","402"
"337","247","C","439"
"337","248","A","476"
"337","249","C","513"
"337","250","A","550"
"337","251","C","587"
"337","252","B","624"
"337","253","C","661"
"337","254","B","698"
"337","255","D","735"
"337","256","B","772"
"337","257","D","809"
"337","258","B","846"
"337","259","S","883"
"338","1","B","461"
"338","2","A","498"
"338","3","B","535"
"338","148","B","855"
"338","4","A","572"
"338","149","S","892"
"338","5","C","609"
"338","150","B","929"
"338","6","A","646"
"338","151","S","966"
"338","7","C","683"
"338","152","B","1003"
"338","153","A","31"
"338","154","C","68"
"338","155","A","105"
"338","156","C","142"
"338","157","A","179"
"338","158","C","216"
"338","159","B","253"
"338","160","C","290"
"338","161","B","327"
"338","162","D","364"
"338","163","B","401"
"338","164","D","438"
"339","621","C","280"
"339","233","A","50"
"339","854","A","829"
"339","466","B","599"
"339","78","D","369"
"339","699","S","139"
"339","311","B","918"
"339","932","B","688"
"339","544","D","458"
"339","156","B","228"
"339","777","B","1007"
"339","389","C","777"
"339","1","A","547"
"339","622","A","317"
"339","234","B","87"
"339","855","C","866"
"339","467","A","636"
"339","79","B","406"
"339","700","B","176"
"339","312","D","955"
"339","933","A","725"
"339","545","B","495"
"339","157","C","265"
"339","778","D","35"
"340","831","B","21"
"340","653","S","498"
"340","475","C","975"
"340","297","B","443"
"340","119","D","920"
"340","950","B","388"
"340","772","S","865"
"340","594","C","333"
"340","416","B","810"
"340","238","S","278"
"340","60","C","755"
"340","891","A","223"
"340","713","C","700"
"340","535","B","168"
"340","357","A","645"
"340","179","C","113"
"340","1","B","590"
"340","832","C","58"
"340","654","B","535"
"340","476","A","3"
"340","298","C","480"
"340","120","B","957"
"340","951","D","425"
"340","773","B","902"
"341","372","B","234"
"341","327","B","587"
"341","435","C","547"
"341","436","A","584"
"341","277","S","755"
"341","385","A","715"
"341","332","A","772"
"341","387","B","789"
"341","334","A","846"
"341","388","C","826"
"341","335","C","883"
"341","337","C","957"
"341","391","B","937"
"341","392","D","974"
"341","339","C","22"
"341","393","B","2"
"341","340","B","59"
"341","341","D","96"
"341","448","B","19"
"341","396","S","113"
"341","343","D","170"
"341","397","B","150"
"341","345","S","244"
"341","346","B","281"
"342","236","C","103"
"342","237","B","140"
"342","238","C","177"
"342","239","B","214"
"342","240","D","251"
"342","241","B","288"
"342","242","D","325"
"342","243","B","362"
"342","244","S","399"
"342","245","B","436"
"342","246","A","473"
"342","247","B","510"
"342","248","A","547"
"342","249","C","584"
"342","250","A","621"
"342","251","C","658"
"342","252","A","695"
"342","253","C","732"
"342","254","B","769"
"342","255","C","806"
"342","256","B","843"
"342","257","D","880"
"342","258","B","917"
"342","259","D","954"
"343","1","B","532"
"343","2","S","569"
"343","3","B","606"
"343","148","B","926"
"343","4","A","643"
"343","149","D","963"
"343","5","C","680"
"343","150","B","1000"
"343","6","A","717"
"343","151","S","28"
"343","7","C","754"
"343","152","B","65"
"343","153","A","102"
"343","154","B","139"
"343","155","A","176"
"343","156","C","213"
"343","157","A","250"
"343","158","C","287"
"343","159","A","324"
"343","160","C","361"
"343","161","B","398"
"343","162","C","435"
"343","163","B","472"
"343","164","D","509"
"344","367","C","1000"
"344","368","B","28"
"344","369","C","65"
"344","370","B","102"
"344","371","D","139"
"344","372","B","176"
"344","373","D","213"
"344","374","B","250"
"344","375","S","287"
"344","376","B","324"
"344","377","A","361"
"344","378","B","398"
"344","379","A","435"
"344","380","C","472"
"344","381","A","509"
"344","382","C","546"
"344","383","A","583"
"344","384","C","620"
"344","385","B","657"
"344","386","C","694"
"344","387","B","731"
"344","388","D","768"
"344","389","B","805"
"344","390","S","842"
"345","831","B","92"
"345","653","D","569"
"345","475","B","37"
"345","297","A","514"
"345","119","D","991"
"345","950","B","459"
"345","772","S","936"
"345","594","C","404"
"345","416","B","881"
"345","238","S","349"
"345","60","C","826"
"345","891","A","294"
"345","713","C","771"
"345","535","B","239"
"345","357","S","716"
"345","179","C","184"
"345","1","B","661"
"345","832","C","129"
"345","654","B","606"
"345","476","A","74"
"345","298","C","551"
"345","120","B","19"
"345","951","D","496"
"345","773","B","973"
"346","372","B","305"
"346","327","B","658"
"346","435","C","618"
"346","436","A","655"
"346","277","D","826"
"346","385","A","786"
"346","332","A","843"
"346","387","A","860"
"346","334","A","917"
"346","388","C","897"
"346","335","C","954"
"346","337","C","19"
"346","391","B","1008"
"346","392","D","36"
"346","339","C","93"
"346","393","B","73"
"346","340","B","130"
"346","341","D","167"
"346","448","B","90"
"346","396","S","184"
"346","343","D","241"
"346","397","B","221"
"346","345","S","315"
"346","346","B","352"
"347","1","D","517"
"347","2","B","554"
"347","3","D","591"
"347","4","B","628"
"347","5","S","665"
"347","6","B","702"
"347","7","A","739"
"348","1","B","603"
"348","2","S","640"
"348","3","B","677"
"348","148","B","997"
"348","4","A","714"
"348","149","D","25"
"348","5","B","751"
"348","150","B","62"
"348","6","A","788"
"348","151","S","99"
"348","7","C","825"
"348","152","B","136"
"348","153","S","173"
"348","154","B","210"
"348","155","A","247"
"348","156","C","284"
"348","157","A","321"
"348","158","C","358"
"348","159","A","395"
"348","160","C","432"
"348","161","B","469"
"348","162","C","506"
"348","163","B","543"
"348","164","D","580"
"349","367","C","62"
"349","368","B","99"
"349","369","C","136"
"349","370","B","173"
"349","371","D","210"
"349","372","B","247"
"349","373","D","284"
"349","374","B","321"
"349","375","S","358"
"349","376","B","395"
"349","377","S","432"
"349","378","B","469"
"349","379","A","506"
"349","380","C","543"
"349","381","A","580"
"349","382","C","617"
"349","383","A","654"
"349","384","C","691"
"349","385","B","728"
"349","386","C","765"
"349","387","B","802"
"349","388","D","839"
"349","389","B","876"
"349","390","D","913"
"350","831","A","163"
"350","653","D","640"
"350","475","B","108"
"350","297","A","585"
"350","119","D","53"
"350","950","B","530"
"350","772","S","1007"
"350","594","C","475"
"350","416","B","952"
"350","238","D","420"
"350","60","C","897"
"350","891","S","365"
"350","713","C","842"
"350","535","B","310"
"350","357","S","787"
"350","179","C","255"
"350","1","B","732"
"350","832","C","200"
"350","654","B","677"
"350","476","A","145"
"350","298","C","622"
"350","120","B","90"
"350","951","C","567"
"350","773","B","35"
"351","372","B","376"
"351","327","B","729"
"351","435","C","689"
"351","436","A","726"
"351","277","D","897"
"351","385","A","857"
"351","332","A","914"
"351","387","A","931"
"351","334","A","988"
"351","388","C","968"
"351","335","C","16"
"351","337","C","90"
"351","391","B","70"
"351","392","D","107"
"351","339","C","164"
"351","393","B","144"
"351","340","B","201"
"351","341","C","238"
"351","448","B","161"
"351","396","S","255"
"351","343","D","312"
"351","397","B","292"
"351","345","D","386"
"351","346","B","423"
"352","1","D","588"
"352","2","B","625"
"352","3","D","662"
"352","4","B","699"
"352","5","S","736"
"352","6","B","773"
"352","7","S","810"
"353","1","B","674"
"353","2","S","711"
"353","3","B","748"
"353","148","B","59"
"353","4","S","785"
"353","149","D","96"
"353","5","B","822"
"353","150","B","133"
"353","6","A","859"
"353","151","D","170"
"353","7","C","896"
"353","152","B","207"
"353","153","S","244"
"353","154","B","281"
"353","155","A","318"
"353","156","B","355"
"353","157","A","392"
"353","158","C","429"
"353","159","A","466"
"353","160","C","503"
"353","161","A","540"
"353","162","C","577"
"353","163","B","614"
"353","164","C","651"
"354","367","C","133"
"354","368","A","170"
"354","369","C","207"
"354","370","B","244"
"354","371","C","281"
"354","372","B","318"
"354","373","D","355"
"354","374","B","392"
"354","375","D","429"
"354","376","B","466"
"354","377","S","503"
"354","378","B","540"
"354","379","A","577"
"354","380","B","614"
"354","381","A","651"
"354","382","C","688"
"354","383","A","725"
"354","384","C","762"
"354","385","A","799"
"354","386","C","836"
"354","387","B","873"
"354","388","C","910"
"354","389","B","947"
"354","390","D","984"
"355","831","A","234"
"355","653","D","711"
"355","475","B","179"
"355","297","A","656"
"355","119","C","124"
"355","950","B","601"
"355","772","D","69"
"355","594","B","546"
"355","416","B","14"
"355","238","D","491"
"355","60","B","968"
"355","891","S","436"
"355","713","C","913"
"355","535","B","381"
"355","357","S","858"
"355","179","C","326"
"355","1","B","803"
"355","832","C","271"
"355","654","B","748"
"355","476","A","216"
"355","298","C","693"
"355","120","B","161"
"355","951","C","638"
"355","773","B","106"
"356","372","A","447"
"356","327","B","800"
"356","435","C","760"
"356","436","A","797"
"356","277","D","968"
"356","385","A","928"
"356","332","S","985"
"356","387","A","1002"
"356","334","A","50"
"356","388","C","30"
"356","335","C","87"
"356","337","C","161"
"356","391","B","141"
"356","392","C","178"
"356","339","C","235"
"356","393","B","215"
"356","340","B","272"
"356","341","C","309"
"356","448","B","232"
"356","396","D","326"
"356","343","D","383"
"356","397","B","363"
"356","345","D","457"
"356","346","B","494"
"357","615","B","400"
"357","584","D","262"
"357","585","B","299"
"357","591","B","521"
"357","592","A","558"
"357","593","C","595"
"357","596","A","706"
"357","597","C","743"
"357","598","B","780"
"357","599","C","817"
"357","600","B","854"
"357","602","B","928"
"357","605","S","30"
"357","606","B","67"
"357","607","A","104"
"357","608","B","141"
"357","609","A","178"
"357","610","C","215"
"357","611","A","252"
"357","613","A","326"
"358","1","C","659"
"358","2","B","696"
"358","3","D","733"
"358","4","B","770"
"358","5","D","807"
"358","6","B","844"
"358","7","S","881"
"359","1","B","745"
"359","2","D","782"
"359","3","B","819"
"359","148","B","130"
"359","4","S","856"
"359","149","C","167"
"359","5","B","893"
"359","150","B","204"
"359","6","A","930"
"359","151","D","241"
"359","7","B","967"
"359","152","B","278"
"359","153","S","315"
"359","154","B","352"
"359","155","S","389"
"359","156","B","426"
"359","157","A","463"
"359","158","C","500"
"359","159","A","537"
"359","160","C","574"
"359","161","A","611"
"359","162","C","648"
"359","163","B","685"
"359","164","C","722"
"360","367","C","204"
"360","368","A","241"
"360","369","C","278"
"360","370","B","315"
"360","371","C","352"
"360","372","B","389"
"360","373","D","426"
"360","374","B","463"
"360","375","D","500"
"360","376","B","537"
"360","377","S","574"
"360","378","B","611"
"360","379","S","648"
"360","380","B","685"
"360","381","A","722"
"360","382","C","759"
"360","383","A","796"
"360","384","C","833"
"360","385","A","870"
"360","386","C","907"
"360","387","B","944"
"360","388","C","981"
"360","389","B","9"
"360","390","D","46"
"361","621","B","564"
"361","233","D","334"
"361","854","A","104"
"361","466","B","883"
"361","78","C","653"
"361","699","D","423"
"361","311","B","193"
"361","932","B","972"
"361","544","C","742"
"361","156","A","512"
"361","777","B","282"
"361","389","C","52"
"361","1","S","831"
"361","622","A","601"
"361","234","B","371"
"361","855","C","141"
"361","467","S","920"
"361","79","B","690"
"361","700","B","460"
"361","312","C","230"
"361","933","D","0"
"361","545","B","779"
"361","157","C","549"
"361","778","C","319"
"362","372","A","518"
"362","327","B","871"
"362","435","B","831"
"362","436","A","868"
"362","277","C","30"
"362","385","A","999"
"362","332","S","47"
"362","387","A","64"
"362","334","A","121"
"362","388","C","101"
"362","335","B","158"
"362","337","C","232"
"362","391","B","212"
"362","392","C","249"
"362","339","C","306"
"362","393","B","286"
"362","340","A","343"
"362","341","C","380"
"362","448","B","303"
"362","396","D","397"
"362","343","C","454"
"362","397","B","434"
"362","345","D","528"
"362","346","B","565"
"363","615","B","471"
"363","584","C","333"
"363","585","B","370"
"363","591","B","592"
"363","592","A","629"
"363","593","C","666"
"363","596","A","777"
"363","597","C","814"
"363","598","B","851"
"363","599","C","888"
"363","600","B","925"
"363","602","B","999"
"363","605","S","101"
"363","606","B","138"
"363","607","S","175"
"363","608","B","212"
"363","609","A","249"
"363","610","C","286"
"363","611","A","323"
"363","613","A","397"
"364","1","C","730"
"364","2","B","767"
"364","3","D","804"
"364","4","B","841"
"364","5","D","878"
"364","6","B","915"
"364","7","S","952"
"365","236","C","387"
"365","237","A","424"
"365","238","C","461"
"365","239","A","498"
"365","240","C","535"
"365","241","B","572"
"365","242","C","609"
"365","243","B","646"
"365","244","D","683"
"365","245","B","720"
"365","246","D","757"
"365","247","B","794"
"365","248","S","831"
"365","249","B","868"
"365","250","A","905"
"365","251","B","942"
"365","252","A","979"
"365","253","C","7"
"365","254","A","44"
"365","255","C","81"
"365","256","A","118"
"365","257","C","155"
"365","258","B","192"
"365","259","C","229"
"366","367","C","275"
"366","368","A","312"
"366","369","C","349"
"366","370","A","386"
"366","371","C","423"
"366","372","B","460"
"366","373","C","497"
"366","374","B","534"
"366","375","D","571"
"366","376","B","608"
"366","377","D","645"
"366","378","B","682"
"366","379","S","719"
"366","380","B","756"
"366","381","A","793"
"366","382","B","830"
"366","383","A","867"
"366","384","C","904"
"366","385","A","941"
"366","386","C","978"
"366","387","A","6"
"366","388","C","43"
"366","389","B","80"
"366","390","C","117"
"367","621","B","635"
"367","233","D","405"
"367","854","S","175"
"367","466","B","954"
"367","78","C","724"
"367","699","D","494"
"367","311","B","264"
"367","932","B","34"
"367","544","C","813"
"367","156","A","583"
"367","777","A","353"
"367","389","B","123"
"367","1","S","902"
"367","622","A","672"
"367","234","B","442"
"367","855","B","212"
"367","467","D","991"
"367","79","B","761"
"367","700","B","531"
"367","312","C","301"
"367","933","D","71"
"367","545","B","850"
"367","157","C","620"
"367","778","C","390"
"368","372","A","589"
"368","327","B","942"
"368","435","B","902"
"368","436","A","939"
"368","277","C","101"
"368","385","A","61"
"368","332","S","118"
"368","387","A","135"
"368","334","S","192"
"368","388","C","172"
"368","335","B","229"
"368","337","C","303"
"368","391","A","283"
"368","392","C","320"
"368","339","C","377"
"368","393","B","357"
"368","340","A","414"
"368","341","C","451"
"368","448","B","374"
"368","396","D","468"
"368","343","C","525"
"368","397","B","505"
"368","345","D","599"
"368","346","B","636"
"369","615","A","542"
"369","584","C","404"
"369","585","B","441"
"369","591","B","663"
"369","592","A","700"
"369","593","B","737"
"369","596","A","848"
"369","597","C","885"
"369","598","A","922"
"369","599","C","959"
"369","600","B","996"
"369","602","B","61"
"369","605","D","172"
"369","606","B","209"
"369","607","S","246"
"369","608","B","283"
"369","609","A","320"
"369","610","B","357"
"369","611","A","394"
"369","613","A","468"
"370","1","C","801"
"370","2","B","838"
"370","3","C","875"
"370","4","B","912"
"370","5","D","949"
"370","6","B","986"
"370","7","D","14"
"371","236","C","458"
"371","237","A","495"
"371","238","C","532"
"371","239","A","569"
"371","240","C","606"
"371","241","B","643"
"371","242","C","680"
"371","243","B","717"
"371","244","C","754"
"371","245","B","791"
"371","246","D","828"
"371","247","B","865"
"371","248","S","902"
"371","249","B","939"
"371","250","S","976"
"371","251","B","4"
"371","252","A","41"
"371","253","C","78"
"371","254","A","115"
"371","255","C","152"
"371","256","A","189"
"371","257","C","226"
"371","258","B","263"
"371","259","C","300"
"372","367","C","346"
"372","368","A","383"
"372","369","C","420"
"372","370","A","457"
"372","371","C","494"
"372","372","B","531"
"372","373","C","568"
"372","374","B","605"
"372","375","D","642"
"372","376","B","679"
"372","377","D","716"
"372","378","B","753"
"372","379","S","790"
"372","380","B","827"
"372","381","S","864"
"372","382","B","901"
"372","383","A","938"
"372","384","C","975"
"372","385","A","3"
"372","386","C","40"
"372","387","A","77"
"372","388","C","114"
"372","389","B","151"
"372","390","C","188"
"373","621","B","706"
"373","233","D","476"
"373","854","S","246"
"373","466","B","16"
"373","78","C","795"
"373","699","D","565"
"373","311","A","335"
"373","932","B","105"
"373","544","C","884"
"373","156","A","654"
"373","777","A","424"
"373","389","B","194"
"373","1","D","973"
"373","622","A","743"
"373","234","B","513"
"373","855","B","283"
"373","467","D","53"
"373","79","B","832"
"373","700","B","602"
"373","312","C","372"
"373","933","D","142"
"373","545","A","921"
"373","157","C","691"
"373","778","C","461"
"374","372","A","660"
"374","327","B","4"
"374","435","B","973"
"374","436","A","1"
"374","277","C","172"
"374","385","S","132"
"374","332","D","189"
"374","387","A","206"
"374","334","S","263"
"374","388","C","243"
"374","335","B","300"
"374","337","B","374"
"374","391","A","354"
"374","392","C","391"
"374","339","C","448"
"374","393","B","428"
"374","340","A","485"
"374","341","C","522"
"374","448","B","445"
"374","396","D","539"
"374","343","C","596"
"374","397","B","576"
"374","345","C","670"
"374","346","B","707"
"375","615","A","613"
"375","584","C","475"
"375","585","B","512"
"375","591","B","734"
"375","592","S","771"
"375","593","B","808"
"375","596","A","919"
"375","597","C","956"
"375","598","A","993"
"375","599","C","21"
"375","600","B","58"
"375","602","B","132"
"375","605","D","243"
"375","606","B","280"
"375","607","S","317"
"375","608","B","354"
"375","609","S","391"
"375","610","B","428"
"375","611","A","465"
"375","613","A","539"
"376","1","C","872"
"376","2","B","909"
"376","3","C","946"
"376","4","B","983"
"376","5","D","11"
"376","6","B","48"
"376","7","D","85"
"377","236","B","529"
"377","237","A","566"
"377","238","C","603"
"377","239","A","640"
"377","240","C","677"
"377","241","A","714"
"377","242","C","751"
"377","243","B","788"
"377","244","C","825"
"377","245","B","862"
"377","246","D","899"
"377","247","B","936"
"377","248","D","973"
"377","249","B","1"
"377","250","S","38"
"377","251","B","75"
"377","252","A","112"
"377","253","B","149"
"377","254","A","186"
"377","255","C","223"
"377","256","A","260"
"377","257","C","297"
"377","258","A","334"
"377","259","C","371"
"378","367","B","417"
"378","368","A","454"
"378","369","C","491"
"378","370","A","528"
"378","371","C","565"
"378","372","A","602"
"378","373","C","639"
"378","374","B","676"
"378","375","C","713"
"378","376","B","750"
"378","377","D","787"
"378","378","B","824"
"378","379","D","861"
"378","380","B","898"
"378","381","S","935"
"378","382","B","972"
"378","383","A","0"
"378","384","B","37"
"378","385","A","74"
"378","386","C","111"
"378","387","A","148"
"378","388","C","185"
"378","389","A","222"
"378","390","C","259"
"379","621","B","777"
"379","233","D","547"
"379","854","S","317"
"379","466","B","87"
"379","78","C","866"
"379","699","C","636"
"379","311","A","406"
"379","932","B","176"
"379","544","C","955"
"379","156","S","725"
"379","777","A","495"
"379","389","B","265"
"379","1","D","35"
"379","622","S","814"
"379","234","B","584"
"379","855","B","354"
"379","467","D","124"
"379","79","A","903"
"379","700","B","673"
"379","312","C","443"
"379","933","D","213"
"379","545","A","992"
"379","157","B","762"
"379","778","C","532"
"380","831","A","518"
"380","653","C","995"
"380","475","B","463"
"380","297","A","940"
"380","119","C","408"
"380","950","A","885"
"380","772","C","353"
"380","594","B","830"
"380","416","A","298"
"380","238","C","775"
"380","60","B","243"
"380","891","D","720"
"380","713","B","188"
"380","535","A","665"
"380","357","D","133"
"380","179","B","610"
"380","1","A","78"
"380","832","C","555"
"380","654","B","23"
"380","476","D","500"
"380","298","B","977"
"380","120","B","445"
"380","951","C","922"
"380","773","B","390"
"381","615","A","684"
"381","584","C","546"
"381","585","B","583"
"381","591","B","805"
"381","592","S","842"
"381","593","B","879"
"381","596","A","990"
"381","597","C","18"
"381","598","A","55"
"381","599","C","92"
"381","600","A","129"
"381","602","B","203"
"381","605","D","314"
"381","606","B","351"
"381","607","D","388"
"381","608","B","425"
"381","609","S","462"
"381","610","B","499"
"381","611","A","536"
"381","613","A","610"
"382","1","C","943"
"382","2","A","980"
"382","3","C","8"
"382","4","B","45"
"382","5","C","82"
"382","6","B","119"
"382","7","D","156"
"383","236","B","600"
"383","237","A","637"
"383","238","C","674"
"383","239","A","711"
"383","240","C","748"
"383","241","A","785"
"383","242","C","822"
"383","243","B","859"
"383","244","C","896"
"383","245","B","933"
"383","246","C","970"
"383","247","B","1007"
"383","248","D","35"
"383","249","B","72"
"383","250","S","109"
"383","251","B","146"
"383","252","S","183"
"383","253","B","220"
"383","254","A","257"
"383","255","C","294"
"383","256","A","331"
"383","257","C","368"
"383","258","A","405"
"383","259","C","442"
"384","1","B","20"
"384","2","C","57"
"384","3","B","94"
"384","148","A","414"
"384","4","D","131"
"384","149","C","451"
"384","5","B","168"
"384","150","B","488"
"384","6","D","205"
"384","151","C","525"
"384","7","B","242"
"384","152","B","562"
"384","153","C","599"
"384","154","B","636"
"384","155","D","673"
"384","156","B","710"
"384","157","S","747"
"384","158","B","784"
"384","159","S","821"
"384","160","B","858"
"384","161","A","895"
"384","162","C","932"
"384","163","A","969"
"384","164","C","1006"
"385","621","B","848"
"385","233","C","618"
"385","854","S","388"
"385","466","B","158"
"385","78","C","937"
"385","699","C","707"
"385","311","A","477"
"385","932","B","247"
"385","544","C","17"
"385","156","S","796"
"385","777","A","566"
"385","389","B","336"
"385","1","D","106"
"385","622","S","885"
"385","234","B","655"
"385","855","B","425"
"385","467","C","195"
"385","79","A","974"
"385","700","B","744"
"385","312","C","514"
"385","933","C","284"
"385","545","A","54"
"385","157","B","833"
"385","778","C","603"
"386","831","A","589"
"386","653","C","57"
"386","475","B","534"
"386","297","S","2"
"386","119","C","479"
"386","950","A","956"
"386","772","C","424"
"386","594","B","901"
"386","416","A","369"
"386","238","C","846"
"386","60","B","314"
"386","891","D","791"
"386","713","B","259"
"386","535","A","736"
"386","357","C","204"
"386","179","B","681"
"386","1","A","149"
"386","832","B","626"
"386","654","A","94"
"386","476","D","571"
"386","298","B","39"
"386","120","A","516"
"386","951","C","993"
"386","773","B","461"
"387","615","A","755"
"387","584","C","617"
"387","585","B","654"
"387","591","B","876"
"387","592","S","913"
"387","593","B","950"
"387","596","A","52"
"387","597","C","89"
"387","598","A","126"
"387","599","C","163"
"387","600","A","200"
"387","602","B","274"
"387","605","D","385"
"387","606","B","422"
"387","607","D","459"
"387","608","B","496"
"387","609","S","533"
"387","610","B","570"
"387","611","S","607"
"387","613","A","681"
"388","236","B","671"
"388","237","S","708"
"388","238","B","745"
"388","239","A","782"
"388","240","C","819"
"388","241","A","856"
"388","242","C","893"
"388","243","A","930"
"388","244","C","967"
"388","245","B","1004"
"388","246","C","32"
"388","247","B","69"
"388","248","D","106"
"388","249","B","143"
"388","250","D","180"
"388","251","B","217"
"388","252","S","254"
"388","253","B","291"
"388","254","A","328"
"388","255","B","365"
"388","256","A","402"
"388","257","C","439"
"388","258","A","476"
"388","259","C","513"
"389","1","B","91"
"389","2","C","128"
"389","3","B","165"
"389","148","A","485"
"389","4","C","202"
"389","149","C","522"
"389","5","B","239"
"389","150","A","559"
"389","6","D","276"
"389","151","C","596"
"389","7","B","313"
"389","152","B","633"
"389","153","C","670"
"389","154","B","707"
"389","155","D","744"
"389","156","B","781"
"389","157","D","818"
"389","158","B","855"
"389","159","S","892"
"389","160","B","929"
"389","161","A","966"
"389","162","B","1003"
"389","163","A","31"
"389","164","C","68"
"390","621","B","919"
"390","233","C","689"
"390","854","D","459"
"390","466","B","229"
"390","78","C","1008"
"390","699","C","778"
"390","311","A","548"
"390","932","B","318"
"390","544","C","88"
"390","156","S","867"
"390","777","A","637"
"390","389","B","407"
"390","1","C","177"
"390","622","S","956"
"390","234","B","726"
"390","855","B","496"
"390","467","C","266"
"390","79","A","36"
"390","700","B","815"
"390","312","C","585"
"390","933","C","355"
"390","545","A","125"
"390","157","B","904"
"390","778","C","674"
"391","831","S","660"
"391","653","C","128"
"391","475","B","605"
"391","297","S","73"
"391","119","C","550"
"391","950","A","18"
"391","772","C","495"
"391","594","B","972"
"391","416","A","440"
"391","238","C","917"
"391","60","B","385"
"391","891","C","862"
"391","713","B","330"
"391","535","A","807"
"391","357","C","275"
"391","179","B","752"
"391","1","A","220"
"391","832","B","697"
"391","654","A","165"
"391","476","D","642"
"391","298","B","110"
"391","120","A","587"
"391","951","C","55"
"391","773","B","532"
"392","615","A","826"
"392","584","C","688"
"392","585","A","725"
"392","591","B","947"
"392","592","D","984"
"392","593","B","12"
"392","596","A","123"
"392","597","B","160"
"392","598","A","197"
"392","599","C","234"
"392","600","A","271"
"392","602","A","345"
"392","605","C","456"
"392","606","B","493"
"392","607","D","530"
"392","608","B","567"
"392","609","D","604"
"392","610","B","641"
"392","611","S","678"
"392","613","A","752"
"393","236","B","742"
"393","237","S","779"
"393","238","B","816"
"393","239","A","853"
"393","240","C","890"
"393","241","A","927"
"393","242","C","964"
"393","243","A","1001"
"393","244","C","29"
"393","245","B","66"
"393","246","C","103"
"393","247","B","140"
"393","248","C","177"
"393","249","B","214"
"393","250","D","251"
"393","251","B","288"
"393","252","S","325"
"393","253","B","362"
"393","254","S","399"
"393","255","B","436"
"393","256","A","473"
"393","257","C","510"
"393","258","A","547"
"393","259","C","584"
"394","1","A","162"
"394","2","C","199"
"394","3","B","236"
"394","148","A","556"
"394","4","C","273"
"394","149","C","593"
"394","5","B","310"
"394","150","A","630"
"394","6","D","347"
"394","151","C","667"
"394","7","B","384"
"394","152","B","704"
"394","153","C","741"
"394","154","B","778"
"394","155","C","815"
"394","156","B","852"
"394","157","D","889"
"394","158","B","926"
"394","159","S","963"
"394","160","B","1000"
"394","161","S","28"
"394","162","B","65"
"394","163","A","102"
"394","164","C","139"
"395","621","B","990"
"395","233","C","760"
"395","854","D","530"
"395","466","B","300"
"395","78","C","70"
"395","699","C","849"
"395","311","A","619"
"395","932","A","389"
"395","544","B","159"
"395","156","S","938"
"395","777","A","708"
"395","389","B","478"
"395","1","C","248"
"395","622","D","18"
"395","234","B","797"
"395","855","B","567"
"395","467","C","337"
"395","79","A","107"
"395","700","B","886"
"395","312","C","656"
"395","933","C","426"
"395","545","A","196"
"395","157","B","975"
"395","778","C","745"
"396","831","S","731"
"396","653","C","199"
"396","475","B","676"
"396","297","S","144"
"396","119","C","621"
"396","950","A","89"
"396","772","C","566"
"396","594","B","34"
"396","416","S","511"
"396","238","C","988"
"396","60","B","456"
"396","891","C","933"
"396","713","B","401"
"396","535","A","878"
"396","357","C","346"
"396","179","B","823"
"396","1","A","291"
"396","832","B","768"
"396","654","A","236"
"396","476","C","713"
"396","298","B","181"
"396","120","A","658"
"396","951","B","126"
"396","773","B","603"
"397","372","S","944"
"397","327","A","288"
"397","435","B","248"
"397","436","D","285"
"397","277","C","456"
"397","385","D","416"
"397","332","C","473"
"397","387","S","490"
"397","334","D","547"
"397","388","B","527"
"397","335","B","584"
"397","337","B","658"
"397","391","A","638"
"397","392","C","675"
"397","339","B","732"
"397","393","A","712"
"397","340","A","769"
"397","341","B","806"
"397","448","B","729"
"397","396","C","823"
"397","343","C","880"
"397","397","B","860"
"397","345","C","954"
"397","346","A","991"
"398","236","B","813"
"398","237","S","850"
"398","238","B","887"
"398","239","S","924"
"398","240","B","961"
"398","241","A","998"
"398","242","C","26"
"398","243","A","63"
"398","244","C","100"
"398","245","A","137"
"398","246","C","174"
"398","247","B","211"
"398","248","C","248"
"398","249","B","285"
"398","250","D","322"
"398","251","B","359"
"398","252","D","396"
"398","253","B","433"
"398","254","S","470"
"398","255","B","507"
"398","256","A","544"
"398","257","B","581"
"398","258","A","618"
"398","259","C","655"
"399","1","A","233"
"399","2","C","270"
"399","3","B","307"
"399","148","A","627"
"399","4","C","344"
"399","149","C","664"
"399","5","B","381"
"399","150","A","701"
"399","6","C","418"
"399","151","C","738"
"399","7","B","455"
"399","152","A","775"
"399","153","C","812"
"399","154","B","849"
"399","155","C","886"
"399","156","B","923"
"399","157","D","960"
"399","158","B","997"
"399","159","D","25"
"399","160","B","62"
"399","161","S","99"
"399","162","B","136"
"399","163","A","173"
"399","164","B","210"
"400","367","B","701"
"400","368","S","738"
"400","369","B","775"
"400","370","A","812"
"400","371","B","849"
"400","372","A","886"
"400","373","C","923"
"400","374","A","960"
"400","375","C","997"
"400","376","A","25"
"400","377","C","62"
"400","378","B","99"
"400","379","C","136"
"400","380","B","173"
"400","381","D","210"
"400","382","B","247"
"400","383","D","284"
"400","384","B","321"
"400","385","S","358"
"400","386","B","395"
"400","387","A","432"
"400","388","B","469"
"400","389","A","506"
"400","390","C","543"
"401","831","S","802"
"401","653","C","270"
"401","475","B","747"
"401","297","D","215"
"401","119","C","692"
"401","950","S","160"
"401","772","C","637"
"401","594","B","105"
"401","416","S","582"
"401","238","C","50"
"401","60","B","527"
"401","891","C","1004"
"401","713","B","472"
"401","535","A","949"
"401","357","C","417"
"401","179","B","894"
"401","1","A","362"
"401","832","B","839"
"401","654","A","307"
"401","476","C","784"
"401","298","B","252"
"401","120","A","729"
"401","951","B","197"
"401","773","A","674"
"402","372","S","6"
"402","327","A","359"
"402","435","B","319"
"402","436","D","356"
"402","277","C","527"
"402","385","D","487"
"402","332","C","544"
"402","387","D","561"
"402","334","C","618"
"402","388","B","598"
"402","335","B","655"
"402","337","B","729"
"402","391","A","709"
"402","392","B","746"
"402","339","B","803"
"402","393","A","783"
"402","340","S","840"
"402","341","B","877"
"402","448","B","800"
"402","396","C","894"
"402","343","C","951"
"402","397","A","931"
"402","345","C","16"
"402","346","A","53"
"403","1","B","218"
"403","2","A","255"
"403","3","C","292"
"403","4","A","329"
"403","5","C","366"
"403","6","A","403"
"403","7","C","440"
"404","1","A","304"
"404","2","C","341"
"404","3","A","378"
"404","148","A","698"
"404","4","C","415"
"404","149","C","735"
"404","5","B","452"
"404","150","A","772"
"404","6","C","489"
"404","151","C","809"
"404","7","B","526"
"404","152","A","846"
"404","153","C","883"
"404","154","B","920"
"404","155","C","957"
"404","156","B","994"
"404","157","C","22"
"404","158","B","59"
"404","159","D","96"
"404","160","B","133"
"404","161","S","170"
"404","162","B","207"
"404","163","S","244"
"404","164","B","281"
"405","367","B","772"
"405","368","S","809"
"405","369","B","846"
"405","370","S","883"
"405","371","B","920"
"405","372","A","957"
"405","373","C","994"
"405","374","A","22"
"405","375","C","59"
"405","376","A","96"
"405","377","C","133"
"405","378","B","170"
"405","379","C","207"
"405","380","B","244"
"405","381","D","281"
"405","382","B","318"
"405","383","D","355"
"405","384","B","392"
"405","385","S","429"
"405","386","B","466"
"405","387","S","503"
"405","388","B","540"
"405","389","A","577"
"405","390","C","614"
"406","831","D","873"
"406","653","B","341"
"406","475","B","818"
"406","297","D","286"
"406","119","B","763"
"406","950","S","231"
"406","772","C","708"
"406","594","B","176"
"406","416","S","653"
"406","238","C","121"
"406","60","B","598"
"406","891","C","66"
"406","713","B","543"
"406","535","A","11"
"406","357","C","488"
"406","179","B","965"
"406","1","S","433"
"406","832","B","910"
"406","654","A","378"
"406","476","C","855"
"406","298","B","323"
"406","120","A","800"
"406","951","B","268"
"406","773","A","745"
"407","372","S","77"
"407","327","A","430"
"407","435","B","390"
"407","436","D","427"
"407","277","C","598"
"407","385","C","558"
"407","332","C","615"
"407","387","D","632"
"407","334","C","689"
"407","388","B","669"
"407","335","B","726"
"407","337","B","800"
"407","391","S","780"
"407","392","B","817"
"407","339","B","874"
"407","393","A","854"
"407","340","S","911"
"407","341","B","948"
"407","448","A","871"
"407","396","C","965"
"407","343","B","13"
"407","397","A","1002"
"407","345","C","87"
"407","346","A","124"
"408","1","B","289"
"408","2","A","326"
"408","3","C","363"
"408","4","A","400"
"408","5","C","437"
"408","6","A","474"
"408","7","C","511"
"409","1","A","375"
"409","2","C","412"
"409","3","A","449"
"409","148","S","769"
"409","4","C","486"
"409","149","B","806"
"409","5","B","523"
"409","150","A","843"
"409","6","C","560"
"409","151","C","880"
"409","7","B","597"
"409","152","A","917"
"409","153","C","954"
"409","154","A","991"
"409","155","C","19"
"409","156","B","56"
"409","157","C","93"
"409","158","B","130"
"409","159","D","167"
"409","160","B","204"
"409","161","D","241"
"409","162","B","278"
"409","163","S","315"
"409","164","B","352"
"410","367","B","843"
"410","368","D","880"
"410","369","B","917"
"410","370","S","954"
"410","371","B","991"
"410","372","A","19"
"410","373","B","56"
"410","374","A","93"
"410","375","C","130"
"410","376","A","167"
"410","377","C","204"
"410","378","A","241"
"410","379","C","278"
"410","380","B","315"
"410","381","C","352"
"410","382","B","389"
"410","383","D","426"
"410","384","B","463"
"410","385","D","500"
"410","386","B","537"
"410","387","S","574"
"410","388","B","611"
"410","389","A","648"
"410","390","B","685"
"411","831","D","944"
"411","653","B","412"
"411","475","A","889"
"411","297","D","357"
"411","119","B","834"
"411","950","S","302"
"411","772","C","779"
"411","594","B","247"
"411","416","S","724"
"411","238","C","192"
"411","60","B","669"
"411","891","C","137"
"411","713","B","614"
"411","535","S","82"
"411","357","C","559"
"411","179","B","27"
"411","1","S","504"
"411","832","B","981"
"411","654","A","449"
"411","476","C","926"
"411","298","B","394"
"411","120","A","871"
"411","951","B","339"
"411","773","A","816"
"412","372","D","148"
"412","327","A","501"
"412","435","B","461"
"412","436","C","498"
"412","277","B","669"
"412","385","C","629"
"412","332","C","686"
"412","387","D","703"
"412","334","C","760"
"412","388","B","740"
"412","335","B","797"
"412","337","B","871"
"412","391","S","851"
"412","392","B","888"
"412","339","B","945"
"412","393","A","925"
"412","340","S","982"
"412","341","B","10"
"412","448","A","942"
"412","396","C","27"
"412","343","B","84"
"412","397","A","64"
"412","345","C","158"
"412","346","A","195"
"413","615","S","101"
"413","584","B","972"
"413","585","A","0"
"413","591","B","222"
"413","592","C","259"
"413","593","B","296"
"413","596","D","407"
"413","597","B","444"
"413","598","S","481"
"413","599","B","518"
"413","600","A","555"
"413","602","A","629"
"413","605","C","740"
"413","606","A","777"
"413","607","C","814"
"413","608","B","851"
"413","609","C","888"
"413","610","B","925"
"413","611","D","962"
"413","613","D","27"
"414","1","B","360"
"414","2","A","397"
"414","3","B","434"
"414","4","A","471"
"414","5","C","508"
"414","6","A","545"
"414","7","C","582"
"415","1","A","446"
"415","2","C","483"
"415","3","A","520"
"415","148","S","840"
"415","4","C","557"
"415","149","B","877"
"415","5","A","594"
"415","150","A","914"
"415","6","C","631"
"415","151","C","951"
"415","7","B","668"
"415","152","A","988"
"415","153","C","16"
"415","154","A","53"
"415","155","C","90"
"415","156","B","127"
"415","157","C","164"
"415","158","B","201"
"415","159","C","238"
"415","160","B","275"
"415","161","D","312"
"415","162","B","349"
"415","163","S","386"
"415","164","B","423"
"416","367","B","914"
"416","368","D","951"
"416","369","B","988"
"416","370","S","16"
"416","371","B","53"
"416","372","S","90"
"416","373","B","127"
"416","374","A","164"
"416","375","C","201"
"416","376","A","238"
"416","377","C","275"
"416","378","A","312"
"416","379","C","349"
"416","380","B","386"
"416","381","C","423"
"416","382","B","460"
"416","383","D","497"
"416","384","B","534"
"416","385","D","571"
"416","386","B","608"
"416","387","S","645"
"416","388","B","682"
"416","389","S","719"
"416","390","B","756"
"417","621","B","265"
"417","233","C","35"
"417","854","C","814"
"417","466","A","584"
"417","78","B","354"
"417","699","C","124"
"417","311","S","903"
"417","932","A","673"
"417","544","B","443"
"417","156","C","213"
"417","777","S","992"
"417","389","B","762"
"417","1","C","532"
"417","622","C","302"
"417","234","A","72"
"417","855","B","851"
"417","467","C","621"
"417","79","S","391"
"417","700","A","161"
"417","312","B","940"
"417","933","C","710"
"417","545","S","480"
"417","157","B","250"
"417","778","B","20"
"418","372","D","219"
"418","327","S","572"
"418","435","B","532"
"418","436","C","569"
"418","277","B","740"
"418","385","C","700"
"418","332","C","757"
"418","387","C","774"
"418","334","C","831"
"418","388","B","811"
"418","335","B","868"
"418","337","B","942"
"418","391","S","922"
"418","392","B","959"
"418","339","B","7"
"418","393","S","996"
"418","340","D","44"
"418","341","B","81"
"418","448","A","4"
"418","396","C","98"
"418","343","B","155"
"418","397","A","135"
"418","345","B","229"
"418","346","A","266"
"419","615","S","172"
"419","584","B","34"
"419","585","A","71"
"419","591","B","293"
"419","592","C","330"
"419","593","B","367"
"419","596","D","478"
"419","597","B","515"
"419","598","S","552"
"419","599","B","589"
"419","600","S","626"
"419","602","A","700"
"419","605","C","811"
"419","606","A","848"
"419","607","C","885"
"419","608","B","922"
"419","609","C","959"
"419","610","B","996"
"419","611","D","24"
"419","613","D","98"
"420","1","B","431"
"420","2","S","468"
"420","3","B","505"
"420","4","A","542"
"420","5","C","579"
"420","6","A","616"
"420","7","C","653"
"421","236","B","88"
"421","237","D","125"
"421","238","B","162"
"421","239","D","199"
"421","240","B","236"
"421","241","S","273"
"421","242","B","310"
"421","243","S","347"
"421","244","B","384"
"421","245","A","421"
"421","246","C","458"
"421","247","A","495"
"421","248","C","532"
"421","249","A","569"
"421","250","C","606"
"421","251","B","643"
"421","252","C","680"
"421","253","B","717"
"421","254","D","754"
"421","255","B","791"
"421","256","D","828"
"421","257","B","865"
"421","258","S","902"
"421","259","B","939"
"422","367","B","985"
"422","368","D","13"
"422","369","B","50"
"422","370","D","87"
"422","371","B","124"
"422","372","S","161"
"422","373","B","198"
"422","374","A","235"
"422","375","B","272"
"422","376","A","309"
"422","377","C","346"
"422","378","A","383"
"422","379","C","420"
"422","380","A","457"
"422","381","C","494"
"422","382","B","531"
"422","383","C","568"
"422","384","B","605"
"422","385","D","642"
"422","386","B","679"
"422","387","D","716"
"422","388","B","753"
"422","389","S","790"
"422","390","B","827"
"423","621","B","336"
"423","233","C","106"
"423","854","C","885"
"423","466","A","655"
"423","78","B","425"
"423","699","B","195"
"423","311","S","974"
"423","932","A","744"
"423","544","B","514"
"423","156","C","284"
"423","777","D","54"
"423","389","B","833"
"423","1","C","603"
"423","622","C","373"
"423","234","A","143"
"423","855","B","922"
"423","467","C","692"
"423","79","S","462"
"423","700","A","232"
"423","312","B","2"
"423","933","C","781"
"423","545","S","551"
"423","157","B","321"
"423","778","B","91"
"424","372","D","290"
"424","327","S","643"
"424","435","B","603"
"424","436","C","640"
"424","277","B","811"
"424","385","C","771"
"424","332","C","828"
"424","387","C","845"
"424","334","C","902"
"424","388","B","882"
"424","335","B","939"
"424","337","B","4"
"424","391","D","993"
"424","392","B","21"
"424","339","B","78"
"424","393","S","58"
"424","340","D","115"
"424","341","B","152"
"424","448","A","75"
"424","396","B","169"
"424","343","B","226"
"424","397","A","206"
"424","345","B","300"
"424","346","A","337"
"425","615","D","243"
"425","584","B","105"
"425","585","S","142"
"425","591","A","364"
"425","592","C","401"
"425","593","B","438"
"425","596","D","549"
"425","597","B","586"
"425","598","D","623"
"425","599","B","660"
"425","600","S","697"
"425","602","A","771"
"425","605","C","882"
"425","606","A","919"
"425","607","C","956"
"425","608","A","993"
"425","609","C","21"
"425","610","B","58"
"425","611","C","95"
"425","613","D","169"
"426","1","B","502"
"426","2","S","539"
"426","3","B","576"
"426","4","A","613"
"426","5","B","650"
"426","6","A","687"
"426","7","C","724"
"427","236","B","159"
"427","237","C","196"
"427","238","B","233"
"427","239","D","270"
"427","240","B","307"
"427","241","S","344"
"427","242","B","381"
"427","243","S","418"
"427","244","B","455"
"427","245","A","492"
"427","246","C","529"
"427","247","A","566"
"427","248","C","603"
"427","249","A","640"
"427","250","C","677"
"427","251","B","714"
"427","252","C","751"
"427","253","B","788"
"427","254","C","825"
"427","255","B","862"
"427","256","D","899"
"427","257","B","936"
"427","258","S","973"
"427","259","B","1"
"428","367","B","47"
"428","368","C","84"
"428","369","B","121"
"428","370","D","158"
"428","371","B","195"
"428","372","S","232"
"428","373","B","269"
"428","374","S","306"
"428","375","B","343"
"428","376","A","380"
"428","377","C","417"
"428","378","A","454"
"428","379","C","491"
"428","380","A","528"
"428","381","C","565"
"428","382","B","602"
"428","383","C","639"
"428","384","B","676"
"428","385","D","713"
"428","386","B","750"
"428","387","D","787"
"428","388","B","824"
"428","389","S","861"
"428","390","B","898"
"429","621","A","407"
"429","233","B","177"
"429","854","C","956"
"429","466","A","726"
"429","78","B","496"
"429","699","B","266"
"429","311","D","36"
"429","932","A","815"
"429","544","B","585"
"429","156","C","355"
"429","777","D","125"
"429","389","B","904"
"429","1","C","674"
"429","622","C","444"
"429","234","A","214"
"429","855","A","993"
"429","467","C","763"
"429","79","S","533"
"429","700","A","303"
"429","312","B","73"
"429","933","B","852"
"429","545","D","622"
"429","157","B","392"
"429","778","B","162"
"430","372","C","361"
"430","327","S","714"
"430","435","A","674"
"430","436","C","711"
"430","277","B","882"
"430","385","C","842"
"430","332","C","899"
"430","387","C","916"
"430","334","C","973"
"430","388","B","953"
"430","335","A","1"
"430","337","B","75"
"430","391","D","55"
"430","392","B","92"
"430","339","B","149"
"430","393","S","129"
"430","340","D","186"
"430","341","B","223"
"430","448","A","146"
"430","396","B","240"
"430","343","B","297"
"430","397","A","277"
"430","345","B","371"
"430","346","A","408"
"431","615","D","314"
"431","584","B","176"
"431","585","S","213"
"431","591","A","435"
"431","592","C","472"
"431","593","B","509"
"431","596","C","620"
"431","597","B","657"
"431","598","D","694"
"431","599","B","731"
"431","600","S","768"
"431","602","S","842"
"431","605","C","953"
"431","606","A","990"
"431","607","C","18"
"431","608","A","55"
"431","609","C","92"
"431","610","B","129"
"431","611","C","166"
"431","613","D","240"
"432","1","B","573"
"432","2","S","610"
"432","3","B","647"
"432","4","S","684"
"432","5","B","721"
"432","6","A","758"
"432","7","C","795"
"433","236","B","230"
"433","237","C","267"
"433","238","B","304"
"433","239","D","341"
"433","240","B","378"
"433","241","D","415"
"433","242","B","452"
"433","243","S","489"
"433","244","B","526"
"433","245","S","563"
"433","246","B","600"
"433","247","A","637"
"433","248","C","674"
"433","249","A","711"
"433","250","C","748"
"433","251","A","785"
"433","252","C","822"
"433","253","B","859"
"433","254","C","896"
"433","255","B","933"
"433","256","D","970"
"433","257","B","1007"
"433","258","D","35"
"433","259","B","72"
"434","367","B","118"
"434","368","C","155"
"434","369","B","192"
"434","370","D","229"
"434","371","B","266"
"434","372","D","303"
"434","373","B","340"
"434","374","S","377"
"434","375","B","414"
"434","376","A","451"
"434","377","B","488"
"434","378","A","525"
"434","379","C","562"
"434","380","A","599"
"434","381","C","636"
"434","382","A","673"
"434","383","C","710"
"434","384","B","747"
"434","385","C","784"
"434","386","B","821"
"434","387","D","858"
"434","388","B","895"
"434","389","D","932"
"434","390","B","969"
"435","621","A","478"
"435","233","B","248"
"435","854","C","18"
"435","466","S","797"
"435","78","B","567"
"435","699","B","337"
"435","311","D","107"
"435","932","S","886"
"435","544","B","656"
"435","156","C","426"
"435","777","D","196"
"435","389","A","975"
"435","1","B","745"
"435","622","C","515"
"435","234","A","285"
"435","855","A","55"
"435","467","B","834"
"435","79","D","604"
"435","700","A","374"
"435","312","B","144"
"435","933","B","923"
"435","545","D","693"
"435","157","B","463"
"435","778","B","233"
"436","831","C","219"
"436","653","B","696"
"436","475","A","164"
"436","297","C","641"
"436","119","B","109"
"436","950","D","586"
"436","772","B","54"
"436","594","A","531"
"436","416","C","1008"
"436","238","B","476"
"436","60","A","953"
"436","891","B","421"
"436","713","A","898"
"436","535","D","366"
"436","357","B","843"
"436","179","A","311"
"436","1","D","788"
"436","832","B","256"
"436","654","S","733"
"436","476","C","201"
"436","298","B","678"
"436","120","S","146"
"436","951","B","623"
"436","773","S","91"
"437","615","D","385"
"437","584","B","247"
"437","585","S","284"
"437","591","A","506"
"437","592","C","543"
"437","593","A","580"
"437","596","C","691"
"437","597","B","728"
"437","598","D","765"
"437","599","B","802"
"437","600","D","839"
"437","602","S","913"
"437","605","B","15"
"437","606","A","52"
"437","607","C","89"
"437","608","A","126"
"437","609","C","163"
"437","610","A","200"
"437","611","C","237"
"437","613","C","311"
"438","1","B","644"
"438","2","D","681"
"438","3","B","718"
"438","4","S","755"
"438","5","B","792"
"438","6","A","829"
"438","7","B","866"
"439","236","A","301"
"439","237","C","338"
"439","238","B","375"
"439","239","C","412"
"439","240","B","449"
"439","241","D","486"
"439","242","B","523"
"439","243","S","560"
"439","244","B","597"
"439","245","S","634"
"439","246","B","671"
"439","247","A","708"
"439","248","C","745"
"439","249","A","782"
"439","250","C","819"
"439","251","A","856"
"439","252","C","893"
"439","253","B","930"
"439","254","C","967"
"439","255","B","1004"
"439","256","C","32"
"439","257","B","69"
"439","258","D","106"
"439","259","B","143"
"440","1","S","730"
"440","2","B","767"
"440","3","S","804"
"440","148","D","115"
"440","4","B","841"
"440","149","B","152"
"440","5","A","878"
"440","150","S","189"
"440","6","C","915"
"440","151","B","226"
"440","7","A","952"
"440","152","S","263"
"440","153","B","300"
"440","154","A","337"
"440","155","C","374"
"440","156","A","411"
"440","157","C","448"
"440","158","A","485"
"440","159","C","522"
"440","160","B","559"
"440","161","C","596"
"440","162","B","633"
"440","163","C","670"
"440","164","B","707"
"441","621","A","549"
"441","233","B","319"
"441","854","C","89"
"441","466","S","868"
"441","78","B","638"
"441","699","B","408"
"441","311","D","178"
"441","932","S","957"
"441","544","B","727"
"441","156","C","497"
"441","777","C","267"
"441","389","A","37"
"441","1","B","816"
"441","622","C","586"
"441","234","A","356"
"441","855","A","126"
"441","467","B","905"
"441","79","D","675"
"441","700","S","445"
"441","312","B","215"
"441","933","B","994"
"441","545","D","764"
"441","157","A","534"
"441","778","B","304"
"442","831","C","290"
"442","653","B","767"
"442","475","A","235"
"442","297","C","712"
"442","119","B","180"
"442","950","C","657"
"442","772","B","125"
"442","594","A","602"
"442","416","C","70"
"442","238","B","547"
"442","60","A","15"
"442","891","B","492"
"442","713","A","969"
"442","535","D","437"
"442","357","B","914"
"442","179","A","382"
"442","1","D","859"
"442","832","B","327"
"442","654","D","804"
"442","476","C","272"
"442","298","B","749"
"442","120","D","217"
"442","951","B","694"
"442","773","S","162"
"443","615","D","456"
"443","584","B","318"
"443","585","S","355"
"443","591","A","577"
"443","592","C","614"
"443","593","A","651"
"443","596","C","762"
"443","597","B","799"
"443","598","C","836"
"443","599","B","873"
"443","600","D","910"
"443","602","S","984"
"443","605","B","86"
"443","606","A","123"
"443","607","C","160"
"443","608","A","197"
"443","609","C","234"
"443","610","A","271"
"443","611","C","308"
"443","613","C","382"
"444","236","A","372"
"444","237","C","409"
"444","238","B","446"
"444","239","C","483"
"444","240","B","520"
"444","241","D","557"
"444","242","B","594"
"444","243","D","631"
"444","244","B","668"
"444","245","S","705"
"444","246","B","742"
"444","247","S","779"
"444","248","B","816"
"444","249","A","853"
"444","250","C","890"
"444","251","A","927"
"444","252","C","964"
"444","253","A","1001"
"444","254","C","29"
"444","255","B","66"
"444","256","C","103"
"444","257","B","140"
"444","258","D","177"
"444","259","B","214"
"445","1","S","801"
"445","2","B","838"
"445","3","S","875"
"445","148","D","186"
"445","4","B","912"
"445","149","B","223"
"445","5","A","949"
"445","150","D","260"
"445","6","C","986"
"445","151","B","297"
"445","7","A","14"
"445","152","S","334"
"445","153","B","371"
"445","154","S","408"
"445","155","B","445"
"445","156","A","482"
"445","157","C","519"
"445","158","A","556"
"445","159","C","593"
"445","160","A","630"
"445","161","C","667"
"445","162","B","704"
"445","163","C","741"
"445","164","B","778"
"446","621","A","620"
"446","233","B","390"
"446","854","C","160"
"446","466","S","939"
"446","78","B","709"
"446","699","B","479"
"446","311","C","249"
"446","932","S","19"
"446","544","B","798"
"446","156","C","568"
"446","777","C","338"
"446","389","A","108"
"446","1","B","887"
"446","622","C","657"
"446","234","S","427"
"446","855","A","197"
"446","467","B","976"
"446","79","D","746"
"446","700","S","516"
"446","312","B","286"
"446","933","B","56"
"446","545","D","835"
"446","157","A","605"
"446","778","B","375"
"447","831","C","361"
"447","653","B","838"
"447","475","S","306"
"447","297","C","783"
"447","119","B","251"
"447","950","C","728"
"447","772","B","196"
"447","594","A","673"
"447","416","C","141"
"447","238","B","618"
"447","60","A","86"
"447","891","B","563"
"447","713","A","31"
"447","535","C","508"
"447","357","B","985"
"447","179","A","453"
"447","1","C","930"
"447","832","B","398"
"447","654","D","875"
"447","476","B","343"
"447","298","A","820"
"447","120","D","288"
"447","951","B","765"
"447","773","S","233"
"448","615","C","527"
"448","584","B","389"
"448","585","D","426"
"448","591","A","648"
"448","592","C","685"
"448","593","A","722"
"448","596","C","833"
"448","597","B","870"
"448","598","C","907"
"448","599","B","944"
"448","600","D","981"
"448","602","D","46"
"448","605","B","157"
"448","606","A","194"
"448","607","B","231"
"448","608","A","268"
"448","609","C","305"
"448","610","A","342"
"448","611","C","379"
"448","613","C","453"
"449","236","A","443"
"449","237","C","480"
"449","238","A","517"
"449","239","C","554"
"449","240","B","591"
"449","241","C","628"
"449","242","B","665"
"449","243","D","702"
"449","244","B","739"
"449","245","S","776"
"449","246","B","813"
"449","247","S","850"
"449","248","B","887"
"449","249","A","924"
"449","250","C","961"
"449","251","A","998"
"449","252","C","26"
"449","253","A","63"
"449","254","C","100"
"449","255","B","137"
"449","256","C","174"
"449","257","B","211"
"449","258","C","248"
"449","259","B","285"
"450","1","D","872"
"450","2","B","909"
"450","3","S","946"
"450","148","C","257"
"450","4","B","983"
"450","149","B","294"
"450","5","S","11"
"450","150","D","331"
"450","6","B","48"
"450","151","B","368"
"450","7","A","85"
"450","152","S","405"
"450","153","B","442"
"450","154","S","479"
"450","155","B","516"
"450","156","A","553"
"450","157","C","590"
"450","158","A","627"
"450","159","C","664"
"450","160","A","701"
"450","161","C","738"
"450","162","B","775"
"450","163","C","812"
"450","164","B","849"
"451","621","A","691"
"451","233","B","461"
"451","854","B","231"
"451","466","S","1"
"451","78","B","780"
"451","699","B","550"
"451","311","C","320"
"451","932","D","90"
"451","544","B","869"
"451","156","C","639"
"451","777","C","409"
"451","389","A","179"
"451","1","B","958"
"451","622","C","728"
"451","234","S","498"
"451","855","A","268"
"451","467","B","38"
"451","79","C","817"
"451","700","S","587"
"451","312","B","357"
"451","933","B","127"
"451","545","C","906"
"451","157","A","676"
"451","778","B","446"
"452","831","C","432"
"452","653","B","909"
"452","475","S","377"
"452","297","C","854"
"452","119","B","322"
"452","950","C","799"
"452","772","B","267"
"452","594","A","744"
"452","416","C","212"
"452","238","B","689"
"452","60","A","157"
"452","891","B","634"
"452","713","A","102"
"452","535","C","579"
"452","357","B","47"
"452","179","A","524"
"452","1","C","1001"
"452","832","A","469"
"452","654","D","946"
"452","476","B","414"
"452","298","A","891"
"452","120","D","359"
"452","951","B","836"
"452","773","S","304"
"453","372","C","645"
"453","327","D","998"
"453","435","A","958"
"453","436","C","995"
"453","277","B","157"
"453","385","C","117"
"453","332","B","174"
"453","387","C","191"
"453","334","B","248"
"453","388","A","228"
"453","335","A","285"
"453","337","A","359"
"453","391","C","339"
"453","392","B","376"
"453","339","A","433"
"453","393","C","413"
"453","340","C","470"
"453","341","B","507"
"453","448","S","430"
"453","396","B","524"
"453","343","B","581"
"453","397","S","561"
"453","345","B","655"
"453","346","D","692"
"454","236","A","514"
"454","237","C","551"
"454","238","A","588"
"454","239","C","625"
"454","240","B","662"
"454","241","C","699"
"454","242","B","736"
"454","243","D","773"
"454","244","B","810"
"454","245","D","847"
"454","246","B","884"
"454","247","S","921"
"454","248","B","958"
"454","249","S","995"
"454","250","B","23"
"454","251","A","60"
"454","252","C","97"
"454","253","A","134"
"454","254","C","171"
"454","255","A","208"
"454","256","C","245"
"454","257","B","282"
"454","258","C","319"
"454","259","B","356"
"455","1","D","943"
"455","2","B","980"
"455","3","S","8"
"455","148","C","328"
"455","4","B","45"
"455","149","B","365"
"455","5","S","82"
"455","150","D","402"
"455","6","B","119"
"455","151","B","439"
"455","7","A","156"
"455","152","D","476"
"455","153","B","513"
"455","154","S","550"
"455","155","B","587"
"455","156","S","624"
"455","157","B","661"
"455","158","A","698"
"455","159","C","735"
"455","160","A","772"
"455","161","C","809"
"455","162","A","846"
"455","163","C","883"
"455","164","B","920"
"456","367","A","402"
"456","368","C","439"
"456","369","A","476"
"456","370","C","513"
"456","371","B","550"
"456","372","C","587"
"456","373","B","624"
"456","374","D","661"
"456","375","B","698"
"456","376","D","735"
"456","377","B","772"
"456","378","S","809"
"456","379","B","846"
"456","380","A","883"
"456","381","B","920"
"456","382","A","957"
"456","383","C","994"
"456","384","A","22"
"456","385","C","59"
"456","386","A","96"
"456","387","C","133"
"456","388","B","170"
"456","389","C","207"
"456","390","B","244"
"457","831","C","503"
"457","653","B","980"
"457","475","S","448"
"457","297","C","925"
"457","119","B","393"
"457","950","C","870"
"457","772","B","338"
"457","594","A","815"
"457","416","C","283"
"457","238","B","760"
"457","60","S","228"
"457","891","B","705"
"457","713","A","173"
"457","535","C","650"
"457","357","B","118"
"457","179","A","595"
"457","1","C","63"
"457","832","A","540"
"457","654","D","8"
"457","476","B","485"
"457","298","A","962"
"457","120","C","430"
"457","951","B","907"
"457","773","D","375"
"458","372","C","716"
"458","327","C","60"
"458","435","A","20"
"458","436","C","57"
"458","277","B","228"
"458","385","B","188"
"458","332","B","245"
"458","387","C","262"
"458","334","B","319"
"458","388","A","299"
"458","335","A","356"
"458","337","A","430"
"458","391","C","410"
"458","392","B","447"
"458","339","A","504"
"458","393","C","484"
"458","340","C","541"
"458","341","B","578"
"458","448","S","501"
"458","396","B","595"
"458","343","B","652"
"458","397","D","632"
"458","345","B","726"
"458","346","D","763"
"459","1","B","928"
"459","2","C","965"
"459","3","B","1002"
"459","4","D","30"
"459","5","B","67"
"459","6","D","104"
"459","7","B","141"
"460","1","D","5"
"460","2","B","42"
"460","3","D","79"
"460","148","C","399"
"460","4","B","116"
"460","149","B","436"
"460","5","S","153"
"460","150","C","473"
"460","6","B","190"
"460","151","B","510"
"460","7","S","227"
"460","152","D","547"
"460","153","B","584"
"460","154","S","621"
"460","155","B","658"
"460","156","S","695"
"460","157","B","732"
"460","158","A","769"
"460","159","C","806"
"460","160","A","843"
"460","161","C","880"
"460","162","A","917"
"460","163","C","954"
"460","164","B","991"
"461","367","A","473"
"461","368","C","510"
"461","369","A","547"
"461","370","C","584"
"461","371","B","621"
"461","372","C","658"
"461","373","B","695"
"461","374","C","732"
"461","375","B","769"
"461","376","D","806"
"461","377","B","843"
"461","378","S","880"
"461","379","B","917"
"461","380","S","954"
"461","381","B","991"
"461","382","A","19"
"461","383","C","56"
"461","384","A","93"
"461","385","C","130"
"461","386","A","167"
"461","387","C","204"
"461","388","B","241"
"461","389","C","278"
"461","390","B","315"
"462","831","C","574"
"462","653","B","42"
"462","475","S","519"
"462","297","C","996"
"462","119","B","464"
"462","950","C","941"
"462","772","B","409"
"462","594","S","886"
"462","416","C","354"
"462","238","B","831"
"462","60","S","299"
"462","891","B","776"
"462","713","A","244"
"462","535","C","721"
"462","357","B","189"
"462","179","A","666"
"462","1","C","134"
"462","832","A","611"
"462","654","C","79"
"462","476","B","556"
"462","298","A","24"
"462","120","C","501"
"462","951","A","978"
"462","773","D","446"
"463","372","C","787"
"463","327","C","131"
"463","435","S","91"
"463","436","B","128"
"463","277","B","299"
"463","385","B","259"
"463","332","B","316"
"463","387","C","333"
"463","334","B","390"
"463","388","A","370"
"463","335","S","427"
"463","337","A","501"
"463","391","C","481"
"463","392","B","518"
"463","339","A","575"
"463","393","C","555"
"463","340","C","612"
"463","341","A","649"
"463","448","D","572"
"463","396","B","666"
"463","343","B","723"
"463","397","D","703"
"463","345","B","797"
"463","346","D","834"
"464","1","B","999"
"464","2","C","27"
"464","3","B","64"
"464","4","C","101"
"464","5","B","138"
"464","6","D","175"
"464","7","B","212"
"465","1","C","76"
"465","2","B","113"
"465","3","D","150"
"465","148","C","470"
"465","4","B","187"
"465","149","B","507"
"465","5","S","224"
"465","150","C","544"
"465","6","B","261"
"465","151","B","581"
"465","7","S","298"
"465","152","D","618"
"465","153","B","655"
"465","154","D","692"
"465","155","B","729"
"465","156","S","766"
"465","157","B","803"
"465","158","S","840"
"465","159","B","877"
"465","160","A","914"
"465","161","C","951"
"465","162","A","988"
"465","163","C","16"
"465","164","A","53"
"466","367","A","544"
"466","368","C","581"
"466","369","A","618"
"466","370","C","655"
"466","371","A","692"
"466","372","C","729"
"466","373","B","766"
"466","374","C","803"
"466","375","B","840"
"466","376","D","877"
"466","377","B","914"
"466","378","D","951"
"466","379","B","988"
"466","380","S","16"
"466","381","B","53"
"466","382","A","90"
"466","383","B","127"
"466","384","A","164"
"466","385","C","201"
"466","386","A","238"
"466","387","C","275"
"466","388","A","312"
"466","389","C","349"
"466","390","B","386"
"467","831","C","645"
"467","653","B","113"
"467","475","D","590"
"467","297","B","58"
"467","119","A","535"
"467","950","C","3"
"467","772","B","480"
"467","594","S","957"
"467","416","C","425"
"467","238","B","902"
"467","60","S","370"
"467","891","B","847"
"467","713","A","315"
"467","535","C","792"
"467","357","B","260"
"467","179","S","737"
"467","1","C","205"
"467","832","A","682"
"467","654","C","150"
"467","476","B","627"
"467","298","A","95"
"467","120","C","572"
"467","951","A","40"
"467","773","D","517"
"468","372","C","858"
"468","327","C","202"
"468","435","S","162"
"468","436","B","199"
"468","277","B","370"
"468","385","B","330"
"468","332","B","387"
"468","387","B","404"
"468","334","B","461"
"468","388","A","441"
"468","335","S","498"
"468","337","A","572"
"468","391","C","552"
"468","392","A","589"
"468","339","A","646"
"468","393","C","626"
"468","340","C","683"
"468","341","A","720"
"468","448","D","643"
"468","396","B","737"
"468","343","B","794"
"468","397","D","774"
"468","345","B","868"
"468","346","C","905"
"469","615","C","811"
"469","584","B","673"
"469","585","C","710"
"469","591","S","932"
"469","592","B","969"
"469","593","S","1006"
"469","596","C","108"
"469","597","A","145"
"469","598","C","182"
"469","599","A","219"
"469","600","C","256"
"469","602","C","330"
"469","605","B","441"
"469","606","D","478"
"469","607","B","515"
"469","608","S","552"
"469","609","B","589"
"469","610","A","626"
"469","611","B","663"
"469","613","C","737"
"470","1","A","61"
"470","2","C","98"
"470","3","B","135"
"470","4","C","172"
"470","5","B","209"
"470","6","D","246"
"470","7","B","283"
"471","1","C","147"
"471","2","B","184"
"471","3","D","221"
"471","148","C","541"
"471","4","B","258"
"471","149","A","578"
"471","5","D","295"
"471","150","C","615"
"471","6","B","332"
"471","151","B","652"
"471","7","S","369"
"471","152","C","689"
"471","153","B","726"
"471","154","D","763"
"471","155","B","800"
"471","156","S","837"
"471","157","B","874"
"471","158","S","911"
"471","159","B","948"
"471","160","A","985"
"471","161","C","13"
"471","162","A","50"
"471","163","C","87"
"471","164","A","124"
"472","367","A","615"
"472","368","C","652"
"472","369","A","689"
"472","370","C","726"
"472","371","A","763"
"472","372","C","800"
"472","373","B","837"
"472","374","C","874"
"472","375","B","911"
"472","376","C","948"
"472","377","B","985"
"472","378","D","13"
"472","379","B","50"
"472","380","S","87"
"472","381","B","124"
"472","382","S","161"
"472","383","B","198"
"472","384","A","235"
"472","385","C","272"
"472","386","A","309"
"472","387","C","346"
"472","388","A","383"
"472","389","C","420"
"472","390","B","457"
"473","621","S","975"
"473","233","B","745"
"473","854","B","515"
"473","466","C","285"
"473","78","A","55"
"473","699","B","834"
"473","311","C","604"
"473","932","C","374"
"473","544","A","144"
"473","156","B","923"
"473","777","C","693"
"473","389","S","463"
"473","1","B","233"
"473","622","B","3"
"473","234","D","782"
"473","855","S","552"
"473","467","B","322"
"473","79","C","92"
"473","700","D","871"
"473","312","A","641"
"473","933","B","411"
"473","545","C","181"
"473","157","A","960"
"473","778","A","730"
"474","372","B","929"
"474","327","C","273"
"474","435","S","233"
"474","436","B","270"
"474","277","A","441"
"474","385","B","401"
"474","332","B","458"
"474","387","B","475"
"474","334","B","532"
"474","388","A","512"
"474","335","S","569"
"474","337","S","643"
"474","391","C","623"
"474","392","A","660"
"474","339","A","717"
"474","393","C","697"
"474","340","C","754"
"474","341","A","791"
"474","448","D","714"
"474","396","B","808"
"474","343","A","865"
"474","397","C","845"
"474","345","B","939"
"474","346","C","976"
"475","615","C","882"
"475","584","A","744"
"475","585","C","781"
"475","591","S","1003"
"475","592","B","31"
"475","593","S","68"
"475","596","C","179"
"475","597","A","216"
"475","598","C","253"
"475","599","A","290"
"475","600","C","327"
"475","602","C","401"
"475","605","B","512"
"475","606","D","549"
"475","607","B","586"
"475","608","S","623"
"475","609","B","660"
"475","610","S","697"
"475","611","B","734"
"475","613","C","808"
"476","1","A","132"
"476","2","C","169"
"476","3","B","206"
"476","4","C","243"
"476","5","B","280"
"476","6","C","317"
"476","7","B","354"
"477","236","S","798"
"477","237","B","835"
"477","238","A","872"
"477","239","C","909"
"477","240","A","946"
"477","241","C","983"
"477","242","A","11"
"477","243","C","48"
"477","244","B","85"
"477","245","C","122"
"477","246","B","159"
"477","247","D","196"
"477","248","B","233"
"477","249","D","270"
"477","250","B","307"
"477","251","S","344"
"477","252","B","381"
"477","253","S","418"
"477","254","B","455"
"477","255","A","492"
"477","256","C","529"
"477","257","A","566"
"477","258","C","603"
"477","259","A","640"
"478","367","S","686"
"478","368","B","723"
"478","369","A","760"
"478","370","C","797"
"478","371","A","834"
"478","372","C","871"
"478","373","A","908"
"478","374","C","945"
"478","375","B","982"
"478","376","C","10"
"478","377","B","47"
"478","378","D","84"
"478","379","B","121"
"478","380","D","158"
"478","381","B","195"
"478","382","S","232"
"478","383","B","269"
"478","384","A","306"
"478","385","B","343"
"478","386","A","380"
"478","387","C","417"
"478","388","A","454"
"478","389","C","491"
"478","390","A","528"
"479","621","S","37"
"479","233","B","816"
"479","854","B","586"
"479","466","C","356"
"479","78","A","126"
"479","699","B","905"
"479","311","C","675"
"479","932","C","445"
"479","544","A","215"
"479","156","B","994"
"479","777","C","764"
"479","389","S","534"
"479","1","B","304"
"479","622","B","74"
"479","234","C","853"
"479","855","S","623"
"479","467","B","393"
"479","79","C","163"
"479","700","C","942"
"479","312","A","712"
"479","933","B","482"
"479","545","C","252"
"479","157","S","22"
"479","778","A","801"
"480","372","B","1000"
"480","327","C","344"
"480","435","S","304"
"480","436","B","341"
"480","277","A","512"
"480","385","B","472"
"480","332","B","529"
"480","387","B","546"
"480","334","B","603"
"480","388","S","583"
"480","335","S","640"
"480","337","S","714"
"480","391","C","694"
"480","392","A","731"
"480","339","A","788"
"480","393","C","768"
"480","340","C","825"
"480","341","A","862"
"480","448","C","785"
"480","396","B","879"
"480","343","A","936"
"480","397","C","916"
"480","345","B","1"
"480","346","C","38"
"481","615","C","953"
"481","584","A","815"
"481","585","C","852"
"481","591","D","65"
"481","592","B","102"
"481","593","S","139"
"481","596","B","250"
"481","597","A","287"
"481","598","C","324"
"481","599","A","361"
"481","600","C","398"
"481","602","C","472"
"481","605","B","583"
"481","606","D","620"
"481","607","B","657"
"481","608","D","694"
"481","609","B","731"
"481","610","S","768"
"481","611","B","805"
"481","613","B","879"
"482","1","A","203"
"482","2","C","240"
"482","3","A","277"
"482","4","C","314"
"482","5","B","351"
"482","6","C","388"
"482","7","B","425"
"483","236","S","869"
"483","237","B","906"
"483","238","A","943"
"483","239","B","980"
"483","240","A","8"
"483","241","C","45"
"483","242","A","82"
"483","243","C","119"
"483","244","A","156"
"483","245","C","193"
"483","246","B","230"
"483","247","C","267"
"483","248","B","304"
"483","249","D","341"
"483","250","B","378"
"483","251","S","415"
"483","252","B","452"
"483","253","S","489"
"483","254","B","526"
"483","255","A","563"
"483","256","C","600"
"483","257","A","637"
"483","258","C","674"
"483","259","A","711"
"484","367","S","757"
"484","368","B","794"
"484","369","A","831"
"484","370","C","868"
"484","371","A","905"
"484","372","C","942"
"484","373","A","979"
"484","374","C","7"
"484","375","B","44"
"484","376","C","81"
"484","377","B","118"
"484","378","C","155"
"484","379","B","192"
"484","380","D","229"
"484","381","B","266"
"484","382","S","303"
"484","383","B","340"
"484","384","S","377"
"484","385","B","414"
"484","386","A","451"
"484","387","C","488"
"484","388","A","525"
"484","389","C","562"
"484","390","A","599"
"485","621","D","108"
"485","233","B","887"
"485","854","B","657"
"485","466","C","427"
"485","78","A","197"
"485","699","B","976"
"485","311","C","746"
"485","932","C","516"
"485","544","A","286"
"485","156","B","56"
"485","777","C","835"
"485","389","S","605"
"485","1","B","375"
"485","622","B","145"
"485","234","C","924"
"485","855","D","694"
"485","467","B","464"
"485","79","C","234"
"485","700","C","4"
"485","312","A","783"
"485","933","B","553"
"485","545","C","323"
"485","157","S","93"
"485","778","A","872"
"486","372","B","62"
"486","327","C","415"
"486","435","D","375"
"486","436","B","412"
"486","277","A","583"
"486","385","B","543"
"486","332","B","600"
"486","387","B","617"
"486","334","B","674"
"486","388","S","654"
"486","335","D","711"
"486","337","S","785"
"486","391","C","765"
"486","392","A","802"
"486","339","S","859"
"486","393","C","839"
"486","340","B","896"
"486","341","A","933"
"486","448","C","856"
"486","396","B","950"
"486","343","A","1007"
"486","397","C","987"
"486","345","A","72"
"486","346","C","109"
"487","615","C","15"
"487","584","A","886"
"487","585","C","923"
"487","591","D","136"
"487","592","B","173"
"487","593","S","210"
"487","596","B","321"
"487","597","A","358"
"487","598","C","395"
"487","599","A","432"
"487","600","C","469"
"487","602","C","543"
"487","605","B","654"
"487","606","C","691"
"487","607","B","728"
"487","608","D","765"
"487","609","B","802"
"487","610","S","839"
"487","611","B","876"
"487","613","B","950"
"488","1","A","274"
"488","2","C","311"
"488","3","A","348"
"488","4","C","385"
"488","5","B","422"
"488","6","C","459"
"488","7","B","496"
"489","236","S","940"
"489","237","B","977"
"489","238","S","5"
"489","239","B","42"
"489","240","A","79"
"489","241","C","116"
"489","242","A","153"
"489","243","C","190"
"489","244","A","227"
"489","245","C","264"
"489","246","B","301"
"489","247","C","338"
"489","248","B","375"
"489","249","D","412"
"489","250","B","449"
"489","251","D","486"
"489","252","B","523"
"489","253","S","560"
"489","254","B","597"
"489","255","S","634"
"489","256","B","671"
"489","257","A","708"
"489","258","C","745"
"489","259","A","782"
"490","367","S","828"
"490","368","B","865"
"490","369","S","902"
"490","370","B","939"
"490","371","A","976"
"490","372","C","4"
"490","373","A","41"
"490","374","C","78"
"490","375","A","115"
"490","376","C","152"
"490","377","B","189"
"490","378","C","226"
"490","379","B","263"
"490","380","D","300"
"490","381","B","337"
"490","382","D","374"
"490","383","B","411"
"490","384","S","448"
"490","385","B","485"
"490","386","A","522"
"490","387","B","559"
"490","388","A","596"
"490","389","C","633"
"490","390","A","670"
"491","621","D","179"
"491","233","B","958"
"491","854","B","728"
"491","466","C","498"
"491","78","A","268"
"491","699","A","38"
"491","311","B","817"
"491","932","C","587"
"491","544","A","357"
"491","156","B","127"
"491","777","B","906"
"491","389","D","676"
"491","1","B","446"
"491","622","B","216"
"491","234","C","995"
"491","855","D","765"
"491","467","B","535"
"491","79","C","305"
"491","700","C","75"
"491","312","A","854"
"491","933","B","624"
"491","545","C","394"
"491","157","S","164"
"491","778","A","943"
"492","831","B","929"
"492","653","A","397"
"492","475","C","874"
"492","297","B","342"
"492","119","A","819"
"492","950","B","287"
"492","772","A","764"
"492","594","D","232"
"492","416","B","709"
"492","238","A","177"
"492","60","D","654"
"492","891","B","122"
"492","713","D","599"
"492","535","C","67"
"492","357","B","544"
"492","179","D","12"
"492","1","B","489"
"492","832","S","966"
"492","654","C","434"
"492","476","B","911"
"492","298","S","379"
"492","120","C","856"
"492","951","A","324"
"492","773","C","801"
"493","615","B","86"
"493","584","A","957"
"493","585","C","994"
"493","591","D","207"
"493","592","B","244"
"493","593","D","281"
"493","596","B","392"
"493","597","S","429"
"493","598","B","466"
"493","599","A","503"
"493","600","C","540"
"493","602","C","614"
"493","605","B","725"
"493","606","C","762"
"493","607","B","799"
"493","608","D","836"
"493","609","B","873"
"493","610","D","910"
"493","611","B","947"
"493","613","B","12"
"494","1","A","345"
"494","2","C","382"
"494","3","A","419"
"494","4","C","456"
"494","5","A","493"
"494","6","C","530"
"494","7","B","567"
"495","236","D","2"
"495","237","B","39"
"495","238","S","76"
"495","239","B","113"
"495","240","A","150"
"495","241","B","187"
"495","242","A","224"
"495","243","C","261"
"495","244","A","298"
"495","245","C","335"
"495","246","A","372"
"495","247","C","409"
"495","248","B","446"
"495","249","C","483"
"495","250","B","520"
"495","251","D","557"
"495","252","B","594"
"495","253","S","631"
"495","254","B","668"
"495","255","S","705"
"495","256","B","742"
"495","257","A","779"
"495","258","C","816"
"495","259","A","853"
"496","1","C","431"
"496","2","A","468"
"496","3","C","505"
"496","148","B","825"
"496","4","B","542"
"496","149","A","862"
"496","5","C","579"
"496","150","C","899"
"496","6","B","616"
"496","151","A","936"
"496","7","D","653"
"496","152","C","973"
"496","153","A","1"
"496","154","C","38"
"496","155","B","75"
"496","156","C","112"
"496","157","B","149"
"496","158","D","186"
"496","159","B","223"
"496","160","S","260"
"496","161","B","297"
"496","162","S","334"
"496","163","B","371"
"496","164","A","408"
"497","621","D","250"
"497","233","A","20"
"497","854","B","799"
"497","466","C","569"
"497","78","A","339"
"497","699","A","109"
"497","311","B","888"
"497","932","C","658"
"497","544","A","428"
"497","156","B","198"
"497","777","B","977"
"497","389","D","747"
"497","1","B","517"
"497","622","B","287"
"497","234","C","57"
"497","855","D","836"
"497","467","A","606"
"497","79","C","376"
"497","700","C","146"
"497","312","A","925"
"497","933","A","695"
"497","545","B","465"
"497","157","D","235"
"497","778","A","5"
"498","831","B","1000"
"498","653","A","468"
"498","475","C","945"
"498","297","B","413"
"498","119","A","890"
"498","950","B","358"
"498","772","A","835"
"498","594","C","303"
"498","416","B","780"
"498","238","A","248"
"498","60","C","725"
"498","891","B","193"
"498","713","D","670"
"498","535","B","138"
"498","357","A","615"
"498","179","D","83"
"498","1","B","560"
"498","832","S","28"
"498","654","C","505"
"498","476","B","982"
"498","298","S","450"
"498","120","C","927"
"498","951","A","395"
"498","773","C","872"
"499","615","B","157"
"499","584","A","19"
"499","585","C","56"
"499","591","C","278"
"499","592","B","315"
"499","593","D","352"
"499","596","B","463"
"499","597","S","500"
"499","598","B","537"
"499","599","A","574"
"499","600","C","611"
"499","602","C","685"
"499","605","B","796"
"499","606","C","833"
"499","607","B","870"
"499","608","C","907"
"499","609","B","944"
"499","610","D","981"
"499","611","B","9"
"499","613","B","83"
"500","236","D","73"
"500","237","B","110"
"500","238","S","147"
"500","239","B","184"
"500","240","S","221"
"500","241","B","258"
"500","242","A","295"
"500","243","C","332"
"500","244","A","369"
"500","245","C","406"
"500","246","A","443"
"500","247","C","480"
"500","248","B","517"
"500","249","C","554"
"500","250","B","591"
"500","251","D","628"
"500","252","B","665"
"500","253","D","702"
"500","254","B","739"
"500","255","S","776"
"500","256","B","813"
"500","257","S","850"
"500","258","B","887"
"500","259","A","924"
"501","1","C","502"
"501","2","A","539"
"501","3","C","576"
"501","148","B","896"
"501","4","A","613"
"501","149","A","933"
"501","5","C","650"
"501","150","C","970"
"501","6","B","687"
"501","151","A","1007"
"501","7","C","724"
"501","152","C","35"
"501","153","A","72"
"501","154","C","109"
"501","155","B","146"
"501","156","C","183"
"501","157","B","220"
"501","158","D","257"
"501","159","B","294"
"501","160","D","331"
"501","161","B","368"
"501","162","S","405"
"501","163","B","442"
"501","164","S","479"
"502","621","C","321"
"502","233","A","91"
"502","854","B","870"
"502","466","C","640"
"502","78","S","410"
"502","699","A","180"
"502","311","B","959"
"502","932","C","729"
"502","544","S","499"
"502","156","B","269"
"502","777","B","39"
"502","389","D","818"
"502","1","A","588"
"502","622","B","358"
"502","234","C","128"
"502","855","D","907"
"502","467","A","677"
"502","79","B","447"
"502","700","C","217"
"502","312","A","996"
"502","933","A","766"
"502","545","B","536"
"502","157","D","306"
"502","778","S","76"
"503","831","B","62"
"503","653","A","539"
"503","475","C","7"
"503","297","B","484"
"503","119","A","961"
"503","950","B","429"
"503","772","A","906"
"503","594","C","374"
"503","416","B","851"
"503","238","A","319"
"503","60","C","796"
"503","891","A","264"
"503","713","D","741"
"503","535","B","209"
"503","357","A","686"
"503","179","D","154"
"503","1","B","631"
"503","832","S","99"
"503","654","C","576"
"503","476","B","44"
"503","298","D","521"
"503","120","B","998"
"503","951","S","466"
"503","773","C","943"
"504","615","B","228"
"504","584","A","90"
"504","585","C","127"
"504","591","C","349"
"504","592","B","386"
"504","593","D","423"
"504","596","B","534"
"504","597","S","571"
"504","598","B","608"
"504","599","S","645"
"504","600","B","682"
"504","602","C","756"
"504","605","A","867"
"504","606","C","904"
"504","607","B","941"
"504","608","C","978"
"504","609","B","6"
"504","610","D","43"
"504","611","B","80"
"504","613","B","154"
"505","236","D","144"
"505","237","B","181"
"505","238","D","218"
"505","239","B","255"
"505","240","S","292"
"505","241","B","329"
"505","242","A","366"
"505","243","B","403"
"505","244","A","440"
"505","245","C","477"
"505","246","A","514"
"505","247","C","551"
"505","248","A","588"
"505","249","C","625"
"505","250","B","662"
"505","251","C","699"
"505","252","B","736"
"505","253","D","773"
"505","254","B","810"
"505","255","S","847"
"505","256","B","884"
"505","257","S","921"
"505","258","B","958"
"505","259","A","995"
"506","1","C","573"
"506","2","A","610"
"506","3","C","647"
"506","148","B","967"
"506","4","A","684"
"506","149","A","1004"
"506","5","C","721"
"506","150","B","32"
"506","6","B","758"
"506","151","A","69"
"506","7","C","795"
"506","152","C","106"
"506","153","A","143"
"506","154","C","180"
"506","155","A","217"
"506","156","C","254"
"506","157","B","291"
"506","158","C","328"
"506","159","B","365"
"506","160","D","402"
"506","161","B","439"
"506","162","S","476"
"506","163","B","513"
"506","164","S","550"
"507","621","C","392"
"507","233","A","162"
"507","854","B","941"
"507","466","C","711"
"507","78","S","481"
"507","699","A","251"
"507","311","B","21"
"507","932","C","800"
"507","544","S","570"
"507","156","B","340"
"507","777","B","110"
"507","389","C","889"
"507","1","A","659"
"507","622","B","429"
"507","234","C","199"
"507","855","C","978"
"507","467","A","748"
"507","79","B","518"
"507","700","C","288"
"507","312","S","58"
"507","933","A","837"
"507","545","B","607"
"507","157","D","377"
"507","778","S","147"
"508","831","B","133"
"508","653","A","610"
"508","475","C","78"
"508","297","B","555"
"508","119","S","23"
"508","950","B","500"
"508","772","A","977"
"508","594","C","445"
"508","416","B","922"
"508","238","A","390"
"508","60","C","867"
"508","891","A","335"
"508","713","D","812"
"508","535","B","280"
"508","357","A","757"
"508","179","C","225"
"508","1","B","702"
"508","832","D","170"
"508","654","B","647"
"508","476","A","115"
"508","298","D","592"
"508","120","B","60"
"508","951","S","537"
"508","773","C","5"
"509","372","B","346"
"509","327","B","699"
"509","435","C","659"
"509","436","B","696"
"509","277","A","867"
"509","385","B","827"
"509","332","A","884"
"509","387","B","901"
"509","334","B","958"
"509","388","D","938"
"509","335","C","995"
"509","337","D","60"
"509","391","B","40"
"509","392","S","77"
"509","339","D","134"
"509","393","B","114"
"509","340","B","171"
"509","341","S","208"
"509","448","C","131"
"509","396","A","225"
"509","343","S","282"
"509","397","C","262"
"509","345","A","356"
"509","346","C","393"
"510","236","D","215"
"510","237","B","252"
"510","238","D","289"
"510","239","B","326"
"510","240","S","363"
"510","241","B","400"
"510","242","S","437"
"510","243","B","474"
"510","244","A","511"
"510","245","C","548"
"510","246","A","585"
"510","247","C","622"
"510","248","A","659"
"510","249","C","696"
"510","250","B","733"
"510","251","C","770"
"510","252","B","807"
"510","253","D","844"
"510","254","B","881"
"510","255","D","918"
"510","256","B","955"
"510","257","S","992"
"510","258","B","20"
"510","259","S","57"
"511","1","B","644"
"511","2","A","681"
"511","3","C","718"
"511","148","B","29"
"511","4","A","755"
"511","149","S","66"
"511","5","C","792"
"511","150","B","103"
"511","6","A","829"
"511","151","A","140"
"511","7","C","866"
"511","152","C","177"
"511","153","A","214"
"511","154","C","251"
"511","155","A","288"
"511","156","C","325"
"511","157","B","362"
"511","158","C","399"
"511","159","B","436"
"511","160","D","473"
"511","161","B","510"
"511","162","D","547"
"511","163","B","584"
"511","164","S","621"
"512","367","D","103"
"512","368","B","140"
"512","369","D","177"
"512","370","B","214"
"512","371","S","251"
"512","372","B","288"
"512","373","S","325"
"512","374","B","362"
"512","375","A","399"
"512","376","C","436"
"512","377","A","473"
"512","378","C","510"
"512","379","A","547"
"512","380","C","584"
"512","381","B","621"
"512","382","C","658"
"512","383","B","695"
"512","384","D","732"
"512","385","B","769"
"512","386","D","806"
"512","387","B","843"
"512","388","S","880"
"512","389","B","917"
"512","390","A","954"
"513","831","B","204"
"513","653","S","681"
"513","475","C","149"
"513","297","B","626"
"513","119","S","94"
"513","950","B","571"
"513","772","A","39"
"513","594","C","516"
"513","416","B","993"
"513","238","A","461"
"513","60","C","938"
"513","891","A","406"
"513","713","C","883"
"513","535","B","351"
"513","357","A","828"
"513","179","C","296"
"513","1","B","773"
"513","832","D","241"
"513","654","B","718"
"513","476","A","186"
"513","298","D","663"
"513","120","B","131"
"513","951","S","608"
"513","773","C","76"
"514","372","B","417"
"514","327","B","770"
"514","435","C","730"
"514","436","B","767"
"514","277","S","938"
"514","385","B","898"
"514","332","A","955"
"514","387","B","972"
"514","334","A","20"
"514","388","D","0"
"514","335","C","57"
"514","337","C","131"
"514","391","B","111"
"514","392","S","148"
"514","339","D","205"
"514","393","B","185"
"514","340","B","242"
"514","341","S","279"
"514","448","C","202"
"514","396","A","296"
"514","343","S","353"
"514","397","C","333"
"514","345","A","427"
"514","346","C","464"
"515","1","S","629"
"515","2","B","666"
"515","3","S","703"
"515","4","B","740"
"515","5","A","777"
"515","6","C","814"
"515","7","A","851"
"516","1","B","715"
"516","2","A","752"
"516","3","C","789"
"516","148","B","100"
"516","4","A","826"
"516","149","S","137"
"516","5","C","863"
"516","150","B","174"
"516","6","A","900"
"516","151","A","211"
"516","7","C","937"
"516","152","B","248"
"516","153","A","285"
"516","154","C","322"
"516","155","A","359"
"516","156","C","396"
"516","157","A","433"
"516","158","C","470"
"516","159","B","507"
"516","160","C","544"
"516","161","B","581"
"516","162","D","618"
"516","163","B","655"
"516","164","S","692"
"517","367","C","174"
"517","368","B","211"
"517","369","D","248"
"517","370","B","285"
"517","371","S","322"
"517","372","B","359"
"517","373","S","396"
"517","374","B","433"
"517","375","A","470"
"517","376","C","507"
"517","377","A","544"
"517","378","C","581"
"517","379","A","618"
"517","380","C","655"
"517","381","B","692"
"517","382","C","729"
"517","383","B","766"
"517","384","C","803"
"517","385","B","840"
"517","386","D","877"
"517","387","B","914"
"517","388","S","951"
"517","389","B","988"
"517","390","S","16"
"518","831","B","275"
"518","653","S","752"
"518","475","C","220"
"518","297","B","697"
"518","119","S","165"
"518","950","B","642"
"518","772","A","110"
"518","594","C","587"
"518","416","B","55"
"518","238","S","532"
"518","60","C","0"
"518","891","A","477"
"518","713","C","954"
"518","535","B","422"
"518","357","A","899"
"518","179","C","367"
"518","1","B","844"
"518","832","D","312"
"518","654","B","789"
"518","476","A","257"
"518","298","C","734"
"518","120","B","202"
"518","951","D","679"
"518","773","B","147"
"519","372","B","488"
"519","327","B","841"
"519","435","C","801"
"519","436","B","838"
"519","277","S","0"
"519","385","A","969"
"519","332","A","17"
"519","387","B","34"
"519","334","A","91"
"519","388","C","71"
"519","335","C","128"
"519","337","C","202"
"519","391","B","182"
"519","392","S","219"
"519","339","D","276"
"519","393","B","256"
"519","340","B","313"
"519","341","D","350"
"519","448","C","273"
"519","396","A","367"
"519","343","S","424"
"519","397","C","404"
"519","345","S","498"
"519","346","B","535"
"520","1","S","700"
"520","2","B","737"
"520","3","S","774"
"520","4","B","811"
"520","5","A","848"
"520","6","C","885"
"520","7","A","922"
"521","1","B","786"
"521","2","A","823"
"521","3","B","860"
"521","148","B","171"
"521","4","A","897"
"521","149","S","208"
"521","5","C","934"
"521","150","B","245"
"521","6","A","971"
"521","151","S","282"
"521","7","C","1008"
"521","152","B","319"
"521","153","A","356"
"521","154","C","393"
"521","155","A","430"
"521","156","C","467"
"521","157","A","504"
"521","158","C","541"
"521","159","B","578"
"521","160","C","615"
"521","161","B","652"
"521","162","D","689"
"521","163","B","726"
"521","164","D","763"
"522","367","C","245"
"522","368","B","282"
"522","369","D","319"
"522","370","B","356"
"522","371","D","393"
"522","372","B","430"
"522","373","S","467"
"522","374","B","504"
"522","375","S","541"
"522","376","B","578"
"522","377","A","615"
"522","378","C","652"
"522","379","A","689"
"522","380","C","726"
"522","381","A","763"
"522","382","C","800"
"522","383","B","837"
"522","384","C","874"
"522","385","B","911"
"522","386","D","948"
"522","387","B","985"
"522","388","D","13"
"522","389","B","50"
"522","390","S","87"
"523","831","B","346"
"523","653","S","823"
"523","475","C","291"
"523","297","B","768"
"523","119","D","236"
"523","950","B","713"
"523","772","S","181"
"523","594","C","658"
"523","416","B","126"
"523","238","S","603"
"523","60","C","71"
"523","891","A","548"
"523","713","C","16"
"523","535","B","493"
"523","357","A","970"
"523","179","C","438"
"523","1","B","915"
"523","832","C","383"
"523","654","B","860"
"523","476","A","328"
"523","298","C","805"
"523","120","B","273"
"523","951","D","750"
"523","773","B","218"
"524","372","B","559"
"524","327","B","912"
"524","435","C","872"
"524","436","A","909"
"524","277","S","71"
"524","385","A","31"
"524","332","A","88"
"524","387","B","105"
"524","334","A","162"
"524","388","C","142"
"524","335","C","199"
"524","337","C","273"
"524","391","B","253"
"524","392","D","290"
"524","339","C","347"
"524","393","B","327"
"524","340","B","384"
"524","341","D","421"
"524","448","C","344"
"524","396","S","438"
"524","343","S","495"
"524","397","B","475"
"524","345","S","569"
"524","346","B","606"
"525","615","B","512"
"525","584","S","374"
"525","585","B","411"
"525","591","C","633"
"525","592","A","670"
"525","593","C","707"
"525","596","B","818"
"525","597","D","855"
"525","598","B","892"
"525","599","D","929"
"525","600","B","966"
"525","602","B","31"
"525","605","A","142"
"525","606","C","179"
"525","607","A","216"
"525","608","C","253"
"525","609","A","290"
"525","610","C","327"
"525","611","B","364"
"525","613","B","438"
"526","1","D","771"
"526","2","B","808"
"526","3","S","845"
"526","4","B","882"
"526","5","S","919"
"526","6","B","956"
"526","7","A","993"
"527","1","B","857"
"527","2","S","894"
"527","3","B","931"
"527","148","B","242"
"527","4","A","968"
"527","149","D","279"
"527","5","C","1005"
"527","150","B","316"
"527","6","A","33"
"527","151","S","353"
"527","7","C","70"
"527","152","B","390"
"527","153","A","427"
"527","154","B","464"
"527","155","A","501"
"527","156","C","538"
"527","157","A","575"
"527","158","C","612"
"527","159","A","649"
"527","160","C","686"
"527","161","B","723"
"527","162","C","760"
"527","163","B","797"
"527","164","D","834"
"528","367","C","316"
"528","368","B","353"
"528","369","C","390"
"528","370","B","427"
"528","371","D","464"
"528","372","B","501"
"528","373","S","538"
"528","374","B","575"
"528","375","S","612"
"528","376","B","649"
"528","377","A","686"
"528","378","C","723"
"528","379","A","760"
"528","380","C","797"
"528","381","A","834"
"528","382","C","871"
"528","383","B","908"
"528","384","C","945"
"528","385","B","982"
"528","386","C","10"
"528","387","B","47"
"528","388","D","84"
"528","389","B","121"
"528","390","S","158"
"529","621","C","676"
"529","233","S","446"
"529","854","A","216"
"529","466","B","995"
"529","78","D","765"
"529","699","S","535"
"529","311","B","305"
"529","932","B","75"
"529","544","D","854"
"529","156","A","624"
"529","777","B","394"
"529","389","C","164"
"529","1","A","943"
"529","622","A","713"
"529","234","B","483"
"529","855","C","253"
"529","467","A","23"
"529","79","B","802"
"529","700","B","572"
"529","312","D","342"
"529","933","S","112"
"529","545","B","891"
"529","157","C","661"
"529","778","D","431"
"530","372","B","630"
"530","327","B","983"
"530","435","C","943"
"530","436","A","980"
"530","277","D","142"
"530","385","A","102"
"530","332","A","159"
"530","387","A","176"
"530","334","A","233"
"530","388","C","213"
"530","335","C","270"
"530","337","C","344"
"530","391","B","324"
"530","392","D","361"
"530","339","C","418"
"530","393","B","398"
"530","340","B","455"
"530","341","D","492"
"530","448","B","415"
"530","396","S","509"
"530","343","D","566"
"530","397","B","546"
"530","345","S","640"
"530","346","B","677"
"531","615","B","583"
"531","584","D","445"
"531","585","B","482"
"531","591","C","704"
"531","592","A","741"
"531","593","C","778"
"531","596","B","889"
"531","597","C","926"
"531","598","B","963"
"531","599","D","1000"
"531","600","B","28"
"531","602","B","102"
"531","605","A","213"
"531","606","C","250"
"531","607","A","287"
"531","608","C","324"
"531","609","A","361"
"531","610","C","398"
"531","611","B","435"
"531","613","B","509"
"532","1","D","842"
"532","2","B","879"
"532","3","S","916"
"532","4","B","953"
"532","5","S","990"
"532","6","B","18"
"532","7","A","55"
"533","236","C","499"
"533","237","B","536"
"533","238","C","573"
"533","239","B","610"
"533","240","D","647"
"533","241","B","684"
"533","242","D","721"
"533","243","B","758"
"533","244","S","795"
"533","245","B","832"
"533","246","S","869"
"533","247","B","906"
"533","248","A","943"
"533","249","C","980"
"533","250","A","8"
"533","251","C","45"
"533","252","A","82"
"533","253","C","119"
"533","254","B","156"
"533","255","C","193"
"533","256","B","230"
"533","257","D","267"
"533","258","B","304"
"533","259","D","341"
"534","367","C","387"
"534","368","B","424"
"534","369","C","461"
"534","370","B","498"
"534","371","D","535"
"534","372","B","572"
"534","373","D","609"
"534","374","B","646"
"534","375","S","683"
"534","376","B","720"
"534","377","S","757"
"534","378","B","794"
"534","379","A","831"
"534","380","C","868"
"534","381","A","905"
"534","382","C","942"
"534","383","A","979"
"534","384","C","7"
"534","385","B","44"
"534","386","C","81"
"534","387","B","118"
"534","388","D","155"
"534","389","B","192"
"534","390","D","229"
"535","621","C","747"
"535","233","S","517"
"535","854","A","287"
"535","466","B","57"
"535","78","D","836"
"535","699","S","606"
"535","311","B","376"
"535","932","B","146"
"535","544","C","925"
"535","156","A","695"
"535","777","B","465"
"535","389","C","235"
"535","1","A","5"
"535","622","A","784"
"535","234","B","554"
"535","855","C","324"
"535","467","S","94"
"535","79","B","873"
"535","700","B","643"
"535","312","D","413"
"535","933","S","183"
"535","545","B","962"
"535","157","C","732"
"535","778","D","502"
"536","372","B","701"
"536","327","B","45"
"536","435","C","5"
"536","436","A","42"
"536","277","D","213"
"536","385","A","173"
"536","332","A","230"
"536","387","A","247"
"536","334","A","304"
"536","388","C","284"
"536","335","C","341"
"536","337","C","415"
"536","391","B","395"
"536","392","D","432"
"536","339","C","489"
"536","393","B","469"
"536","340","B","526"
"536","341","C","563"
"536","448","B","486"
"536","396","S","580"
"536","343","D","637"
"536","397","B","617"
"536","345","S","711"
"536","346","B","748"
"537","615","B","654"
"537","584","D","516"
"537","585","B","553"
"537","591","C","775"
"537","592","A","812"
"537","593","C","849"
"537","596","B","960"
"537","597","C","997"
"537","598","B","25"
"537","599","D","62"
"537","600","B","99"
"537","602","B","173"
"537","605","S","284"
"537","606","B","321"
"537","607","A","358"
"537","608","C","395"
"537","609","A","432"
"537","610","C","469"
"537","611","A","506"
"537","613","B","580"
"538","1","D","913"
"538","2","B","950"
"538","3","D","987"
"538","4","B","15"
"538","5","S","52"
"538","6","B","89"
"538","7","S","126"
"539","236","C","570"
"539","237","A","607"
"539","238","C","644"
"539","239","B","681"
"539","240","C","718"
"539","241","B","755"
"539","242","D","792"
"539","243","B","829"
"539","244","D","866"
"539","245","B","903"
"539","246","S","940"
"539","247","B","977"
"539","248","A","5"
"539","249","B","42"
"539","250","A","79"
"539","251","C","116"
"539","252","A","153"
"539","253","C","190"
"539","254","A","227"
"539","255","C","264"
"539","256","B","301"
"539","257","C","338"
"539","258","B","375"
"539","259","D","412"
"540","367","C","458"
"540","368","A","495"
"540","369","C","532"
"540","370","B","569"
"540","371","C","606"
"540","372","B","643"
"540","373","D","680"
"540","374","B","717"
"540","375","S","754"
"540","376","B","791"
"540","377","S","828"
"540","378","B","865"
"540","379","A","902"
"540","380","C","939"
"540","381","A","976"
"540","382","C","4"
"540","383","A","41"
"540","384","C","78"
"540","385","B","115"
"540","386","C","152"
"540","387","B","189"
"540","388","C","226"
"540","389","B","263"
"540","390","D","300"
"541","621","C","818"
"541","233","S","588"
"541","854","A","358"
"541","466","B","128"
"541","78","C","907"
"541","699","S","677"
"541","311","B","447"
"541","932","B","217"
"541","544","C","996"
"541","156","A","766"
"541","777","B","536"
"541","389","C","306"
"541","1","S","76"
"541","622","A","855"
"541","234","B","625"
"541","855","C","395"
"541","467","S","165"
"541","79","B","944"
"541","700","B","714"
"541","312","D","484"
"541","933","S","254"
"541","545","B","24"
"541","157","C","803"
"541","778","C","573"
"542","372","A","772"
"542","327","B","116"
"542","435","C","76"
"542","436","A","113"
"542","277","D","284"
"542","385","A","244"
"542","332","S","301"
"542","387","A","318"
"542","334","A","375"
"542","388","C","355"
"542","335","C","412"
"542","337","C","486"
"542","391","B","466"
"542","392","C","503"
"542","339","C","560"
"542","393","B","540"
"542","340","B","597"
"542","341","C","634"
"542","448","B","557"
"542","396","S","651"
"542","343","D","708"
"542","397","B","688"
"542","345","D","782"
"542","346","B","819"
"543","615","B","725"
"543","584","D","587"
"543","585","B","624"
"543","591","B","846"
"543","592","A","883"
"543","593","C","920"
"543","596","A","22"
"543","597","C","59"
"543","598","B","96"
"543","599","C","133"
"543","600","B","170"
"543","602","B","244"
"543","605","S","355"
"543","606","B","392"
"543","607","A","429"
"543","608","C","466"
"543","609","A","503"
"543","610","C","540"
"543","611","A","577"
"543","613","B","651"
"544","1","C","984"
"544","2","B","12"
"544","3","D","49"
"544","4","B","86"
"544","5","S","123"
"544","6","B","160"
"544","7","S","197"
"545","236","C","641"
"545","237","A","678"
"545","238","C","715"
"545","239","B","752"
"545","240","C","789"
"545","241","B","826"
"545","242","D","863"
"545","243","B","900"
"545","244","D","937"
"545","245","B","974"
"545","246","S","2"
"545","247","B","39"
"545","248","S","76"
"545","249","B","113"
"545","250","A","150"
"545","251","C","187"
"545","252","A","224"
"545","253","C","261"
"545","254","A","298"
"545","255","C","335"
"545","256","B","372"
"545","257","C","409"
"545","258","B","446"
"545","259","D","483"
"546","367","C","529"
"546","368","A","566"
"546","369","C","603"
"546","370","B","640"
"546","371","C","677"
"546","372","B","714"
"546","373","D","751"
"546","374","B","788"
"546","375","D","825"
"546","376","B","862"
"546","377","S","899"
"546","378","B","936"
"546","379","S","973"
"546","380","B","1"
"546","381","A","38"
"546","382","C","75"
"546","383","A","112"
"546","384","C","149"
"546","385","A","186"
"546","386","C","223"
"546","387","B","260"
"546","388","C","297"
"546","389","B","334"
"546","390","D","371"
"547","621","B","889"
"547","233","S","659"
"547","854","A","429"
"547","466","B","199"
"547","78","C","978"
"547","699","D","748"
"547","311","B","518"
"547","932","B","288"
"547","544","C","58"
"547","156","A","837"
"547","777","B","607"
"547","389","C","377"
"547","1","S","147"
"547","622","A","926"
"547","234","B","696"
"547","855","C","466"
"547","467","S","236"
"547","79","B","6"
"547","700","B","785"
"547","312","C","555"
"547","933","S","325"
"547","545","B","95"
"547","157","C","874"
"547","778","C","644"
"548","831","A","630"
"548","653","C","98"
"548","475","B","575"
"548","297","A","43"
"548","119","C","520"
"548","950","B","997"
"548","772","D","465"
"548","594","B","942"
"548","416","A","410"
"548","238","D","887"
"548","60","B","355"
"548","891","S","832"
"548","713","C","300"
"548","535","B","777"
"548","357","S","245"
"548","179","C","722"
"548","1","B","190"
"548","832","C","667"
"548","654","B","135"
"548","476","S","612"
"548","298","C","80"
"548","120","B","557"
"548","951","C","25"
"548","773","B","502"
"549","615","B","796"
"549","584","D","658"
"549","585","B","695"
"549","591","B","917"
"549","592","A","954"
"549","593","C","991"
"549","596","A","93"
"549","597","C","130"
"549","598","B","167"
"549","599","C","204"
"549","600","B","241"
"549","602","B","315"
"549","605","S","426"
"549","606","B","463"
"549","607","S","500"
"549","608","B","537"
"549","609","A","574"
"549","610","C","611"
"549","611","A","648"
"549","613","A","722"
"550","1","C","46"
"550","2","B","83"
"550","3","D","120"
"550","4","B","157"
"550","5","D","194"
"550","6","B","231"
"550","7","S","268"
"551","236","C","712"
"551","237","A","749"
"551","238","C","786"
"551","239","A","823"
"551","240","C","860"
"551","241","B","897"
"551","242","C","934"
"551","243","B","971"
"551","244","D","1008"
"551","245","B","36"
"551","246","D","73"
"551","247","B","110"
"551","248","S","147"
"551","249","B","184"
"551","250","A","221"
"551","251","B","258"
"551","252","A","295"
"551","253","C","332"
"551","254","A","369"
"551","255","C","406"
"551","256","A","443"
"551","257","C","480"
"551","258","B","517"
"551","259","C","554"
"552","1","B","132"
"552","2","D","169"
"552","3","B","206"
"552","148","B","526"
"552","4","S","243"
"552","149","C","563"
"552","5","B","280"
"552","150","B","600"
"552","6","S","317"
"552","151","D","637"
"552","7","B","354"
"552","152","B","674"
"552","153","D","711"
"552","154","B","748"
"552","155","S","785"
"552","156","B","822"
"552","157","A","859"
"552","158","B","896"
"552","159","A","933"
"552","160","C","970"
"552","161","A","1007"
"552","162","C","35"
"552","163","A","72"
"552","164","C","109"
"553","621","B","960"
"553","233","D","730"
"553","854","A","500"
"553","466","B","270"
"553","78","C","40"
"553","699","D","819"
"553","311","B","589"
"553","932","B","359"
"553","544","C","129"
"553","156","A","908"
"553","777","A","678"
"553","389","C","448"
"553","1","S","218"
"553","622","A","997"
"553","234","B","767"
"553","855","B","537"
"553","467","D","307"
"553","79","B","77"
"553","700","B","856"
"553","312","C","626"
"553","933","D","396"
"553","545","B","166"
"553","157","C","945"
"553","778","C","715"
"554","831","A","701"
"554","653","C","169"
"554","475","B","646"
"554","297","A","114"
"554","119","C","591"
"554","950","A","59"
"554","772","D","536"
"554","594","B","4"
"554","416","A","481"
"554","238","D","958"
"554","60","B","426"
"554","891","S","903"
"554","713","C","371"
"554","535","B","848"
"554","357","D","316"
"554","179","B","793"
"554","1","B","261"
"554","832","C","738"
"554","654","B","206"
"554","476","S","683"
"554","298","C","151"
"554","120","B","628"
"554","951","C","96"
"554","773","B","573"
"555","615","B","867"
"555","584","C","729"
"555","585","B","766"
"555","591","B","988"
"555","592","A","16"
"555","593","B","53"
"555","596","A","164"
"555","597","C","201"
"555","598","A","238"
"555","599","C","275"
"555","600","B","312"
"555","602","B","386"
"555","605","S","497"
"555","606","B","534"
"555","607","S","571"
"555","608","B","608"
"555","609","A","645"
"555","610","C","682"
"555","611","A","719"
"555","613","A","793"
"556","236","C","783"
"556","237","A","820"
"556","238","C","857"
"556","239","A","894"
"556","240","C","931"
"556","241","B","968"
"556","242","C","1005"
"556","243","B","33"
"556","244","D","70"
"556","245","B","107"
"556","246","D","144"
"556","247","B","181"
"556","248","S","218"
"556","249","B","255"
"556","250","S","292"
"556","251","B","329"
"556","252","A","366"
"556","253","C","403"
"556","254","A","440"
"556","255","C","477"
"556","256","A","514"
"556","257","C","551"
"556","258","B","588"
"556","259","C","625"
"557","1","B","203"
"557","2","D","240"
"557","3","B","277"
"557","148","B","597"
"557","4","D","314"
"557","149","C","634"
"557","5","B","351"
"557","150","B","671"
"557","6","S","388"
"557","151","D","708"
"557","7","B","425"
"557","152","B","745"
"557","153","D","782"
"557","154","B","819"
"557","155","S","856"
"557","156","B","893"
"557","157","S","930"
"557","158","B","967"
"557","159","A","1004"
"557","160","C","32"
"557","161","A","69"
"557","162","C","106"
"557","163","A","143"
"557","164","C","180"
"558","621","B","22"
"558","233","D","801"
"558","854","S","571"
"558","466","B","341"
"558","78","C","111"
"558","699","D","890"
"558","311","A","660"
"558","932","B","430"
"558","544","C","200"
"558","156","A","979"
"558","777","A","749"
"558","389","B","519"
"558","1","D","289"
"558","622","A","59"
"558","234","B","838"
"558","855","B","608"
"558","467","D","378"
"558","79","B","148"
"558","700","B","927"
"558","312","C","697"
"558","933","D","467"
"558","545","B","237"
"558","157","C","7"
"558","778","C","786"
"559","831","A","772"
"559","653","C","240"
"559","475","B","717"
"559","297","A","185"
"559","119","C","662"
"559","950","A","130"
"559","772","D","607"
"559","594","B","75"
"559","416","A","552"
"559","238","C","20"
"559","60","B","497"
"559","891","D","974"
"559","713","B","442"
"559","535","A","919"
"559","357","D","387"
"559","179","B","864"
"559","1","A","332"
"559","832","C","809"
"559","654","B","277"
"559","476","S","754"
"559","298","C","222"
"559","120","B","699"
"559","951","C","167"
"559","773","B","644"
"560","615","A","938"
"560","584","C","800"
"560","585","B","837"
"560","591","B","50"
"560","592","S","87"
"560","593","B","124"
"560","596","A","235"
"560","597","C","272"
"560","598","A","309"
"560","599","C","346"
"560","600","B","383"
"560","602","B","457"
"560","605","D","568"
"560","606","B","605"
"560","607","S","642"
"560","608","B","679"
"560","609","S","716"
"560","610","B","753"
"560","611","A","790"
"560","613","A","864"
